  0
SECTION
  2
HEADER
  9
$ACADVER
  1
AC1024
  9
$ACADMAINTVER
 70
6
  9
$DWGCODEPAGE
  3
ANSI_1252
  9
$LASTSAVEDBY
  1
ezdxf
  9
$INSBASE
 10
0.0
 20
0.0
 30
0.0
  9
$EXTMIN
 10
1e+20
 20
1e+20
 30
1e+20
  9
$EXTMAX
 10
-1e+20
 20
-1e+20
 30
-1e+20
  9
$LIMMIN
 10
0.0
 20
0.0
  9
$LIMMAX
 10
420.0
 20
297.0
  9
$ORTHOMODE
 70
0
  9
$REGENMODE
 70
1
  9
$FILLMODE
 70
1
  9
$QTEXTMODE
 70
0
  9
$MIRRTEXT
 70
1
  9
$LTSCALE
 40
1.0
  9
$ATTMODE
 70
1
  9
$TEXTSIZE
 40
2.5
  9
$TRACEWID
 40
1.0
  9
$TEXTSTYLE
  7
Standard
  9
$CLAYER
  8
0
  9
$CELTYPE
  6
ByLayer
  9
$CECOLOR
 62
256
  9
$CELTSCALE
 40
1.0
  9
$DISPSILH
 70
0
  9
$DIMSCALE
 40
1.0
  9
$DIMASZ
 40
2.5
  9
$DIMEXO
 40
0.625
  9
$DIMDLI
 40
3.75
  9
$DIMRND
 40
0.0
  9
$DIMDLE
 40
0.0
  9
$DIMEXE
 40
1.25
  9
$DIMTP
 40
0.0
  9
$DIMTM
 40
0.0
  9
$DIMTXT
 40
2.5
  9
$DIMCEN
 40
2.5
  9
$DIMTSZ
 40
0.0
  9
$DIMTOL
 70
0
  9
$DIMLIM
 70
0
  9
$DIMTIH
 70
0
  9
$DIMTOH
 70
0
  9
$DIMSE1
 70
0
  9
$DIMSE2
 70
0
  9
$DIMTAD
 70
1
  9
$DIMZIN
 70
8
  9
$DIMBLK
  1

  9
$DIMASO
 70
1
  9
$DIMSHO
 70
1
  9
$DIMPOST
  1

  9
$DIMAPOST
  1

  9
$DIMALT
 70
0
  9
$DIMALTD
 70
3
  9
$DIMALTF
 40
0.03937007874
  9
$DIMLFAC
 40
1.0
  9
$DIMTOFL
 70
1
  9
$DIMTVP
 40
0.0
  9
$DIMTIX
 70
0
  9
$DIMSOXD
 70
0
  9
$DIMSAH
 70
0
  9
$DIMBLK1
  1

  9
$DIMBLK2
  1

  9
$DIMSTYLE
  2
ISO-25
  9
$DIMCLRD
 70
0
  9
$DIMCLRE
 70
0
  9
$DIMCLRT
 70
0
  9
$DIMTFAC
 40
1.0
  9
$DIMGAP
 40
0.625
  9
$DIMJUST
 70
0
  9
$DIMSD1
 70
0
  9
$DIMSD2
 70
0
  9
$DIMTOLJ
 70
0
  9
$DIMTZIN
 70
8
  9
$DIMALTZ
 70
0
  9
$DIMALTTZ
 70
0
  9
$DIMUPT
 70
0
  9
$DIMDEC
 70
2
  9
$DIMTDEC
 70
2
  9
$DIMALTU
 70
2
  9
$DIMALTTD
 70
3
  9
$DIMTXSTY
  7
Standard
  9
$DIMAUNIT
 70
0
  9
$DIMADEC
 70
0
  9
$DIMALTRND
 40
0.0
  9
$DIMAZIN
 70
0
  9
$DIMDSEP
 70
44
  9
$DIMATFIT
 70
3
  9
$DIMFRAC
 70
0
  9
$DIMLDRBLK
  1

  9
$DIMLUNIT
 70
2
  9
$DIMLWD
 70
-2
  9
$DIMLWE
 70
-2
  9
$DIMTMOVE
 70
0
  9
$DIMFXL
 40
1.0
  9
$DIMFXLON
 70
0
  9
$DIMJOGANG
 40
0.785398163397
  9
$DIMTFILL
 70
0
  9
$DIMTFILLCLR
 70
0
  9
$DIMARCSYM
 70
0
  9
$DIMLTYPE
  6

  9
$DIMLTEX1
  6

  9
$DIMLTEX2
  6

  9
$DIMTXTDIRECTION
 70
0
  9
$LUNITS
 70
2
  9
$LUPREC
 70
4
  9
$SKETCHINC
 40
1.0
  9
$FILLETRAD
 40
10.0
  9
$AUNITS
 70
0
  9
$AUPREC
 70
2
  9
$MENU
  1
.
  9
$ELEVATION
 40
0.0
  9
$PELEVATION
 40
0.0
  9
$THICKNESS
 40
0.0
  9
$LIMCHECK
 70
0
  9
$CHAMFERA
 40
0.0
  9
$CHAMFERB
 40
0.0
  9
$CHAMFERC
 40
0.0
  9
$CHAMFERD
 40
0.0
  9
$SKPOLY
 70
0
  9
$TDCREATE
 40
2461322.439837963
  9
$TDUCREATE
 40
2458532.153996898
  9
$TDUPDATE
 40
2461322.439837963
  9
$TDUUPDATE
 40
2458532.1544311
  9
$TDINDWG
 40
0.0
  9
$TDUSRTIMER
 40
0.0
  9
$USRTIMER
 70
1
  9
$ANGBASE
 50
0.0
  9
$ANGDIR
 70
0
  9
$PDMODE
 70
0
  9
$PDSIZE
 40
0.0
  9
$PLINEWID
 40
0.0
  9
$SPLFRAME
 70
0
  9
$SPLINETYPE
 70
6
  9
$SPLINESEGS
 70
8
  9
$HANDSEED
  5
7C
  9
$SURFTAB1
 70
6
  9
$SURFTAB2
 70
6
  9
$SURFTYPE
 70
6
  9
$SURFU
 70
6
  9
$SURFV
 70
6
  9
$UCSBASE
  2

  9
$UCSNAME
  2

  9
$UCSORG
 10
0.0
 20
0.0
 30
0.0
  9
$UCSXDIR
 10
1.0
 20
0.0
 30
0.0
  9
$UCSYDIR
 10
0.0
 20
1.0
 30
0.0
  9
$UCSORTHOREF
  2

  9
$UCSORTHOVIEW
 70
0
  9
$UCSORGTOP
 10
0.0
 20
0.0
 30
0.0
  9
$UCSORGBOTTOM
 10
0.0
 20
0.0
 30
0.0
  9
$UCSORGLEFT
 10
0.0
 20
0.0
 30
0.0
  9
$UCSORGRIGHT
 10
0.0
 20
0.0
 30
0.0
  9
$UCSORGFRONT
 10
0.0
 20
0.0
 30
0.0
  9
$UCSORGBACK
 10
0.0
 20
0.0
 30
0.0
  9
$PUCSBASE
  2

  9
$PUCSNAME
  2

  9
$PUCSORG
 10
0.0
 20
0.0
 30
0.0
  9
$PUCSXDIR
 10
1.0
 20
0.0
 30
0.0
  9
$PUCSYDIR
 10
0.0
 20
1.0
 30
0.0
  9
$PUCSORTHOREF
  2

  9
$PUCSORTHOVIEW
 70
0
  9
$PUCSORGTOP
 10
0.0
 20
0.0
 30
0.0
  9
$PUCSORGBOTTOM
 10
0.0
 20
0.0
 30
0.0
  9
$PUCSORGLEFT
 10
0.0
 20
0.0
 30
0.0
  9
$PUCSORGRIGHT
 10
0.0
 20
0.0
 30
0.0
  9
$PUCSORGFRONT
 10
0.0
 20
0.0
 30
0.0
  9
$PUCSORGBACK
 10
0.0
 20
0.0
 30
0.0
  9
$USERI1
 70
0
  9
$USERI2
 70
0
  9
$USERI3
 70
0
  9
$USERI4
 70
0
  9
$USERI5
 70
0
  9
$USERR1
 40
0.0
  9
$USERR2
 40
0.0
  9
$USERR3
 40
0.0
  9
$USERR4
 40
0.0
  9
$USERR5
 40
0.0
  9
$WORLDVIEW
 70
1
  9
$SHADEDGE
 70
3
  9
$SHADEDIF
 70
70
  9
$TILEMODE
 70
1
  9
$MAXACTVP
 70
64
  9
$PINSBASE
 10
0.0
 20
0.0
 30
0.0
  9
$PLIMCHECK
 70
0
  9
$PEXTMIN
 10
1e+20
 20
1e+20
 30
1e+20
  9
$PEXTMAX
 10
-1e+20
 20
-1e+20
 30
-1e+20
  9
$PLIMMIN
 10
0.0
 20
0.0
  9
$PLIMMAX
 10
420.0
 20
297.0
  9
$UNITMODE
 70
0
  9
$VISRETAIN
 70
1
  9
$PLINEGEN
 70
0
  9
$PSLTSCALE
 70
1
  9
$TREEDEPTH
 70
3020
  9
$CMLSTYLE
  2
Standard
  9
$CMLJUST
 70
0
  9
$CMLSCALE
 40
20.0
  9
$PROXYGRAPHICS
 70
1
  9
$MEASUREMENT
 70
1
  9
$CELWEIGHT
370
-1
  9
$ENDCAPS
280
0
  9
$JOINSTYLE
280
0
  9
$LWDISPLAY
290
0
  9
$INSUNITS
 70
6
  9
$HYPERLINKBASE
  1

  9
$STYLESHEET
  1

  9
$XEDIT
290
1
  9
$CEPSNTYPE
380
0
  9
$PSTYLEMODE
290
1
  9
$FINGERPRINTGUID
  2
{371CE67F-26A2-4EDD-926B-9F598648202A}
  9
$VERSIONGUID
  2
{4830875B-FD2D-4EBE-B1ED-2BFC5BDA0B73}
  9
$EXTNAMES
290
1
  9
$PSVPSCALE
 40
0.0
  9
$OLESTARTUP
290
0
  9
$SORTENTS
280
127
  9
$INDEXCTL
280
0
  9
$HIDETEXT
280
1
  9
$XCLIPFRAME
280
1
  9
$HALOGAP
280
0
  9
$OBSCOLOR
 70
257
  9
$OBSLTYPE
280
0
  9
$INTERSECTIONDISPLAY
280
0
  9
$INTERSECTIONCOLOR
 70
257
  9
$DIMASSOC
280
2
  9
$PROJECTNAME
  1

  9
$CAMERADISPLAY
290
0
  9
$LENSLENGTH
 40
50.0
  9
$CAMERAHEIGHT
 40
0.0
  9
$STEPSPERSEC
 40
24.0
  9
$STEPSIZE
 40
100.0
  9
$3DDWFPREC
 40
2.0
  9
$PSOLWIDTH
 40
0.005
  9
$PSOLHEIGHT
 40
0.08
  9
$LOFTANG1
 40
1.570796326795
  9
$LOFTANG2
 40
1.570796326795
  9
$LOFTMAG1
 40
0.0
  9
$LOFTMAG2
 40
0.0
  9
$LOFTPARAM
 70
7
  9
$LOFTNORMALS
280
1
  9
$LATITUDE
 40
37.795
  9
$LONGITUDE
 40
-122.394
  9
$NORTHDIRECTION
 40
0.0
  9
$TIMEZONE
 70
-8000
  9
$LIGHTGLYPHDISPLAY
280
1
  9
$TILEMODELIGHTSYNCH
280
1
  9
$CMATERIAL
347
20
  9
$SOLIDHIST
280
0
  9
$SHOWHIST
280
1
  9
$DWFFRAME
280
2
  9
$DGNFRAME
280
2
  9
$REALWORLDSCALE
290
1
  9
$INTERFERECOLOR
 62
256
  9
$CSHADOW
280
0
  9
$SHADOWPLANELOCATION
 40
0.0
  0
ENDSEC
  0
SECTION
  2
CLASSES
  0
CLASS
  1
ACDBDICTIONARYWDFLT
  2
AcDbDictionaryWithDefault
  3
ObjectDBX Classes
 90
0
 91
0
280
0
281
0
  0
CLASS
  1
SUN
  2
AcDbSun
  3
SCENEOE
 90
1153
 91
0
280
0
281
0
  0
CLASS
  1
VISUALSTYLE
  2
AcDbVisualStyle
  3
ObjectDBX Classes
 90
4095
 91
0
280
0
281
0
  0
CLASS
  1
MATERIAL
  2
AcDbMaterial
  3
ObjectDBX Classes
 90
1153
 91
0
280
0
281
0
  0
CLASS
  1
SCALE
  2
AcDbScale
  3
ObjectDBX Classes
 90
1153
 91
0
280
0
281
0
  0
CLASS
  1
TABLESTYLE
  2
AcDbTableStyle
  3
ObjectDBX Classes
 90
4095
 91
0
280
0
281
0
  0
CLASS
  1
MLEADERSTYLE
  2
AcDbMLeaderStyle
  3
ACDB_MLEADERSTYLE_CLASS
 90
4095
 91
0
280
0
281
0
  0
CLASS
  1
DICTIONARYVAR
  2
AcDbDictionaryVar
  3
ObjectDBX Classes
 90
0
 91
0
280
0
281
0
  0
CLASS
  1
CELLSTYLEMAP
  2
AcDbCellStyleMap
  3
ObjectDBX Classes
 90
1152
 91
0
280
0
281
0
  0
CLASS
  1
MENTALRAYRENDERSETTINGS
  2
AcDbMentalRayRenderSettings
  3
SCENEOE
 90
1024
 91
0
280
0
281
0
  0
CLASS
  1
ACDBDETAILVIEWSTYLE
  2
AcDbDetailViewStyle
  3
ObjectDBX Classes
 90
1025
 91
0
280
0
281
0
  0
CLASS
  1
ACDBSECTIONVIEWSTYLE
  2
AcDbSectionViewStyle
  3
ObjectDBX Classes
 90
1025
 91
0
280
0
281
0
  0
CLASS
  1
RASTERVARIABLES
  2
AcDbRasterVariables
  3
ISM
 90
0
 91
0
280
0
281
0
  0
CLASS
  1
ACDBPLACEHOLDER
  2
AcDbPlaceHolder
  3
ObjectDBX Classes
 90
0
 91
0
280
0
281
0
  0
CLASS
  1
LAYOUT
  2
AcDbLayout
  3
ObjectDBX Classes
 90
0
 91
0
280
0
281
0
  0
ENDSEC
  0
SECTION
  2
TABLES
  0
TABLE
  2
VPORT
  5
8
330
0
100
AcDbSymbolTable
 70
1
  0
VPORT
  5
23
330
8
100
AcDbSymbolTableRecord
100
AcDbViewportTableRecord
  2
*Active
 70
0
 10
0.0
 20
0.0
 11
1.0
 21
1.0
 12
0.0
 22
0.0
 13
0.0
 23
0.0
 14
0.5
 24
0.5
 15
0.5
 25
0.5
 16
0.0
 26
0.0
 36
1.0
 17
0.0
 27
0.0
 37
0.0
 40
1000.0
 41
1.34
 42
50.0
 43
0.0
 44
0.0
 50
0.0
 51
0.0
 71
0
 72
1000
 73
1
 74
3
 75
0
 76
0
 77
0
 78
0
281
0
 65
0
146
0.0
  0
ENDTAB
  0
TABLE
  2
LTYPE
  5
2
330
0
100
AcDbSymbolTable
 70
3
  0
LTYPE
  5
24
330
2
100
AcDbSymbolTableRecord
100
AcDbLinetypeTableRecord
  2
ByBlock
 70
0
  3

 72
65
 73
0
 40
0.0
  0
LTYPE
  5
25
330
2
100
AcDbSymbolTableRecord
100
AcDbLinetypeTableRecord
  2
ByLayer
 70
0
  3

 72
65
 73
0
 40
0.0
  0
LTYPE
  5
26
330
2
100
AcDbSymbolTableRecord
100
AcDbLinetypeTableRecord
  2
Continuous
 70
0
  3

 72
65
 73
0
 40
0.0
  0
ENDTAB
  0
TABLE
  2
LAYER
  5
1
330
0
100
AcDbSymbolTable
 70
2
  0
LAYER
  5
27
330
1
100
AcDbSymbolTableRecord
100
AcDbLayerTableRecord
  2
0
 70
0
 62
7
  6
Continuous
370
-3
390
13
347
21
  0
LAYER
  5
28
330
1
100
AcDbSymbolTableRecord
100
AcDbLayerTableRecord
  2
Defpoints
 70
0
 62
7
  6
Continuous
290
0
370
-3
390
13
347
21
  0
ENDTAB
  0
TABLE
  2
STYLE
  5
5
330
0
100
AcDbSymbolTable
 70
1
  0
STYLE
  5
29
330
5
100
AcDbSymbolTableRecord
100
AcDbTextStyleTableRecord
  2
Standard
 70
0
 40
0.0
 41
1.0
 50
0.0
 71
0
 42
2.5
  3
txt
  4

  0
ENDTAB
  0
TABLE
  2
VIEW
  5
7
330
0
100
AcDbSymbolTable
 70
0
  0
ENDTAB
  0
TABLE
  2
UCS
  5
6
330
0
100
AcDbSymbolTable
 70
0
  0
ENDTAB
  0
TABLE
  2
APPID
  5
3
330
0
100
AcDbSymbolTable
 70
3
  0
APPID
  5
2A
330
3
100
AcDbSymbolTableRecord
100
AcDbRegAppTableRecord
  2
ACAD
 70
0
  0
APPID
  5
79
330
3
100
AcDbSymbolTableRecord
100
AcDbRegAppTableRecord
  2
HATCHBACKGROUNDCOLOR
 70
0
  0
APPID
  5
7A
330
3
100
AcDbSymbolTableRecord
100
AcDbRegAppTableRecord
  2
EZDXF
 70
0
  0
ENDTAB
  0
TABLE
  2
DIMSTYLE
  5
4
330
0
100
AcDbSymbolTable
 70
1
100
AcDbDimStyleTable
  0
DIMSTYLE
105
2B
330
4
100
AcDbSymbolTableRecord
100
AcDbDimStyleTableRecord
  2
Standard
 70
0
 40
1.0
 41
2.5
 42
0.625
 43
3.75
 44
1.25
 45
0.0
 46
0.0
 47
0.0
 48
0.0
 49
2.5
140
2.5
141
2.5
142
0.0
143
0.03937007874
144
1.0
145
0.0
146
1.0
147
0.625
148
0.0
 69
0
 70
0
 71
0
 72
0
 73
0
 74
0
 75
0
 76
0
 77
1
 78
8
 79
3
170
0
171
3
172
1
173
0
174
0
175
0
176
0
177
0
178
0
179
2
271
2
272
2
273
2
274
3
275
0
276
0
277
2
278
44
279
0
280
0
281
0
282
0
283
0
284
8
285
0
286
0
288
0
289
3
290
0
371
-2
372
-2
  0
ENDTAB
  0
TABLE
  2
BLOCK_RECORD
  5
9
330
0
100
AcDbSymbolTable
 70
2
  0
BLOCK_RECORD
  5
17
330
9
100
AcDbSymbolTableRecord
100
AcDbBlockTableRecord
  2
*Model_Space
340
1A
 70
0
280
1
281
0
  0
BLOCK_RECORD
  5
1B
330
9
100
AcDbSymbolTableRecord
100
AcDbBlockTableRecord
  2
*Paper_Space
340
1E
 70
0
280
1
281
0
  0
ENDTAB
  0
ENDSEC
  0
SECTION
  2
BLOCKS
  0
BLOCK
  5
18
330
17
100
AcDbEntity
  8
0
100
AcDbBlockBegin
  2
*Model_Space
 70
0
 10
0.0
 20
0.0
 30
0.0
  3
*Model_Space
  1

  0
ENDBLK
  5
19
330
17
100
AcDbEntity
  8
0
100
AcDbBlockEnd
  0
BLOCK
  5
1C
330
1B
100
AcDbEntity
  8
0
100
AcDbBlockBegin
  2
*Paper_Space
 70
0
 10
0.0
 20
0.0
 30
0.0
  3
*Paper_Space
  1

  0
ENDBLK
  5
1D
330
1B
100
AcDbEntity
  8
0
100
AcDbBlockEnd
  0
ENDSEC
  0
SECTION
  2
ENTITIES
  0
LWPOLYLINE
  5
2F
330
17
100
AcDbEntity
  8
0
100
AcDbPolyline
 90
1239
 70
1
 10
78.6765
 20
36.99933333333333
 10
78.4225
 20
36.97816666666667
 10
78.33783333333334
 20
36.957
 10
78.25316666666666
 20
36.935833333333335
 10
78.1685
 20
36.91466666666667
 10
78.105
 20
36.893499999999996
 10
78.0415
 20
36.851166666666664
 10
77.99916666666667
 20
36.851166666666664
 10
77.80866666666667
 20
36.745333333333335
 10
77.74516666666666
 20
36.72416666666667
 10
77.6605
 20
36.72416666666667
 10
77.57583333333334
 20
36.702999999999996
 10
77.51233333333333
 20
36.68183333333333
 10
77.38533333333334
 20
36.61833333333333
 10
77.343
 20
36.576
 10
77.216
 20
36.512499999999996
 10
77.17366666666666
 20
36.512499999999996
 10
77.13133333333333
 20
36.49133333333333
 10
77.04666666666667
 20
36.406666666666666
 10
76.91966666666667
 20
36.34316666666667
 10
76.85616666666667
 20
36.34316666666667
 10
76.79266666666666
 20
36.30083333333333
 10
76.75033333333333
 20
36.216166666666666
 10
76.66566666666667
 20
36.131499999999996
 10
76.55983333333333
 20
36.089166666666664
 10
76.5175
 20
36.04683333333333
 10
76.3905
 20
35.898666666666664
 10
76.327
 20
35.8775
 10
76.28466666666667
 20
35.835166666666666
 10
76.24233333333333
 20
35.792833333333334
 10
76.11533333333333
 20
35.66583333333333
 10
76.05183333333333
 20
35.58116666666667
 10
75.98833333333333
 20
35.4965
 10
75.946
 20
35.39066666666667
 10
75.90366666666667
 20
35.34833333333333
 10
75.8825
 20
35.28483333333333
 10
75.84016666666666
 20
35.2425
 10
75.79783333333333
 20
35.13666666666666
 10
75.73433333333332
 20
35.073166666666665
 10
75.67083333333333
 20
34.9885
 10
75.64966666666666
 20
34.925
 10
75.6285
 20
34.8615
 10
75.60733333333333
 20
34.798
 10
75.60733333333333
 20
34.75566666666666
 10
75.58616666666667
 20
34.692166666666665
 10
75.54383333333332
 20
34.62866666666667
 10
75.54383333333332
 20
34.586333333333336
 10
75.5015
 20
34.52283333333333
 10
75.5015
 20
34.45933333333333
 10
75.48033333333333
 20
34.395833333333336
 10
75.3745
 20
34.205333333333336
 10
75.3745
 20
33.99366666666666
 10
75.35333333333332
 20
33.909
 10
75.33216666666667
 20
33.824333333333335
 10
75.31099999999999
 20
33.739666666666665
 10
75.26866666666666
 20
33.655
 10
75.2475
 20
33.591499999999996
 10
75.2475
 20
33.549166666666665
 10
75.28983333333333
 20
33.4645
 10
75.31099999999999
 20
33.3375
 10
75.33216666666667
 20
33.18933333333333
 10
75.33216666666667
 20
32.829499999999996
 10
75.35333333333332
 20
32.766
 10
75.45916666666666
 20
32.5755
 10
75.48033333333333
 20
32.512
 10
75.5015
 20
32.406166666666664
 10
75.52266666666667
 20
32.3215
 10
75.54383333333332
 20
32.215666666666664
 10
75.54383333333332
 20
32.08866666666667
 10
75.565
 20
32.025166666666664
 10
75.60733333333333
 20
31.961666666666666
 10
75.60733333333333
 20
31.91933333333333
 10
75.6285
 20
31.855833333333333
 10
75.64966666666666
 20
31.792333333333332
 10
75.71316666666667
 20
31.665333333333333
 10
75.7555
 20
31.622999999999998
 10
75.946
 20
31.22083333333333
 10
75.98833333333333
 20
31.1785
 10
76.05183333333333
 20
31.03033333333333
 10
76.09416666666667
 20
30.988
 10
76.11533333333333
 20
30.9245
 10
76.28466666666667
 20
30.755166666666664
 10
76.581
 20
30.48
 10
76.62333333333333
 20
30.48
 10
76.66566666666667
 20
30.45883333333333
 10
76.72916666666667
 20
30.395333333333333
 10
76.75033333333333
 20
30.352999999999998
 10
76.75033333333333
 20
30.310666666666666
 10
76.7715
 20
30.26833333333333
 10
76.81383333333333
 20
30.226
 10
77.04666666666667
 20
30.120166666666666
 10
77.11016666666666
 20
30.07783333333333
 10
77.19483333333334
 20
29.993166666666667
 10
77.25833333333333
 20
29.971999999999998
 10
77.30066666666666
 20
29.971999999999998
 10
77.36416666666666
 20
29.929666666666666
 10
77.42766666666667
 20
29.9085
 10
77.49116666666666
 20
29.887333333333334
 10
77.597
 20
29.887333333333334
 10
77.6605
 20
29.866166666666665
 10
77.74516666666666
 20
29.823833333333333
 10
77.7875
 20
29.781499999999998
 10
77.82983333333333
 20
29.76033333333333
 10
77.9145
 20
29.739166666666666
 10
77.95683333333334
 20
29.739166666666666
 10
78.105
 20
29.6545
 10
78.21083333333333
 20
29.6545
 10
78.2955
 20
29.633333333333333
 10
78.40133333333333
 20
29.56983333333333
 10
78.5495
 20
29.548666666666666
 10
78.6765
 20
29.5275
 10
78.88816666666666
 20
29.5275
 10
78.97283333333333
 20
29.485166666666665
 10
79.03633333333333
 20
29.464
 10
79.248
 20
29.464
 10
79.3115
 20
29.506333333333334
 10
79.39616666666666
 20
29.5275
 10
79.52316666666667
 20
29.548666666666666
 10
79.79833333333333
 20
29.548666666666666
 10
79.883
 20
29.56983333333333
 10
79.96766666666666
 20
29.612166666666667
 10
80.03116666666666
 20
29.633333333333333
 10
80.137
 20
29.6545
 10
80.30633333333333
 20
29.6545
 10
80.36983333333333
 20
29.633333333333333
 10
80.43333333333334
 20
29.612166666666667
 10
80.518
 20
29.590999999999998
 10
80.58149999999999
 20
29.56983333333333
 10
80.66616666666667
 20
29.5275
 10
80.72966666666666
 20
29.506333333333334
 10
80.81433333333334
 20
29.485166666666665
 10
80.899
 20
29.464
 10
81.026
 20
29.464
 10
81.0895
 20
29.442833333333333
 10
81.15299999999999
 20
29.421666666666667
 10
81.25883333333333
 20
29.358166666666666
 10
81.32233333333333
 20
29.337
 10
81.53399999999999
 20
29.337
 10
81.661
 20
29.294666666666664
 10
81.99966666666667
 20
29.294666666666664
 10
82.10549999999999
 20
29.231166666666667
 10
82.14783333333332
 20
29.231166666666667
 10
82.21133333333333
 20
29.18883333333333
 10
82.27483333333333
 20
29.167666666666666
 10
82.423
 20
29.1465
 10
82.48649999999999
 20
29.1465
 10
82.67699999999999
 20
29.167666666666666
 10
82.7405
 20
29.1465
 10
82.804
 20
29.104166666666664
 10
82.86749999999999
 20
29.083
 10
82.9945
 20
29.083
 10
83.05799999999999
 20
29.061833333333333
 10
83.20616666666666
 20
28.977166666666665
 10
83.439
 20
28.977166666666665
 10
83.5025
 20
28.956
 10
83.566
 20
28.934833333333334
 10
83.67183333333332
 20
28.8925
 10
83.73533333333333
 20
28.871333333333332
 10
83.82
 20
28.850166666666667
 10
83.92583333333333
 20
28.829
 10
84.05283333333333
 20
28.829
 10
84.15866666666666
 20
28.80783333333333
 10
84.22216666666667
 20
28.786666666666665
 10
84.28566666666667
 20
28.744333333333334
 10
84.34916666666666
 20
28.723166666666668
 10
84.455
 20
28.701999999999998
 10
84.582
 20
28.701999999999998
 10
84.6455
 20
28.680833333333332
 10
84.709
 20
28.659666666666666
 10
84.7725
 20
28.6385
 10
84.836
 20
28.61733333333333
 10
84.87833333333333
 20
28.596166666666665
 10
84.92066666666666
 20
28.553833333333333
 10
85.00533333333333
 20
28.511499999999998
 10
85.06883333333333
 20
28.490333333333332
 10
85.1535
 20
28.469166666666666
 10
85.217
 20
28.448
 10
85.36516666666667
 20
28.448
 10
85.471
 20
28.42683333333333
 10
85.57683333333333
 20
28.3845
 10
85.6615
 20
28.3845
 10
85.7885
 20
28.363333333333333
 10
85.87316666666666
 20
28.342166666666667
 10
85.95783333333333
 20
28.320999999999998
 10
86.02133333333333
 20
28.278666666666666
 10
86.106
 20
28.2575
 10
86.25416666666666
 20
28.23633333333333
 10
86.59283333333333
 20
28.23633333333333
 10
86.69866666666667
 20
28.215166666666665
 10
86.76216666666666
 20
28.194
 10
86.91033333333333
 20
28.109333333333332
 10
86.97383333333333
 20
28.088166666666666
 10
87.01616666666666
 20
28.088166666666666
 10
87.07966666666667
 20
28.045833333333334
 10
87.14316666666666
 20
28.024666666666665
 10
87.22783333333334
 20
28.0035
 10
87.3125
 20
27.982333333333333
 10
87.41833333333334
 20
27.961166666666667
 10
87.503
 20
27.961166666666667
 10
87.60883333333334
 20
27.918833333333332
 10
87.6935
 20
27.897666666666666
 10
87.86283333333333
 20
27.897666666666666
 10
87.96866666666666
 20
27.8765
 10
88.0745
 20
27.855333333333334
 10
88.15916666666666
 20
27.834166666666665
 10
88.265
 20
27.791833333333333
 10
88.34966666666666
 20
27.791833333333333
 10
88.47666666666666
 20
27.770666666666667
 10
88.54016666666666
 20
27.749499999999998
 10
88.646
 20
27.707166666666666
 10
88.70949999999999
 20
27.686
 10
88.79416666666667
 20
27.664833333333334
 10
88.9635
 20
27.664833333333334
 10
89.09049999999999
 20
27.6225
 10
89.25983333333333
 20
27.643666666666665
 10
89.38683333333333
 20
27.643666666666665
 10
89.47149999999999
 20
27.601333333333333
 10
89.55616666666667
 20
27.516666666666666
 10
89.5985
 20
27.4955
 10
89.66199999999999
 20
27.474333333333334
 10
89.74666666666667
 20
27.453166666666664
 10
89.83133333333333
 20
27.432
 10
89.916
 20
27.410833333333333
 10
90.02183333333333
 20
27.389666666666667
 10
90.19116666666666
 20
27.3685
 10
90.44516666666667
 20
27.3685
 10
90.57216666666666
 20
27.34733333333333
 10
90.65683333333332
 20
27.326166666666666
 10
90.76266666666666
 20
27.262666666666664
 10
90.82616666666667
 20
27.2415
 10
90.88966666666667
 20
27.220333333333333
 10
90.95316666666666
 20
27.199166666666667
 10
91.059
 20
27.178
 10
91.27066666666667
 20
27.178
 10
91.39766666666667
 20
27.135666666666665
 10
91.54583333333333
 20
27.135666666666665
 10
91.65166666666667
 20
27.1145
 10
91.7575
 20
27.072166666666664
 10
91.84216666666667
 20
27.051
 10
91.99033333333333
 20
27.029833333333332
 10
92.329
 20
27.029833333333332
 10
92.3925
 20
27.008666666666667
 10
92.456
 20
26.96633333333333
 10
92.5195
 20
26.945166666666665
 10
92.68883333333333
 20
26.924
 10
92.837
 20
26.924
 10
92.98516666666666
 20
26.902833333333334
 10
93.091
 20
26.839333333333332
 10
93.57783333333333
 20
26.839333333333332
 10
93.81066666666666
 20
26.818166666666666
 10
94.06466666666667
 20
26.77583333333333
 10
94.31866666666666
 20
26.754666666666665
 10
94.8055
 20
26.754666666666665
 10
95.0595
 20
26.712333333333333
 10
95.60983333333333
 20
26.691166666666668
 10
96.30833333333334
 20
26.691166666666668
 10
96.75283333333333
 20
26.648833333333332
 10
97.68416666666667
 20
26.648833333333332
 10
97.98049999999999
 20
26.627666666666666
 10
98.1075
 20
26.58533333333333
 10
98.84833333333333
 20
26.58533333333333
 10
99.2505
 20
26.543
 10
99.92783333333333
 20
26.521833333333333
 10
100.62633333333333
 20
26.521833333333333
 10
100.75333333333333
 20
26.479499999999998
 10
101.346
 20
26.458333333333332
 10
102.02333333333333
 20
26.458333333333332
 10
102.51016666666666
 20
26.416
 10
103.16633333333333
 20
26.416
 10
103.84366666666666
 20
26.39483333333333
 10
104.20349999999999
 20
26.3525
 10
104.73266666666666
 20
26.331333333333333
 10
105.74866666666667
 20
26.331333333333333
 10
105.87566666666666
 20
26.288999999999998
 10
106.59533333333333
 20
26.288999999999998
 10
106.70116666666667
 20
26.267833333333332
 10
106.78583333333333
 20
26.2255
 10
106.84933333333333
 20
26.20433333333333
 10
107.7595
 20
26.2255
 10
107.86533333333333
 20
26.2255
 10
108.03466666666667
 20
26.183166666666665
 10
108.47916666666666
 20
26.162
 10
108.712
 20
26.183166666666665
 10
108.75433333333334
 20
26.183166666666665
 10
109.62216666666666
 20
26.162
 10
109.77033333333333
 20
26.119666666666667
 10
110.23599999999999
 20
26.098499999999998
 10
110.2995
 20
26.098499999999998
 10
110.38416666666666
 20
26.119666666666667
 10
110.9345
 20
26.098499999999998
 10
111.29433333333333
 20
26.056166666666666
 10
112.16216666666666
 20
26.056166666666666
 10
112.28916666666666
 20
26.013833333333334
 10
112.5855
 20
25.992666666666665
 10
113.38983333333333
 20
25.992666666666665
 10
114.06716666666667
 20
25.9715
 10
114.53283333333333
 20
25.929166666666667
 10
115.33716666666666
 20
25.929166666666667
 10
115.46416666666666
 20
25.886833333333332
 10
115.697
 20
25.865666666666666
 10
116.6495
 20
25.865666666666666
 10
117.2845
 20
25.8445
 10
117.5385
 20
25.802166666666665
 10
118.44866666666667
 20
25.802166666666665
 10
118.618
 20
25.759833333333333
 10
119.33766666666666
 20
25.759833333333333
 10
119.99383333333333
 20
25.738666666666667
 10
120.43833333333333
 20
25.69633333333333
 10
120.9675
 20
25.675166666666666
 10
121.07333333333332
 20
25.675166666666666
 10
121.26383333333332
 20
25.717499999999998
 10
121.3485
 20
25.717499999999998
 10
122.25866666666667
 20
25.69633333333333
 10
122.428
 20
25.654
 10
122.72433333333333
 20
25.632833333333334
 10
122.85133333333333
 20
25.632833333333334
 10
123.1265
 20
25.654
 10
123.35933333333332
 20
25.632833333333334
 10
123.5075
 20
25.5905
 10
123.80383333333333
 20
25.569333333333333
 10
124.333
 20
25.569333333333333
 10
124.50233333333333
 20
25.527
 10
124.60816666666666
 20
25.527
 10
124.7775
 20
25.548166666666667
 10
125.07383333333333
 20
25.50583333333333
 10
125.222
 20
25.527
 10
125.26433333333333
 20
25.527
 10
125.92049999999999
 20
25.50583333333333
 10
126.06866666666666
 20
25.4635
 10
126.64016666666666
 20
25.442333333333334
 10
126.83066666666666
 20
25.442333333333334
 10
126.91533333333334
 20
25.484666666666666
 10
126.97883333333333
 20
25.484666666666666
 10
127.06349999999999
 20
25.442333333333334
 10
127.10583333333334
 20
25.4
 10
127.16933333333333
 20
25.378833333333333
 10
128.56633333333332
 20
25.378833333333333
 10
128.7145
 20
25.3365
 10
129.30716666666666
 20
25.3365
 10
129.62466666666666
 20
25.294166666666666
 10
130.28083333333333
 20
25.294166666666666
 10
130.78883333333334
 20
25.273
 10
131.23333333333332
 20
25.230666666666664
 10
131.74133333333333
 20
25.2095
 10
132.46099999999998
 20
25.2095
 10
132.588
 20
25.167166666666667
 10
133.22299999999998
 20
25.146
 10
133.45583333333332
 20
25.146
 10
133.56166666666667
 20
25.188333333333333
 10
133.7945
 20
25.188333333333333
 10
133.96383333333333
 20
25.146
 10
134.1755
 20
25.167166666666667
 10
134.45066666666665
 20
25.167166666666667
 10
134.59883333333332
 20
25.167166666666667
 10
134.72583333333333
 20
25.12483333333333
 10
134.874
 20
25.103666666666665
 10
135.23383333333334
 20
25.12483333333333
 10
135.42433333333332
 20
25.12483333333333
 10
135.55133333333333
 20
25.0825
 10
136.2075
 20
25.0825
 10
136.35566666666665
 20
25.040166666666664
 10
136.56733333333332
 20
25.040166666666664
 10
137.414
 20
25.061333333333334
 10
137.541
 20
25.040166666666664
 10
137.64683333333332
 20
24.997833333333332
 10
137.73149999999998
 20
24.976666666666667
 10
138.2395
 20
24.976666666666667
 10
138.51466666666667
 20
24.93433333333333
 10
139.065
 20
24.913166666666665
 10
139.61533333333333
 20
24.913166666666665
 10
140.12333333333333
 20
24.892
 10
140.25033333333332
 20
24.849666666666668
 10
141.11816666666667
 20
24.849666666666668
 10
141.26633333333334
 20
24.807333333333332
 10
141.32983333333334
 20
24.807333333333332
 10
141.605
 20
24.8285
 10
141.859
 20
24.786166666666666
 10
142.24
 20
24.807333333333332
 10
142.38816666666665
 20
24.807333333333332
 10
142.621
 20
24.786166666666666
 10
142.8115
 20
24.765
 10
142.95966666666666
 20
24.722666666666665
 10
143.99683333333334
 20
24.722666666666665
 10
144.31433333333334
 20
24.680333333333333
 10
145.13983333333334
 20
24.680333333333333
 10
145.9865
 20
24.659166666666668
 10
146.1135
 20
24.616833333333332
 10
146.38866666666667
 20
24.616833333333332
 10
146.47333333333333
 20
24.595666666666666
 10
146.60033333333334
 20
24.55333333333333
 10
146.685
 20
24.532166666666665
 10
146.79083333333332
 20
24.511
 10
146.89666666666668
 20
24.511
 10
147.066
 20
24.532166666666665
 10
147.21416666666667
 20
24.5745
 10
147.40466666666666
 20
24.5745
 10
148.16666666666666
 20
24.532166666666665
 10
149.14033333333333
 20
24.532166666666665
 10
149.52133333333333
 20
24.489833333333333
 10
150.02933333333334
 20
24.489833333333333
 10
150.13516666666666
 20
24.447499999999998
 10
150.41033333333334
 20
24.426333333333332
 10
151.638
 20
24.426333333333332
 10
152.67516666666666
 20
24.405166666666666
 10
153.31016666666667
 20
24.384
 10
153.39483333333334
 20
24.341666666666665
 10
153.4795
 20
24.3205
 10
153.98749999999998
 20
24.3205
 10
154.09333333333333
 20
24.36283333333333
 10
154.178
 20
24.384
 10
154.26266666666666
 20
24.384
 10
154.38966666666667
 20
24.341666666666665
 10
154.559
 20
24.341666666666665
 10
154.72833333333332
 20
24.3205
 10
154.8765
 20
24.278166666666667
 10
155.21516666666668
 20
24.278166666666667
 10
155.53266666666667
 20
24.235833333333332
 10
155.91366666666667
 20
24.235833333333332
 10
156.23116666666667
 20
24.1935
 10
156.86616666666666
 20
24.172333333333334
 10
157.48
 20
24.172333333333334
 10
157.988
 20
24.13
 10
161.84033333333332
 20
24.151166666666665
 10
162.51766666666666
 20
24.13
 10
163.0045
 20
24.13
 10
166.70866666666666
 20
24.172333333333334
 10
167.19549999999998
 20
24.151166666666665
 10
167.34366666666665
 20
24.151166666666665
 10
168.29616666666666
 20
24.151166666666665
 10
168.402
 20
24.151166666666665
 10
168.5925
 20
24.172333333333334
 10
169.48149999999998
 20
24.172333333333334
 10
169.86249999999998
 20
24.151166666666665
 10
170.03183333333334
 20
24.151166666666665
 10
172.4025
 20
24.1935
 10
172.847
 20
24.172333333333334
 10
172.88933333333333
 20
24.172333333333334
 10
173.31266666666667
 20
24.172333333333334
 10
173.63016666666667
 20
24.172333333333334
 10
174.3075
 20
24.214666666666666
 10
174.43449999999999
 20
24.214666666666666
 10
174.66733333333332
 20
24.214666666666666
 10
174.8155
 20
24.214666666666666
 10
175.1965
 20
24.214666666666666
 10
175.23883333333333
 20
24.214666666666666
 10
175.55633333333333
 20
24.1935
 10
175.66216666666665
 20
24.151166666666665
 10
175.768
 20
24.151166666666665
 10
175.8315
 20
24.108833333333333
 10
175.89499999999998
 20
24.087666666666667
 10
176.022
 20
24.087666666666667
 10
176.06433333333334
 20
24.108833333333333
 10
176.10666666666665
 20
24.151166666666665
 10
176.17016666666666
 20
24.172333333333334
 10
176.23366666666666
 20
24.1935
 10
177.08033333333333
 20
24.172333333333334
 10
177.20733333333334
 20
24.172333333333334
 10
179.15466666666666
 20
24.214666666666666
 10
179.70499999999998
 20
24.1935
 10
180.00133333333332
 20
24.1935
 10
182.03333333333333
 20
24.214666666666666
 10
182.118
 20
24.256999999999998
 10
182.22383333333332
 20
24.256999999999998
 10
182.41433333333333
 20
24.214666666666666
 10
183.74783333333332
 20
24.235833333333332
 10
184.00183333333334
 20
24.214666666666666
 10
184.23466666666667
 20
24.235833333333332
 10
184.277
 20
24.235833333333332
 10
186.69
 20
24.235833333333332
 10
186.90166666666667
 20
24.214666666666666
 10
187.04983333333334
 20
24.214666666666666
 10
187.62133333333333
 20
24.256999999999998
 10
189.08183333333332
 20
24.235833333333332
 10
190.5
 20
24.256999999999998
 10
190.754
 20
24.256999999999998
 10
191.49483333333333
 20
24.235833333333332
 10
191.9605
 20
24.256999999999998
 10
192.19333333333333
 20
24.278166666666667
 10
192.3415
 20
24.3205
 10
192.53199999999998
 20
24.3205
 10
192.63783333333333
 20
24.341666666666665
 10
192.70133333333334
 20
24.36283333333333
 10
192.786
 20
24.405166666666666
 10
192.8495
 20
24.405166666666666
 10
192.93416666666667
 20
24.426333333333332
 10
192.99766666666667
 20
24.447499999999998
 10
193.14583333333331
 20
24.532166666666665
 10
193.20933333333332
 20
24.532166666666665
 10
193.27283333333332
 20
24.55333333333333
 10
193.33633333333333
 20
24.5745
 10
193.37866666666667
 20
24.616833333333332
 10
193.78083333333333
 20
24.807333333333332
 10
193.82316666666665
 20
24.849666666666668
 10
193.88666666666666
 20
24.870833333333334
 10
193.929
 20
24.913166666666665
 10
193.9925
 20
24.93433333333333
 10
194.05599999999998
 20
24.976666666666667
 10
194.14066666666668
 20
25.040166666666664
 10
194.20416666666665
 20
25.0825
 10
194.26766666666666
 20
25.12483333333333
 10
194.33116666666666
 20
25.167166666666667
 10
194.39466666666667
 20
25.2095
 10
194.90266666666665
 20
25.717499999999998
 10
194.98733333333334
 20
25.823333333333334
 10
195.05083333333332
 20
25.907999999999998
 10
195.09316666666666
 20
25.9715
 10
195.1355
 20
26.035
 10
195.19899999999998
 20
26.119666666666667
 10
195.22016666666667
 20
26.183166666666665
 10
195.2625
 20
26.2255
 10
195.30483333333333
 20
26.331333333333333
 10
195.34716666666665
 20
26.373666666666665
 10
195.3895
 20
26.437166666666666
 10
195.41066666666666
 20
26.479499999999998
 10
195.41066666666666
 20
26.521833333333333
 10
195.43183333333332
 20
26.564166666666665
 10
195.47416666666666
 20
26.6065
 10
195.5165
 20
26.669999999999998
 10
195.57999999999998
 20
26.797
 10
195.57999999999998
 20
26.839333333333332
 10
195.62233333333333
 20
26.902833333333334
 10
195.62233333333333
 20
26.945166666666665
 10
195.66466666666665
 20
27.008666666666667
 10
195.66466666666665
 20
27.051
 10
195.707
 20
27.1145
 10
195.72816666666665
 20
27.178
 10
195.74933333333334
 20
27.2415
 10
195.74933333333334
 20
27.283833333333334
 10
195.79166666666666
 20
27.34733333333333
 10
195.81283333333332
 20
27.410833333333333
 10
195.834
 20
27.4955
 10
195.85516666666666
 20
27.558999999999997
 10
195.87633333333332
 20
27.643666666666665
 10
195.8975
 20
27.72833333333333
 10
195.91866666666667
 20
27.834166666666665
 10
195.93983333333333
 20
27.918833333333332
 10
195.96099999999998
 20
28.045833333333334
 10
195.96099999999998
 20
28.596166666666665
 10
195.93983333333333
 20
28.99833333333333
 10
195.91866666666667
 20
29.167666666666666
 10
195.8975
 20
29.294666666666664
 10
195.87633333333332
 20
29.442833333333333
 10
195.85516666666666
 20
29.56983333333333
 10
195.834
 20
29.6545
 10
195.81283333333332
 20
29.76033333333333
 10
195.79166666666666
 20
29.845
 10
195.7705
 20
29.9085
 10
195.68583333333333
 20
30.056666666666665
 10
195.68583333333333
 20
30.120166666666666
 10
195.66466666666665
 20
30.204833333333333
 10
195.60116666666667
 20
30.331833333333332
 10
195.55883333333333
 20
30.374166666666667
 10
195.53766666666667
 20
30.4165
 10
195.5165
 20
30.48
 10
195.5165
 20
30.543499999999998
 10
195.49533333333332
 20
30.607
 10
195.43183333333332
 20
30.733999999999998
 10
195.3895
 20
30.776333333333334
 10
195.326
 20
30.9245
 10
195.28366666666665
 20
30.988
 10
195.24133333333333
 20
31.0515
 10
195.19899999999998
 20
31.115
 10
195.11433333333332
 20
31.199666666666666
 10
195.05083333333332
 20
31.284333333333333
 10
195.0085
 20
31.390166666666666
 10
194.96616666666665
 20
31.432499999999997
 10
194.81799999999998
 20
31.5595
 10
194.73333333333332
 20
31.6865
 10
194.5005
 20
31.9405
 10
194.41583333333332
 20
32.025166666666664
 10
194.33116666666666
 20
32.08866666666667
 10
194.26766666666666
 20
32.131
 10
194.183
 20
32.17333333333333
 10
194.1195
 20
32.17333333333333
 10
194.05599999999998
 20
32.1945
 10
193.9925
 20
32.23683333333333
 10
193.90783333333331
 20
32.300333333333334
 10
193.84433333333334
 20
32.342666666666666
 10
193.75966666666667
 20
32.42733333333333
 10
193.63266666666667
 20
32.533166666666666
 10
193.56916666666666
 20
32.5755
 10
193.31516666666667
 20
32.7025
 10
193.27283333333332
 20
32.7025
 10
193.20933333333332
 20
32.74483333333333
 10
193.14583333333331
 20
32.766
 10
193.08233333333334
 20
32.787166666666664
 10
192.99766666666667
 20
32.80833333333333
 10
192.93416666666667
 20
32.829499999999996
 10
192.87066666666666
 20
32.85066666666667
 10
192.786
 20
32.871833333333335
 10
192.70133333333334
 20
32.893
 10
192.57433333333333
 20
32.91416666666667
 10
192.4685
 20
32.93533333333333
 10
192.3838333333333
 20
32.9565
 10
192.23566666666667
 20
32.977666666666664
 10
191.74883333333332
 20
32.977666666666664
 10
191.62183333333334
 20
32.93533333333333
 10
191.49483333333333
 20
32.91416666666667
 10
191.4525
 20
32.91416666666667
 10
191.135
 20
32.93533333333333
 10
190.83866666666665
 20
32.91416666666667
 10
190.66933333333333
 20
32.893
 10
190.54233333333332
 20
32.85066666666667
 10
190.39416666666665
 20
32.85066666666667
 10
190.33066666666667
 20
32.829499999999996
 10
190.20366666666666
 20
32.766
 10
190.16133333333332
 20
32.72366666666667
 10
190.07666666666665
 20
32.681333333333335
 10
189.992
 20
32.66016666666667
 10
189.92849999999999
 20
32.66016666666667
 10
189.88616666666667
 20
32.638999999999996
 10
189.84383333333332
 20
32.596666666666664
 10
189.75916666666666
 20
32.55433333333333
 10
189.71683333333334
 20
32.55433333333333
 10
189.65333333333334
 20
32.533166666666666
 10
189.58983333333333
 20
32.512
 10
189.54749999999999
 20
32.490833333333335
 10
189.48399999999998
 20
32.448499999999996
 10
189.4205
 20
32.406166666666664
 10
189.357
 20
32.342666666666666
 10
189.16649999999998
 20
32.257999999999996
 10
189.12416666666667
 20
32.215666666666664
 10
189.08183333333332
 20
32.1945
 10
189.0395
 20
32.1945
 10
188.976
 20
32.152166666666666
 10
188.9125
 20
32.131
 10
188.78549999999998
 20
32.131
 10
188.67966666666666
 20
32.17333333333333
 10
188.55266666666665
 20
32.1945
 10
188.23516666666666
 20
32.215666666666664
 10
187.98116666666667
 20
32.1945
 10
187.87533333333332
 20
32.1945
 10
187.68483333333333
 20
32.23683333333333
 10
187.40966666666665
 20
32.23683333333333
 10
187.30383333333333
 20
32.27916666666667
 10
187.21916666666667
 20
32.300333333333334
 10
186.11849999999998
 20
32.3215
 10
186.01266666666666
 20
32.3215
 10
185.77983333333333
 20
32.300333333333334
 10
185.65283333333332
 20
32.342666666666666
 10
185.44116666666667
 20
32.3215
 10
185.33533333333332
 20
32.3215
 10
185.2295
 20
32.342666666666666
 10
185.1025
 20
32.385
 10
184.404
 20
32.385
 10
184.23466666666667
 20
32.406166666666664
 10
184.0865
 20
32.448499999999996
 10
183.7055
 20
32.46966666666667
 10
183.28216666666665
 20
32.46966666666667
 10
183.17633333333333
 20
32.490833333333335
 10
183.02816666666666
 20
32.533166666666666
 10
182.83766666666665
 20
32.55433333333333
 10
182.07566666666665
 20
32.533166666666666
 10
181.96983333333333
 20
32.533166666666666
 10
181.77933333333334
 20
32.55433333333333
 10
181.6735
 20
32.596666666666664
 10
181.56766666666667
 20
32.61783333333333
 10
181.37716666666665
 20
32.61783333333333
 10
181.20783333333333
 20
32.66016666666667
 10
180.6575
 20
32.681333333333335
 10
179.7685
 20
32.681333333333335
 10
179.66266666666667
 20
32.7025
 10
179.55683333333332
 20
32.74483333333333
 10
179.30283333333333
 20
32.766
 10
178.85833333333332
 20
32.787166666666664
 10
178.435
 20
32.787166666666664
 10
178.07516666666666
 20
32.80833333333333
 10
177.96933333333334
 20
32.85066666666667
 10
177.41899999999998
 20
32.871833333333335
 10
176.8898333333333
 20
32.85066666666667
 10
176.76283333333333
 20
32.85066666666667
 10
176.65699999999998
 20
32.871833333333335
 10
176.55116666666666
 20
32.91416666666667
 10
176.29716666666667
 20
32.91416666666667
 10
176.23366666666666
 20
32.91416666666667
 10
176.12783333333334
 20
32.91416666666667
 10
176.022
 20
32.9565
 10
175.7045
 20
32.977666666666664
 10
175.21766666666667
 20
32.977666666666664
 10
175.006
 20
33.019999999999996
 10
174.13816666666665
 20
33.019999999999996
 10
174.03233333333333
 20
33.04116666666667
 10
173.88416666666666
 20
33.0835
 10
173.52433333333332
 20
33.10466666666667
 10
173.1645
 20
33.12583333333333
 10
172.80466666666666
 20
33.147
 10
172.10616666666667
 20
33.147
 10
171.97916666666666
 20
33.168166666666664
 10
171.85216666666665
 20
33.210499999999996
 10
171.34416666666667
 20
33.210499999999996
 10
170.98433333333332
 20
33.252833333333335
 10
170.20116666666667
 20
33.252833333333335
 10
170.13766666666666
 20
33.29516666666667
 10
170.07416666666666
 20
33.31633333333333
 10
169.926
 20
33.3375
 10
169.46033333333332
 20
33.3375
 10
169.33333333333331
 20
33.37983333333333
 10
169.05816666666666
 20
33.37983333333333
 10
168.9735
 20
33.358666666666664
 10
168.86766666666665
 20
33.31633333333333
 10
168.80416666666667
 20
33.29516666666667
 10
168.57133333333334
 20
33.29516666666667
 10
168.50783333333334
 20
33.31633333333333
 10
168.4655
 20
33.358666666666664
 10
168.42316666666667
 20
33.37983333333333
 10
168.35966666666667
 20
33.400999999999996
 10
167.68233333333333
 20
33.42216666666667
 10
167.11083333333332
 20
33.400999999999996
 10
166.96266666666665
 20
33.400999999999996
 10
166.878
 20
33.443333333333335
 10
166.83566666666667
 20
33.48566666666667
 10
166.77216666666666
 20
33.50683333333333
 10
166.3065
 20
33.528
 10
166.243
 20
33.528
 10
166.0525
 20
33.50683333333333
 10
165.73499999999999
 20
33.528
 10
165.65033333333332
 20
33.57033333333333
 10
165.01533333333333
 20
33.57033333333333
 10
164.7825
 20
33.591499999999996
 10
164.61316666666667
 20
33.61266666666666
 10
164.465
 20
33.633833333333335
 10
164.38033333333334
 20
33.67616666666667
 10
164.29566666666665
 20
33.67616666666667
 10
164.18983333333333
 20
33.7185
 10
164.10516666666666
 20
33.7185
 10
163.97816666666665
 20
33.739666666666665
 10
163.8935
 20
33.76083333333333
 10
163.82999999999998
 20
33.782
 10
163.7665
 20
33.824333333333335
 10
163.72416666666666
 20
33.824333333333335
 10
163.44899999999998
 20
33.9725
 10
163.3855
 20
33.99366666666666
 10
163.322
 20
33.99366666666666
 10
163.2585
 20
34.014833333333335
 10
163.21616666666665
 20
34.036
 10
163.15266666666668
 20
34.07833333333333
 10
163.11033333333333
 20
34.120666666666665
 10
163.04683333333332
 20
34.14183333333333
 10
163.0045
 20
34.18416666666666
 10
162.941
 20
34.205333333333336
 10
162.89866666666666
 20
34.24766666666667
 10
162.70816666666667
 20
34.33233333333333
 10
162.64466666666667
 20
34.37466666666666
 10
162.56
 20
34.43816666666667
 10
162.4965
 20
34.4805
 10
162.41183333333333
 20
34.544
 10
162.30599999999998
 20
34.64983333333333
 10
162.20016666666666
 20
34.692166666666665
 10
162.00966666666667
 20
34.882666666666665
 10
161.92499999999998
 20
34.925
 10
161.88266666666667
 20
34.925
 10
161.75566666666666
 20
34.9885
 10
161.69216666666665
 20
35.052
 10
161.6075
 20
35.1155
 10
161.4805
 20
35.179
 10
161.39583333333334
 20
35.20016666666667
 10
161.3535
 20
35.20016666666667
 10
161.16299999999998
 20
35.306
 10
161.0995
 20
35.306
 10
161.036
 20
35.32716666666666
 10
160.99366666666666
 20
35.3695
 10
160.909
 20
35.411833333333334
 10
160.86666666666667
 20
35.411833333333334
 10
160.82433333333333
 20
35.433
 10
160.78199999999998
 20
35.47533333333333
 10
160.7185
 20
35.51766666666666
 10
160.67616666666666
 20
35.53883333333333
 10
160.61266666666666
 20
35.56
 10
160.48566666666667
 20
35.58116666666667
 10
160.40099999999998
 20
35.58116666666667
 10
160.31633333333332
 20
35.602333333333334
 10
160.25283333333334
 20
35.6235
 10
160.01999999999998
 20
35.7505
 10
159.87183333333334
 20
35.77166666666667
 10
159.27916666666667
 20
35.77166666666667
 10
158.83466666666666
 20
35.814
 10
158.77116666666666
 20
35.814
 10
158.58066666666667
 20
35.77166666666667
 10
157.88216666666665
 20
35.77166666666667
 10
157.79749999999999
 20
35.7505
 10
157.6705
 20
35.70816666666666
 10
157.5435
 20
35.70816666666666
 10
157.48
 20
35.687
 10
157.41649999999998
 20
35.644666666666666
 10
157.353
 20
35.6235
 10
157.1625
 20
35.6235
 10
157.07783333333333
 20
35.602333333333334
 10
157.01433333333333
 20
35.58116666666667
 10
156.95083333333332
 20
35.53883333333333
 10
156.88733333333332
 20
35.51766666666666
 10
156.845
 20
35.51766666666666
 10
156.76033333333334
 20
35.4965
 10
156.69683333333333
 20
35.454166666666666
 10
156.65449999999998
 20
35.454166666666666
 10
156.37933333333334
 20
35.306
 10
156.31583333333333
 20
35.28483333333333
 10
156.27349999999998
 20
35.28483333333333
 10
156.12533333333332
 20
35.20016666666667
 10
156.06183333333334
 20
35.179
 10
155.99833333333333
 20
35.179
 10
155.93483333333333
 20
35.15783333333333
 10
155.89249999999998
 20
35.1155
 10
155.829
 20
35.09433333333333
 10
155.78666666666666
 20
35.052
 10
155.72316666666666
 20
35.030833333333334
 10
155.65966666666665
 20
34.9885
 10
155.575
 20
34.925
 10
155.49033333333333
 20
34.8615
 10
155.448
 20
34.81916666666667
 10
155.36333333333332
 20
34.75566666666666
 10
155.27866666666665
 20
34.692166666666665
 10
155.21516666666668
 20
34.64983333333333
 10
155.15166666666667
 20
34.6075
 10
155.10933333333332
 20
34.586333333333336
 10
155.067
 20
34.586333333333336
 10
155.0035
 20
34.56516666666666
 10
154.96116666666666
 20
34.544
 10
154.83416666666668
 20
34.417
 10
154.70716666666667
 20
34.3535
 10
154.64366666666666
 20
34.33233333333333
 10
154.60133333333332
 20
34.33233333333333
 10
154.41083333333333
 20
34.2265
 10
154.32616666666667
 20
34.205333333333336
 10
154.2415
 20
34.205333333333336
 10
154.178
 20
34.18416666666666
 10
154.1145
 20
34.163
 10
154.051
 20
34.120666666666665
 10
153.98749999999998
 20
34.0995
 10
153.924
 20
34.07833333333333
 10
153.797
 20
34.07833333333333
 10
153.7335
 20
34.05716666666667
 10
153.67
 20
34.014833333333335
 10
153.52183333333332
 20
33.99366666666666
 10
153.39483333333334
 20
33.9725
 10
153.07733333333334
 20
33.99366666666666
 10
152.908
 20
33.99366666666666
 10
152.7175
 20
33.9725
 10
152.5905
 20
33.95133333333333
 10
152.48466666666667
 20
33.909
 10
152.12483333333333
 20
33.88783333333333
 10
151.80733333333333
 20
33.909
 10
151.5745
 20
33.909
 10
151.46866666666665
 20
33.86666666666667
 10
151.34166666666667
 20
33.8455
 10
151.29933333333332
 20
33.8455
 10
150.41033333333334
 20
33.86666666666667
 10
150.0505
 20
33.824333333333335
 10
149.90233333333333
 20
33.824333333333335
 10
149.77533333333332
 20
33.86666666666667
 10
149.69066666666666
 20
33.86666666666667
 10
149.45783333333333
 20
33.86666666666667
 10
149.352
 20
33.86666666666667
 10
149.18266666666665
 20
33.8455
 10
148.88633333333334
 20
33.86666666666667
 10
148.67466666666667
 20
33.8455
 10
148.61116666666666
 20
33.8455
 10
148.23016666666666
 20
33.824333333333335
 10
148.16666666666666
 20
33.824333333333335
 10
147.93383333333333
 20
33.86666666666667
 10
147.84916666666666
 20
33.86666666666667
 10
147.10833333333332
 20
33.824333333333335
 10
146.81199999999998
 20
33.8455
 10
146.57916666666665
 20
33.8455
 10
146.19816666666665
 20
33.80316666666666
 10
146.15583333333333
 20
33.80316666666666
 10
146.02883333333332
 20
33.824333333333335
 10
145.796
 20
33.80316666666666
 10
145.4785
 20
33.80316666666666
 10
145.3515
 20
33.824333333333335
 10
144.90699999999998
 20
33.80316666666666
 10
144.35666666666665
 20
33.824333333333335
 10
144.22966666666667
 20
33.8455
 10
144.16616666666667
 20
33.8455
 10
144.03916666666666
 20
33.824333333333335
 10
143.80633333333333
 20
33.824333333333335
 10
143.72166666666666
 20
33.782
 10
143.65816666666666
 20
33.76083333333333
 10
143.5735
 20
33.76083333333333
 10
143.42533333333333
 20
33.782
 10
143.29833333333332
 20
33.824333333333335
 10
142.91733333333332
 20
33.824333333333335
 10
142.748
 20
33.80316666666666
 10
142.59983333333332
 20
33.76083333333333
 10
142.494
 20
33.76083333333333
 10
142.40933333333334
 20
33.80316666666666
 10
142.1765
 20
33.824333333333335
 10
141.94366666666667
 20
33.824333333333335
 10
141.71083333333334
 20
33.782
 10
141.097
 20
33.782
 10
140.843
 20
33.739666666666665
 10
140.75833333333333
 20
33.739666666666665
 10
139.78466666666665
 20
33.782
 10
139.65766666666667
 20
33.782
 10
138.3665
 20
33.76083333333333
 10
138.176
 20
33.739666666666665
 10
138.07016666666667
 20
33.69733333333333
 10
138.00666666666666
 20
33.67616666666667
 10
137.94316666666666
 20
33.67616666666667
 10
137.90083333333334
 20
33.7185
 10
137.83733333333333
 20
33.739666666666665
 10
137.56216666666666
 20
33.739666666666665
 10
137.49866666666665
 20
33.69733333333333
 10
137.05416666666667
 20
33.69733333333333
 10
136.80016666666666
 20
33.67616666666667
 10
136.73666666666665
 20
33.633833333333335
 10
136.67316666666667
 20
33.61266666666666
 10
136.58849999999998
 20
33.61266666666666
 10
136.4615
 20
33.633833333333335
 10
136.35566666666665
 20
33.67616666666667
 10
135.97466666666665
 20
33.655
 10
135.72066666666666
 20
33.655
 10
135.59366666666665
 20
33.69733333333333
 10
135.4455
 20
33.69733333333333
 10
134.91633333333334
 20
33.655
 10
134.59883333333332
 20
33.655
 10
134.21783333333332
 20
33.67616666666667
 10
134.06966666666665
 20
33.655
 10
133.96383333333333
 20
33.61266666666666
 10
133.83683333333332
 20
33.61266666666666
 10
133.68866666666668
 20
33.633833333333335
 10
133.477
 20
33.61266666666666
 10
133.05366666666666
 20
33.655
 10
132.86316666666667
 20
33.655
 10
132.22816666666665
 20
33.655
 10
132.0165
 20
33.655
 10
131.8895
 20
33.61266666666666
 10
131.445
 20
33.633833333333335
 10
131.1275
 20
33.633833333333335
 10
131.04283333333333
 20
33.61266666666666
 10
130.91583333333332
 20
33.57033333333333
 10
130.76766666666666
 20
33.549166666666665
 10
130.47133333333332
 20
33.528
 10
130.2385
 20
33.528
 10
130.15383333333332
 20
33.549166666666665
 10
130.02683333333334
 20
33.591499999999996
 10
129.70933333333332
 20
33.591499999999996
 10
129.6035
 20
33.57033333333333
 10
129.45533333333333
 20
33.528
 10
129.20133333333334
 20
33.50683333333333
 10
129.13783333333333
 20
33.50683333333333
 10
129.01083333333332
 20
33.528
 10
128.905
 20
33.57033333333333
 10
128.67216666666667
 20
33.57033333333333
 10
128.48166666666665
 20
33.549166666666665
 10
128.29116666666667
 20
33.50683333333333
 10
128.143
 20
33.48566666666667
 10
127.86783333333332
 20
33.48566666666667
 10
127.762
 20
33.50683333333333
 10
127.65616666666666
 20
33.549166666666665
 10
127.59266666666666
 20
33.57033333333333
 10
127.1905
 20
33.57033333333333
 10
127.08466666666666
 20
33.50683333333333
 10
127.02116666666666
 20
33.48566666666667
 10
126.89416666666666
 20
33.4645
 10
126.51316666666666
 20
33.4645
 10
126.38616666666667
 20
33.50683333333333
 10
126.15333333333334
 20
33.50683333333333
 10
125.70883333333333
 20
33.48566666666667
 10
125.56066666666666
 20
33.443333333333335
 10
125.15849999999999
 20
33.443333333333335
 10
125.0315
 20
33.48566666666667
 10
124.75633333333333
 20
33.48566666666667
 10
124.69283333333333
 20
33.50683333333333
 10
124.6505
 20
33.528
 10
124.60816666666666
 20
33.57033333333333
 10
124.5235
 20
33.61266666666666
 10
124.37533333333333
 20
33.633833333333335
 10
124.16366666666666
 20
33.633833333333335
 10
123.444
 20
33.61266666666666
 10
123.317
 20
33.57033333333333
 10
122.34333333333333
 20
33.57033333333333
 10
122.2375
 20
33.528
 10
121.70833333333333
 20
33.50683333333333
 10
121.60249999999999
 20
33.50683333333333
 10
121.285
 20
33.528
 10
120.94633333333333
 20
33.48566666666667
 10
120.05733333333333
 20
33.4645
 10
120.015
 20
33.4645
 10
119.634
 20
33.4645
 10
119.31649999999999
 20
33.48566666666667
 10
119.08366666666666
 20
33.4645
 10
118.91433333333333
 20
33.48566666666667
 10
118.8085
 20
33.48566666666667
 10
117.94066666666666
 20
33.4645
 10
117.75016666666666
 20
33.50683333333333
 10
117.64433333333334
 20
33.50683333333333
 10
117.51733333333333
 20
33.4645
 10
117.19983333333333
 20
33.4645
 10
116.75533333333333
 20
33.4645
 10
116.60716666666666
 20
33.4645
 10
116.3955
 20
33.50683333333333
 10
116.332
 20
33.50683333333333
 10
116.22616666666666
 20
33.4645
 10
115.99333333333333
 20
33.4645
 10
115.73933333333333
 20
33.443333333333335
 10
115.65466666666666
 20
33.400999999999996
 10
115.33716666666666
 20
33.400999999999996
 10
115.23133333333332
 20
33.443333333333335
 10
115.16783333333333
 20
33.443333333333335
 10
115.062
 20
33.400999999999996
 10
114.935
 20
33.37983333333333
 10
114.76566666666666
 20
33.37983333333333
 10
114.554
 20
33.42216666666667
 10
114.23649999999999
 20
33.400999999999996
 10
114.19416666666666
 20
33.400999999999996
 10
114.04599999999999
 20
33.443333333333335
 10
113.9825
 20
33.443333333333335
 10
113.87666666666667
 20
33.400999999999996
 10
113.3475
 20
33.37983333333333
 10
113.24166666666666
 20
33.37983333333333
 10
112.90299999999999
 20
33.400999999999996
 10
112.69133333333333
 20
33.358666666666664
 10
112.5855
 20
33.358666666666664
 10
112.395
 20
33.358666666666664
 10
112.268
 20
33.358666666666664
 10
111.86583333333333
 20
33.400999999999996
 10
111.6965
 20
33.400999999999996
 10
111.59066666666666
 20
33.358666666666664
 10
111.52716666666666
 20
33.3375
 10
111.37899999999999
 20
33.3375
 10
111.3155
 20
33.3375
 10
111.0615
 20
33.358666666666664
 10
110.97683333333333
 20
33.358666666666664
 10
110.61699999999999
 20
33.31633333333333
 10
110.42649999999999
 20
33.31633333333333
 10
110.27833333333334
 20
33.3375
 10
110.15133333333333
 20
33.37983333333333
 10
109.64333333333333
 20
33.37983333333333
 10
109.474
 20
33.3375
 10
109.30466666666666
 20
33.3375
 10
109.13533333333334
 20
33.37983333333333
 10
108.22516666666667
 20
33.37983333333333
 10
108.1405
 20
33.3375
 10
107.90766666666666
 20
33.3375
 10
107.78066666666666
 20
33.29516666666667
 10
107.5055
 20
33.274
 10
107.1245
 20
33.252833333333335
 10
106.9975
 20
33.274
 10
106.934
 20
33.274
 10
106.59533333333333
 20
33.252833333333335
 10
106.46833333333333
 20
33.29516666666667
 10
106.3625
 20
33.29516666666667
 10
106.12966666666667
 20
33.252833333333335
 10
106.045
 20
33.252833333333335
 10
105.91799999999999
 20
33.29516666666667
 10
105.791
 20
33.29516666666667
 10
105.64283333333333
 20
33.252833333333335
 10
105.41
 20
33.274
 10
105.2195
 20
33.274
 10
105.11366666666666
 20
33.23166666666667
 10
104.902
 20
33.252833333333335
 10
104.79616666666666
 20
33.252833333333335
 10
104.73266666666666
 20
33.252833333333335
 10
104.69033333333333
 20
33.252833333333335
 10
104.648
 20
33.274
 10
104.60566666666666
 20
33.31633333333333
 10
104.56333333333333
 20
33.3375
 10
104.521
 20
33.3375
 10
104.4575
 20
33.37983333333333
 10
104.24583333333334
 20
33.37983333333333
 10
104.20349999999999
 20
33.358666666666664
 10
104.11883333333333
 20
33.274
 10
103.86483333333334
 20
33.274
 10
103.61083333333333
 20
33.23166666666667
 10
102.9335
 20
33.252833333333335
 10
102.78533333333333
 20
33.252833333333335
 10
102.72183333333334
 20
33.23166666666667
 10
102.65833333333333
 20
33.18933333333333
 10
102.40433333333333
 20
33.18933333333333
 10
102.27733333333333
 20
33.23166666666667
 10
102.108
 20
33.23166666666667
 10
101.70583333333333
 20
33.18933333333333
 10
101.62116666666667
 20
33.18933333333333
 10
100.88033333333333
 20
33.210499999999996
 10
100.43583333333333
 20
33.168166666666664
 10
99.77966666666666
 20
33.168166666666664
 10
99.71616666666667
 20
33.168166666666664
 10
99.35633333333332
 20
33.147
 10
97.43016666666666
 20
33.168166666666664
 10
97.17616666666666
 20
33.168166666666664
 10
96.26599999999999
 20
33.12583333333333
 10
96.139
 20
33.12583333333333
 10
95.8215
 20
33.12583333333333
 10
95.77916666666667
 20
33.12583333333333
 10
95.29233333333333
 20
33.147
 10
95.12299999999999
 20
33.18933333333333
 10
94.91133333333333
 20
33.18933333333333
 10
94.84783333333333
 20
33.23166666666667
 10
94.78433333333334
 20
33.23166666666667
 10
94.69966666666666
 20
33.252833333333335
 10
94.63616666666667
 20
33.274
 10
94.5515
 20
33.31633333333333
 10
94.488
 20
33.3375
 10
94.4245
 20
33.358666666666664
 10
94.33983333333333
 20
33.37983333333333
 10
94.08583333333333
 20
33.37983333333333
 10
93.98
 20
33.42216666666667
 10
93.726
 20
33.42216666666667
 10
93.62016666666666
 20
33.443333333333335
 10
93.55666666666666
 20
33.4645
 10
93.49316666666667
 20
33.48566666666667
 10
93.42966666666666
 20
33.50683333333333
 10
93.36616666666666
 20
33.528
 10
93.26033333333334
 20
33.591499999999996
 10
93.19683333333333
 20
33.61266666666666
 10
92.964
 20
33.61266666666666
 10
92.79466666666666
 20
33.633833333333335
 10
92.73116666666667
 20
33.655
 10
92.62533333333333
 20
33.7185
 10
92.56183333333333
 20
33.739666666666665
 10
92.41366666666666
 20
33.76083333333333
 10
92.24433333333333
 20
33.76083333333333
 10
92.15966666666667
 20
33.80316666666666
 10
92.05383333333333
 20
33.824333333333335
 10
91.92683333333333
 20
33.824333333333335
 10
91.77866666666667
 20
33.8455
 10
91.65166666666667
 20
33.86666666666667
 10
91.54583333333333
 20
33.930166666666665
 10
91.46116666666667
 20
33.95133333333333
 10
91.33416666666666
 20
33.95133333333333
 10
91.2495
 20
33.99366666666666
 10
91.14366666666666
 20
33.99366666666666
 10
91.059
 20
34.014833333333335
 10
90.97433333333333
 20
34.05716666666667
 10
90.91083333333333
 20
34.05716666666667
 10
90.80499999999999
 20
34.07833333333333
 10
90.72033333333333
 20
34.120666666666665
 10
90.65683333333332
 20
34.14183333333333
 10
90.57216666666666
 20
34.163
 10
90.4875
 20
34.18416666666666
 10
90.40283333333333
 20
34.205333333333336
 10
90.31816666666667
 20
34.2265
 10
90.19116666666666
 20
34.2265
 10
90.04299999999999
 20
34.24766666666667
 10
89.9795
 20
34.29
 10
89.89483333333332
 20
34.311166666666665
 10
89.74666666666667
 20
34.311166666666665
 10
89.61966666666666
 20
34.3535
 10
89.47149999999999
 20
34.3535
 10
89.32333333333334
 20
34.43816666666667
 10
89.154
 20
34.45933333333333
 10
89.027
 20
34.45933333333333
 10
88.94233333333334
 20
34.4805
 10
88.85766666666666
 20
34.52283333333333
 10
88.79416666666667
 20
34.544
 10
88.73066666666666
 20
34.56516666666666
 10
88.56133333333334
 20
34.56516666666666
 10
88.43433333333333
 20
34.586333333333336
 10
88.37083333333334
 20
34.6075
 10
88.30733333333333
 20
34.62866666666667
 10
88.22266666666667
 20
34.671
 10
88.15916666666666
 20
34.692166666666665
 10
88.05333333333333
 20
34.71333333333333
 10
87.884
 20
34.71333333333333
 10
87.8205
 20
34.7345
 10
87.73583333333333
 20
34.77683333333333
 10
87.65116666666667
 20
34.798
 10
87.54533333333333
 20
34.81916666666667
 10
87.41833333333334
 20
34.81916666666667
 10
87.33366666666666
 20
34.840333333333334
 10
87.22783333333334
 20
34.90383333333333
 10
87.16433333333333
 20
34.925
 10
87.03733333333334
 20
34.94616666666666
 10
86.82566666666666
 20
34.94616666666666
 10
86.76216666666666
 20
34.96733333333333
 10
86.69866666666667
 20
34.9885
 10
86.63516666666666
 20
35.00966666666667
 10
86.57166666666666
 20
35.052
 10
86.44466666666666
 20
35.073166666666665
 10
86.1695
 20
35.073166666666665
 10
86.12716666666667
 20
35.09433333333333
 10
86.06366666666666
 20
35.15783333333333
 10
86.00016666666666
 20
35.179
 10
85.80966666666666
 20
35.179
 10
85.74616666666667
 20
35.20016666666667
 10
85.6615
 20
35.2425
 10
85.57683333333333
 20
35.263666666666666
 10
85.49216666666666
 20
35.28483333333333
 10
85.32283333333334
 20
35.28483333333333
 10
85.23816666666666
 20
35.306
 10
85.1535
 20
35.34833333333333
 10
85.06883333333333
 20
35.3695
 10
84.94183333333334
 20
35.3695
 10
84.836
 20
35.411833333333334
 10
84.73016666666666
 20
35.411833333333334
 10
84.60316666666667
 20
35.433
 10
84.5185
 20
35.47533333333333
 10
84.43383333333333
 20
35.4965
 10
84.24333333333333
 20
35.4965
 10
84.17983333333333
 20
35.51766666666666
 10
84.11633333333333
 20
35.53883333333333
 10
84.05283333333333
 20
35.56
 10
83.98933333333333
 20
35.602333333333334
 10
83.90466666666667
 20
35.6235
 10
83.82
 20
35.644666666666666
 10
83.7565
 20
35.644666666666666
 10
83.693
 20
35.66583333333333
 10
83.6295
 20
35.70816666666666
 10
83.48133333333332
 20
35.70816666666666
 10
83.3755
 20
35.7505
 10
83.20616666666666
 20
35.77166666666667
 10
83.05799999999999
 20
35.77166666666667
 10
82.88866666666667
 20
35.792833333333334
 10
82.82516666666666
 20
35.814
 10
82.67699999999999
 20
35.898666666666664
 10
82.423
 20
35.898666666666664
 10
82.29599999999999
 20
35.91983333333333
 10
82.21133333333333
 20
35.96216666666667
 10
82.12666666666667
 20
35.983333333333334
 10
81.9785
 20
36.0045
 10
81.76683333333334
 20
36.0045
 10
81.661
 20
36.025666666666666
 10
81.5975
 20
36.04683333333333
 10
81.55516666666666
 20
36.068
 10
81.51283333333333
 20
36.11033333333333
 10
81.36466666666666
 20
36.173833333333334
 10
81.30116666666666
 20
36.23733333333333
 10
81.23766666666667
 20
36.279666666666664
 10
81.04716666666667
 20
36.364333333333335
 10
80.98366666666666
 20
36.406666666666666
 10
80.94133333333333
 20
36.449
 10
80.85666666666667
 20
36.512499999999996
 10
80.79316666666666
 20
36.554833333333335
 10
80.7085
 20
36.597166666666666
 10
80.66616666666667
 20
36.597166666666666
 10
80.56033333333333
 20
36.660666666666664
 10
80.49683333333333
 20
36.68183333333333
 10
80.43333333333334
 20
36.68183333333333
 10
80.36983333333333
 20
36.702999999999996
 10
80.3275
 20
36.72416666666667
 10
80.24283333333334
 20
36.80883333333333
 10
80.15816666666666
 20
36.851166666666664
 10
80.05233333333334
 20
36.87233333333333
 10
79.98883333333333
 20
36.87233333333333
 10
79.92533333333333
 20
36.91466666666667
 10
79.84066666666666
 20
36.935833333333335
 10
79.73483333333333
 20
36.957
 10
79.65016666666666
 20
36.97816666666667
 10
79.33266666666667
 20
36.99933333333333
  0
LWPOLYLINE
  5
30
330
17
100
AcDbEntity
  8
0
100
AcDbPolyline
 90
80
 70
1
 10
191.3255
 20
30.120166666666666
 10
191.897
 20
30.120166666666666
 10
191.9605
 20
30.099
 10
192.024
 20
30.07783333333333
 10
192.0875
 20
30.056666666666665
 10
192.15099999999998
 20
30.0355
 10
192.2145
 20
30.014333333333333
 10
192.3838333333333
 20
29.929666666666666
 10
192.44733333333332
 20
29.887333333333334
 10
192.5955
 20
29.76033333333333
 10
192.659
 20
29.696833333333334
 10
192.7225
 20
29.590999999999998
 10
192.8495
 20
29.464
 10
192.89183333333332
 20
29.400499999999997
 10
192.93416666666667
 20
29.337
 10
193.04
 20
29.104166666666664
 10
193.08233333333334
 20
29.061833333333333
 10
193.12466666666666
 20
28.977166666666665
 10
193.12466666666666
 20
28.723166666666668
 10
193.1035
 20
28.405666666666665
 10
193.08233333333334
 20
28.299833333333332
 10
193.06116666666665
 20
28.215166666666665
 10
193.04
 20
28.130499999999998
 10
192.99766666666667
 20
28.067
 10
192.99766666666667
 20
28.024666666666665
 10
192.91299999999998
 20
27.855333333333334
 10
192.87066666666666
 20
27.791833333333333
 10
192.82833333333332
 20
27.72833333333333
 10
192.70133333333334
 20
27.580166666666667
 10
192.53199999999998
 20
27.410833333333333
 10
192.44733333333332
 20
27.34733333333333
 10
192.3838333333333
 20
27.305
 10
192.32033333333334
 20
27.262666666666664
 10
192.278
 20
27.262666666666664
 10
192.12983333333332
 20
27.178
 10
192.06633333333332
 20
27.15683333333333
 10
191.98166666666665
 20
27.135666666666665
 10
191.87583333333333
 20
27.1145
 10
191.47366666666667
 20
27.1145
 10
191.34666666666666
 20
27.135666666666665
 10
191.24083333333334
 20
27.15683333333333
 10
191.17733333333334
 20
27.178
 10
191.11383333333333
 20
27.199166666666667
 10
191.05033333333333
 20
27.220333333333333
 10
190.98683333333332
 20
27.2415
 10
190.85983333333334
 20
27.305
 10
190.79633333333334
 20
27.34733333333333
 10
190.71166666666667
 20
27.410833333333333
 10
190.54233333333332
 20
27.558999999999997
 10
190.5
 20
27.601333333333333
 10
190.39416666666665
 20
27.72833333333333
 10
190.33066666666667
 20
27.813
 10
190.30949999999999
 20
27.8765
 10
190.26716666666667
 20
27.918833333333332
 10
190.20366666666666
 20
28.045833333333334
 10
190.1825
 20
28.130499999999998
 10
190.16133333333332
 20
28.194
 10
190.14016666666666
 20
28.2575
 10
190.119
 20
28.3845
 10
190.09783333333334
 20
28.511499999999998
 10
190.09783333333334
 20
28.680833333333332
 10
190.119
 20
28.850166666666667
 10
190.14016666666666
 20
28.977166666666665
 10
190.16133333333332
 20
29.061833333333333
 10
190.1825
 20
29.125333333333334
 10
190.20366666666666
 20
29.18883333333333
 10
190.28833333333333
 20
29.358166666666666
 10
190.33066666666667
 20
29.421666666666667
 10
190.39416666666665
 20
29.506333333333334
 10
190.4365
 20
29.56983333333333
 10
190.47883333333334
 20
29.633333333333333
 10
190.71166666666667
 20
29.866166666666665
 10
190.77516666666665
 20
29.9085
 10
190.83866666666665
 20
29.929666666666666
 10
190.881
 20
29.971999999999998
 10
190.96566666666666
 20
30.014333333333333
 10
191.02916666666667
 20
30.0355
 10
191.09266666666667
 20
30.056666666666665
 10
191.15616666666665
 20
30.07783333333333
 10
191.24083333333334
 20
30.099
  0
LWPOLYLINE
  5
31
330
17
100
AcDbEntity
  8
0
100
AcDbPolyline
 90
78
 70
1
 10
158.32666666666665
 20
31.326666666666664
 10
158.877
 20
31.326666666666664
 10
158.96166666666667
 20
31.3055
 10
159.02516666666665
 20
31.284333333333333
 10
159.08866666666665
 20
31.263166666666667
 10
159.15216666666666
 20
31.242
 10
159.1945
 20
31.22083333333333
 10
159.23683333333332
 20
31.157333333333334
 10
159.1945
 20
31.115
 10
159.10983333333334
 20
31.0515
 10
159.10983333333334
 20
31.009166666666665
 10
159.10983333333334
 20
30.9245
 10
159.15216666666666
 20
30.882166666666667
 10
159.1945
 20
30.861
 10
159.512
 20
30.861
 10
159.63899999999998
 20
30.83983333333333
 10
159.766
 20
30.776333333333334
 10
159.87183333333334
 20
30.6705
 10
159.91416666666666
 20
30.607
 10
159.99883333333332
 20
30.437666666666665
 10
160.01999999999998
 20
30.374166666666667
 10
160.04116666666667
 20
30.310666666666666
 10
160.06233333333333
 20
30.162499999999998
 10
160.06233333333333
 20
29.929666666666666
 10
160.01999999999998
 20
29.823833333333333
 10
160.01999999999998
 20
29.696833333333334
 10
159.99883333333332
 20
29.56983333333333
 10
159.97766666666666
 20
29.5275
 10
159.893
 20
29.442833333333333
 10
159.85066666666665
 20
29.37933333333333
 10
159.80833333333334
 20
29.294666666666664
 10
159.80833333333334
 20
29.252333333333333
 10
159.766
 20
29.18883333333333
 10
159.72366666666667
 20
29.1465
 10
159.66016666666667
 20
29.104166666666664
 10
159.5755
 20
29.061833333333333
 10
159.53316666666666
 20
29.0195
 10
159.46966666666665
 20
28.913666666666664
 10
159.36383333333333
 20
28.80783333333333
 10
159.1945
 20
28.723166666666668
 10
159.131
 20
28.701999999999998
 10
159.0675
 20
28.680833333333332
 10
158.96166666666667
 20
28.659666666666666
 10
158.877
 20
28.6385
 10
158.79233333333332
 20
28.61733333333333
 10
158.6865
 20
28.596166666666665
 10
158.369
 20
28.61733333333333
 10
158.3055
 20
28.6385
 10
158.242
 20
28.659666666666666
 10
158.17849999999999
 20
28.680833333333332
 10
158.115
 20
28.723166666666668
 10
158.03033333333332
 20
28.80783333333333
 10
157.94566666666665
 20
28.850166666666667
 10
157.88216666666665
 20
28.913666666666664
 10
157.734
 20
29.083
 10
157.5435
 20
29.252333333333333
 10
157.50116666666665
 20
29.315833333333334
 10
157.48
 20
29.358166666666666
 10
157.48
 20
29.442833333333333
 10
157.45883333333333
 20
29.506333333333334
 10
157.37416666666667
 20
29.6545
 10
157.353
 20
29.718
 10
157.33183333333332
 20
29.929666666666666
 10
157.33183333333332
 20
30.141333333333332
 10
157.353
 20
30.247166666666665
 10
157.37416666666667
 20
30.310666666666666
 10
157.39533333333333
 20
30.374166666666667
 10
157.41649999999998
 20
30.4165
 10
157.45883333333333
 20
30.45883333333333
 10
157.52233333333334
 20
30.585833333333333
 10
157.52233333333334
 20
30.628166666666665
 10
157.62816666666666
 20
30.83983333333333
 10
157.75516666666667
 20
30.966833333333334
 10
157.79749999999999
 20
31.0515
 10
157.88216666666665
 20
31.136166666666664
 10
158.00916666666666
 20
31.199666666666666
 10
158.0515
 20
31.199666666666666
 10
158.242
 20
31.3055
  0
LWPOLYLINE
  5
32
330
17
100
AcDbEntity
  8
0
100
AcDbPolyline
 90
82
 70
1
 10
78.84583333333333
 20
34.94616666666666
 10
78.95166666666667
 20
34.94616666666666
 10
79.20566666666666
 20
34.925
 10
79.375
 20
34.90383333333333
 10
79.41733333333333
 20
34.8615
 10
79.502
 20
34.81916666666667
 10
79.5655
 20
34.798
 10
79.65016666666666
 20
34.798
 10
79.71366666666667
 20
34.77683333333333
 10
79.84066666666666
 20
34.71333333333333
 10
79.9465
 20
34.6075
 10
80.03116666666666
 20
34.56516666666666
 10
80.137
 20
34.43816666666667
 10
80.20049999999999
 20
34.37466666666666
 10
80.34866666666666
 20
34.24766666666667
 10
80.41216666666666
 20
34.120666666666665
 10
80.41216666666666
 20
34.07833333333333
 10
80.4545
 20
34.014833333333335
 10
80.49683333333333
 20
33.99366666666666
 10
80.518
 20
33.95133333333333
 10
80.53916666666666
 20
33.88783333333333
 10
80.56033333333333
 20
33.80316666666666
 10
80.58149999999999
 20
33.443333333333335
 10
80.58149999999999
 20
33.04116666666667
 10
80.56033333333333
 20
32.85066666666667
 10
80.53916666666666
 20
32.787166666666664
 10
80.49683333333333
 20
32.7025
 10
80.4545
 20
32.66016666666667
 10
80.36983333333333
 20
32.46966666666667
 10
80.30633333333333
 20
32.385
 10
80.20049999999999
 20
32.27916666666667
 10
80.05233333333334
 20
32.152166666666666
 10
79.9465
 20
32.0675
 10
79.84066666666666
 20
31.982833333333332
 10
79.756
 20
31.91933333333333
 10
79.6925
 20
31.898166666666665
 10
79.65016666666666
 20
31.855833333333333
 10
79.58666666666666
 20
31.834666666666667
 10
79.4385
 20
31.813499999999998
 10
78.57066666666667
 20
31.813499999999998
 10
78.50716666666666
 20
31.834666666666667
 10
78.33783333333334
 20
31.91933333333333
 10
78.27433333333333
 20
31.961666666666666
 10
78.1685
 20
32.08866666666667
 10
78.12616666666666
 20
32.131
 10
78.06266666666666
 20
32.17333333333333
 10
77.978
 20
32.215666666666664
 10
77.82983333333333
 20
32.342666666666666
 10
77.76633333333334
 20
32.406166666666664
 10
77.70283333333333
 20
32.490833333333335
 10
77.63933333333333
 20
32.61783333333333
 10
77.63933333333333
 20
32.66016666666667
 10
77.5335
 20
32.85066666666667
 10
77.51233333333333
 20
32.91416666666667
 10
77.49116666666666
 20
32.99883333333333
 10
77.47
 20
33.062333333333335
 10
77.44883333333333
 20
33.147
 10
77.42766666666667
 20
33.400999999999996
 10
77.42766666666667
 20
33.50683333333333
 10
77.44883333333333
 20
33.57033333333333
 10
77.49116666666666
 20
33.633833333333335
 10
77.51233333333333
 20
33.69733333333333
 10
77.51233333333333
 20
33.80316666666666
 10
77.57583333333334
 20
33.909
 10
77.57583333333334
 20
33.95133333333333
 10
77.597
 20
34.014833333333335
 10
77.63933333333333
 20
34.0995
 10
77.68166666666666
 20
34.14183333333333
 10
77.7875
 20
34.205333333333336
 10
77.89333333333333
 20
34.311166666666665
 10
77.9145
 20
34.3535
 10
77.9145
 20
34.45933333333333
 10
77.99916666666667
 20
34.544
 10
78.08383333333333
 20
34.586333333333336
 10
78.232
 20
34.7345
 10
78.359
 20
34.798
 10
78.4225
 20
34.81916666666667
 10
78.46483333333333
 20
34.81916666666667
 10
78.52833333333334
 20
34.8615
 10
78.59183333333333
 20
34.882666666666665
 10
78.6765
 20
34.90383333333333
 10
78.74
 20
34.925
  0
LWPOLYLINE
  5
33
330
17
100
AcDbEntity
  8
0
100
AcDbPolyline
 90
1044
 70
1
 10
194.64866666666666
 20
103.22983333333333
 10
194.58516666666665
 20
103.20866666666666
 10
194.5005
 20
103.16633333333333
 10
194.33116666666666
 20
103.16633333333333
 10
194.22533333333334
 20
103.14516666666667
 10
194.03483333333332
 20
103.03933333333333
 10
193.9925
 20
103.03933333333333
 10
193.95016666666666
 20
103.01816666666666
 10
193.90783333333331
 20
102.997
 10
193.84433333333334
 20
103.03933333333333
 10
193.78083333333333
 20
103.10283333333334
 10
193.7385
 20
103.124
 10
193.67499999999998
 20
103.14516666666667
 10
193.31516666666667
 20
103.16633333333333
 10
193.167
 20
103.16633333333333
 10
192.95533333333333
 20
103.124
 10
192.89183333333332
 20
103.124
 10
192.55316666666667
 20
103.124
 10
192.44733333333332
 20
103.124
 10
192.29916666666665
 20
103.14516666666667
 10
192.15099999999998
 20
103.124
 10
192.06633333333332
 20
103.14516666666667
 10
191.9605
 20
103.1875
 10
191.7065
 20
103.1875
 10
191.60066666666665
 20
103.14516666666667
 10
191.0715
 20
103.16633333333333
 10
191.02916666666667
 20
103.16633333333333
 10
190.20366666666666
 20
103.16633333333333
 10
189.65333333333334
 20
103.16633333333333
 10
189.52633333333333
 20
103.124
 10
189.357
 20
103.10283333333334
 10
188.74316666666667
 20
103.10283333333334
 10
188.48916666666665
 20
103.14516666666667
 10
188.214
 20
103.16633333333333
 10
188.1505
 20
103.16633333333333
 10
187.93883333333332
 20
103.124
 10
187.55783333333332
 20
103.14516666666667
 10
187.325
 20
103.14516666666667
 10
187.0075
 20
103.124
 10
186.88049999999998
 20
103.08166666666666
 10
186.817
 20
103.08166666666666
 10
186.58416666666668
 20
103.10283333333334
 10
186.33016666666666
 20
103.10283333333334
 10
186.26666666666665
 20
103.10283333333334
 10
186.03383333333332
 20
103.06049999999999
 10
185.71633333333332
 20
103.08166666666666
 10
185.52583333333334
 20
103.08166666666666
 10
185.293
 20
103.03933333333333
 10
184.95433333333332
 20
103.06049999999999
 10
184.8485
 20
103.06049999999999
 10
184.4675
 20
103.01816666666666
 10
184.17116666666666
 20
103.01816666666666
 10
183.388
 20
103.01816666666666
 10
182.753
 20
103.03933333333333
 10
182.60483333333332
 20
103.03933333333333
 10
182.39316666666667
 20
103.01816666666666
 10
182.07566666666665
 20
103.01816666666666
 10
181.94866666666667
 20
103.01816666666666
 10
181.737
 20
103.06049999999999
 10
180.99616666666665
 20
103.06049999999999
 10
180.89033333333333
 20
103.03933333333333
 10
180.76333333333332
 20
102.997
 10
180.67866666666666
 20
102.97583333333333
 10
180.57283333333334
 20
102.97583333333333
 10
180.48816666666667
 20
103.01816666666666
 10
180.36116666666666
 20
103.01816666666666
 10
180.29766666666666
 20
102.97583333333333
 10
180.19183333333334
 20
102.97583333333333
 10
180.06483333333333
 20
102.997
 10
179.98016666666666
 20
103.03933333333333
 10
179.91666666666666
 20
103.03933333333333
 10
179.6415
 20
103.03933333333333
 10
179.578
 20
103.03933333333333
 10
179.197
 20
103.01816666666666
 10
178.96416666666667
 20
102.997
 10
178.85833333333332
 20
102.95466666666667
 10
178.18099999999998
 20
102.97583333333333
 10
178.01166666666666
 20
102.97583333333333
 10
177.58833333333334
 20
102.95466666666667
 10
177.24966666666666
 20
102.9335
 10
177.165
 20
102.91233333333334
 10
177.1015
 20
102.89116666666666
 10
177.05916666666667
 20
102.86999999999999
 10
176.99566666666666
 20
102.8065
 10
176.9745
 20
102.76416666666667
 10
176.95333333333332
 20
102.70066666666666
 10
176.93216666666666
 20
102.53133333333334
 10
176.95333333333332
 20
102.40433333333333
 10
176.95333333333332
 20
102.34083333333334
 10
176.93216666666666
 20
102.15033333333334
 10
176.8898333333333
 20
102.06566666666666
 10
176.86866666666666
 20
101.89633333333333
 10
176.8475
 20
101.74816666666666
 10
176.8475
 20
101.6
 10
176.8898333333333
 20
101.26133333333333
 10
176.86866666666666
 20
101.0285
 10
176.86866666666666
 20
100.965
 10
176.86866666666666
 20
100.711
 10
176.86866666666666
 20
100.62633333333333
 10
176.8898333333333
 20
100.18183333333333
 10
176.86866666666666
 20
100.09716666666667
 10
176.8475
 20
100.05483333333333
 10
176.76283333333333
 20
99.97016666666666
 10
176.7205
 20
99.949
 10
176.50883333333334
 20
99.949
 10
176.0855
 20
99.99133333333333
 10
176.022
 20
99.99133333333333
 10
175.85266666666666
 20
99.949
 10
175.66216666666665
 20
99.92783333333333
 10
175.23883333333333
 20
99.90666666666667
 10
174.60383333333334
 20
99.90666666666667
 10
174.3075
 20
99.949
 10
174.26516666666666
 20
99.949
 10
174.09583333333333
 20
99.92783333333333
 10
173.58783333333332
 20
99.949
 10
172.7835
 20
99.90666666666667
 10
172.4025
 20
99.90666666666667
 10
171.68283333333332
 20
99.90666666666667
 10
171.577
 20
99.90666666666667
 10
171.09016666666668
 20
99.90666666666667
 10
170.92083333333332
 20
99.92783333333333
 10
170.79383333333334
 20
99.92783333333333
 10
169.672
 20
99.90666666666667
 10
168.88883333333334
 20
99.86433333333333
 10
167.93633333333332
 20
99.84316666666666
 10
167.85166666666666
 20
99.84316666666666
 10
167.36483333333334
 20
99.86433333333333
 10
167.08966666666666
 20
99.822
 10
167.005
 20
99.822
 10
166.77216666666666
 20
99.86433333333333
 10
166.72983333333332
 20
99.86433333333333
 10
166.58166666666665
 20
99.822
 10
166.45466666666667
 20
99.822
 10
166.1795
 20
99.84316666666666
 10
165.20583333333332
 20
99.822
 10
165.12116666666665
 20
99.77966666666666
 10
165.07883333333334
 20
99.73733333333332
 10
164.99416666666667
 20
99.695
 10
164.95183333333333
 20
99.695
 10
164.86716666666666
 20
99.65266666666666
 10
164.7825
 20
99.568
 10
164.69783333333334
 20
99.52566666666667
 10
164.6555
 20
99.48333333333333
 10
164.61316666666667
 20
99.3775
 10
164.57083333333333
 20
99.33516666666667
 10
164.5285
 20
99.2505
 10
164.50733333333332
 20
99.06
 10
164.48616666666666
 20
98.76366666666667
 10
164.50733333333332
 20
98.44616666666667
 10
164.48616666666666
 20
98.19216666666667
 10
164.48616666666666
 20
98.14983333333333
 10
164.50733333333332
 20
97.89583333333333
 10
164.48616666666666
 20
97.81116666666667
 10
164.44383333333332
 20
97.7265
 10
164.44383333333332
 20
97.55716666666666
 10
164.4015
 20
97.4725
 10
164.4015
 20
97.02799999999999
 10
164.42266666666666
 20
96.87983333333334
 10
164.465
 20
96.81633333333333
 10
164.48616666666666
 20
96.75283333333333
 10
164.50733333333332
 20
96.66816666666666
 10
164.50733333333332
 20
96.60466666666666
 10
164.48616666666666
 20
96.43533333333333
 10
164.48616666666666
 20
96.03316666666666
 10
164.48616666666666
 20
95.99083333333333
 10
164.50733333333332
 20
95.758
 10
164.48616666666666
 20
95.39816666666667
 10
164.5285
 20
95.31349999999999
 10
164.5285
 20
95.22883333333333
 10
164.54966666666667
 20
95.16533333333334
 10
164.59199999999998
 20
95.10183333333333
 10
164.59199999999998
 20
95.0595
 10
164.61316666666667
 20
94.97483333333334
 10
164.6555
 20
94.89016666666666
 10
164.76133333333334
 20
94.78433333333334
 10
164.82483333333332
 20
94.6785
 10
165.07883333333334
 20
94.4245
 10
165.39633333333333
 20
94.12816666666666
 10
165.52333333333334
 20
94.0435
 10
165.58683333333332
 20
93.98
 10
165.96783333333332
 20
93.57783333333333
 10
166.15833333333333
 20
93.345
 10
166.41233333333332
 20
93.11216666666667
 10
166.45466666666667
 20
93.06983333333334
 10
166.5605
 20
92.94283333333333
 10
166.66633333333334
 20
92.81583333333333
 10
166.72983333333332
 20
92.66766666666666
 10
166.77216666666666
 20
92.60416666666666
 10
166.81449999999998
 20
92.56183333333333
 10
166.878
 20
92.5195
 10
166.96266666666665
 20
92.47716666666666
 10
167.04733333333334
 20
92.3925
 10
167.132
 20
92.35016666666667
 10
167.23783333333333
 20
92.2655
 10
167.3225
 20
92.202
 10
167.42833333333334
 20
92.09616666666666
 10
167.53416666666666
 20
91.96916666666667
 10
167.7035
 20
91.821
 10
167.80933333333334
 20
91.7575
 10
168.19033333333334
 20
91.35533333333333
 10
168.529
 20
91.059
 10
168.74066666666667
 20
90.84733333333332
 10
169.037
 20
90.52983333333333
 10
169.18516666666667
 20
90.40283333333333
 10
169.26983333333334
 20
90.33933333333333
 10
169.37566666666666
 20
90.25466666666667
 10
169.545
 20
90.17
 10
169.6085
 20
90.14883333333333
 10
170.98433333333332
 20
90.17
 10
171.09016666666668
 20
90.17
 10
171.23833333333332
 20
90.14883333333333
 10
172.69883333333334
 20
90.17
 10
173.482
 20
90.19116666666666
 10
174.15933333333334
 20
90.23349999999999
 10
174.32866666666666
 20
90.23349999999999
 10
175.17533333333333
 20
90.23349999999999
 10
175.21766666666667
 20
90.23349999999999
 10
175.7045
 20
90.21233333333333
 10
175.81033333333332
 20
90.23349999999999
 10
175.87383333333332
 20
90.23349999999999
 10
176.00083333333333
 20
90.21233333333333
 10
176.44533333333334
 20
90.23349999999999
 10
176.784
 20
90.23349999999999
 10
176.86866666666666
 20
90.21233333333333
 10
176.95333333333332
 20
90.17
 10
177.03799999999998
 20
90.08533333333332
 10
177.05916666666667
 20
90.04299999999999
 10
177.05916666666667
 20
89.83133333333333
 10
177.01683333333332
 20
89.7255
 10
177.01683333333332
 20
89.47149999999999
 10
177.05916666666667
 20
89.36566666666667
 10
177.03799999999998
 20
89.2175
 10
177.05916666666667
 20
89.11166666666666
 10
177.05916666666667
 20
89.06933333333333
 10
177.03799999999998
 20
88.66716666666666
 10
176.99566666666666
 20
88.56133333333334
 10
176.99566666666666
 20
88.47666666666666
 10
177.03799999999998
 20
88.392
 10
177.08033333333333
 20
88.34966666666666
 10
177.1015
 20
88.30733333333333
 10
177.08033333333333
 20
88.03216666666667
 10
177.08033333333333
 20
87.94749999999999
 10
177.1015
 20
87.75699999999999
 10
177.08033333333333
 20
87.4395
 10
177.1015
 20
87.22783333333334
 10
177.14383333333333
 20
87.10083333333333
 10
177.14383333333333
 20
87.03733333333334
 10
177.12266666666667
 20
86.9315
 10
177.14383333333333
 20
86.868
 10
177.165
 20
86.82566666666666
 10
177.292
 20
86.69866666666667
 10
177.37666666666667
 20
86.65633333333334
 10
177.77883333333332
 20
86.65633333333334
 10
178.20216666666667
 20
86.69866666666667
 10
178.60433333333333
 20
86.69866666666667
 10
178.94299999999998
 20
86.6775
 10
179.09116666666665
 20
86.65633333333334
 10
179.17583333333332
 20
86.63516666666666
 10
179.28166666666667
 20
86.57166666666666
 10
179.34516666666667
 20
86.5505
 10
179.47216666666665
 20
86.5505
 10
179.578
 20
86.59283333333333
 10
179.72616666666667
 20
86.59283333333333
 10
179.7685
 20
86.614
 10
179.81083333333333
 20
86.65633333333334
 10
179.81083333333333
 20
86.741
 10
179.78966666666665
 20
86.82566666666666
 10
179.78966666666665
 20
87.10083333333333
 10
179.81083333333333
 20
87.18549999999999
 10
179.832
 20
87.249
 10
179.87433333333334
 20
87.33366666666666
 10
179.91666666666666
 20
87.39716666666666
 10
180.00133333333332
 20
87.48183333333333
 10
180.10716666666667
 20
87.54533333333333
 10
180.1495
 20
87.58766666666666
 10
180.19183333333334
 20
87.67233333333333
 10
180.213
 20
87.73583333333333
 10
180.213
 20
87.8205
 10
180.23416666666665
 20
87.86283333333333
 10
180.31883333333332
 20
87.94749999999999
 10
180.36116666666666
 20
87.96866666666666
 10
180.42466666666667
 20
87.98983333333334
 10
180.80566666666667
 20
88.011
 10
180.9115
 20
88.011
 10
181.88516666666666
 20
87.98983333333334
 10
182.22383333333332
 20
87.94749999999999
 10
182.37199999999999
 20
87.96866666666666
 10
182.45666666666665
 20
87.96866666666666
 10
182.64716666666666
 20
87.94749999999999
 10
182.83766666666665
 20
87.92633333333333
 10
182.9435
 20
87.79933333333334
 10
182.96466666666666
 20
87.71466666666666
 10
182.96466666666666
 20
87.48183333333333
 10
182.9435
 20
87.122
 10
182.96466666666666
 20
87.01616666666666
 10
182.98583333333332
 20
86.9315
 10
183.007
 20
86.868
 10
183.04933333333332
 20
86.8045
 10
183.04933333333332
 20
86.76216666666666
 10
183.134
 20
86.6775
 10
183.17633333333333
 20
86.65633333333334
 10
183.30333333333334
 20
86.65633333333334
 10
183.36683333333332
 20
86.6775
 10
183.47266666666667
 20
86.71983333333333
 10
184.04416666666665
 20
86.71983333333333
 10
184.10766666666666
 20
86.71983333333333
 10
185.08133333333333
 20
86.741
 10
186.45716666666667
 20
86.741
 10
186.563
 20
86.71983333333333
 10
186.66883333333334
 20
86.69866666666667
 10
186.73233333333332
 20
86.6775
 10
186.817
 20
86.63516666666666
 10
186.88049999999998
 20
86.57166666666666
 10
186.944
 20
86.487
 10
187.0075
 20
86.40233333333333
 10
187.02866666666665
 20
86.36
 10
187.04983333333334
 20
86.2965
 10
187.071
 20
86.06366666666666
 10
187.09216666666666
 20
85.51333333333334
 10
187.071
 20
85.2805
 10
187.071
 20
85.1535
 10
187.11333333333332
 20
84.73016666666666
 10
187.11333333333332
 20
84.49733333333333
 10
187.09216666666666
 20
84.41266666666667
 10
187.04983333333334
 20
84.328
 10
187.02866666666665
 20
84.201
 10
187.02866666666665
 20
84.05283333333333
 10
187.0075
 20
83.98933333333333
 10
186.96516666666665
 20
83.90466666666667
 10
186.90166666666667
 20
83.82
 10
186.83816666666667
 20
83.77766666666666
 10
186.7535
 20
83.67183333333332
 10
186.66883333333334
 20
83.60833333333333
 10
186.60533333333333
 20
83.566
 10
186.563
 20
83.54483333333333
 10
186.49949999999998
 20
83.52366666666667
 10
186.39366666666666
 20
83.52366666666667
 10
186.28783333333334
 20
83.566
 10
186.2455
 20
83.566
 10
186.16083333333333
 20
83.54483333333333
 10
186.07616666666667
 20
83.5025
 10
185.77983333333333
 20
83.5025
 10
183.1975
 20
83.52366666666667
 10
183.11283333333333
 20
83.439
 10
183.09166666666667
 20
83.3755
 10
183.07049999999998
 20
83.29083333333332
 10
183.04933333333332
 20
83.22733333333333
 10
183.04933333333332
 20
83.14266666666667
 10
183.007
 20
83.05799999999999
 10
182.98583333333332
 20
82.97333333333333
 10
182.98583333333332
 20
82.69816666666667
 10
182.9435
 20
82.63466666666666
 10
182.92233333333334
 20
82.57116666666667
 10
182.9435
 20
82.50766666666667
 10
182.98583333333332
 20
82.46533333333333
 10
183.007
 20
82.423
 10
182.98583333333332
 20
82.3595
 10
182.8165
 20
82.27483333333333
 10
182.71066666666667
 20
82.27483333333333
 10
182.13916666666665
 20
82.29599999999999
 10
181.75816666666665
 20
82.27483333333333
 10
181.69466666666665
 20
82.25366666666666
 10
181.63116666666667
 20
82.21133333333333
 10
181.5465
 20
82.19016666666667
 10
181.05966666666666
 20
82.19016666666667
 10
180.975
 20
82.14783333333332
 10
180.9115
 20
82.12666666666667
 10
180.82683333333333
 20
82.12666666666667
 10
180.76333333333332
 20
82.14783333333332
 10
180.6575
 20
82.19016666666667
 10
180.48816666666667
 20
82.19016666666667
 10
180.4035
 20
82.21133333333333
 10
180.34
 20
82.2325
 10
180.2765
 20
82.27483333333333
 10
180.19183333333334
 20
82.3595
 10
180.1495
 20
82.423
 10
180.10716666666667
 20
82.48649999999999
 10
180.08599999999998
 20
82.52883333333332
 10
180.06483333333333
 20
82.59233333333333
 10
180.04366666666667
 20
82.67699999999999
 10
180.04366666666667
 20
82.804
 10
180.0225
 20
82.88866666666667
 10
179.6415
 20
83.26966666666667
 10
179.55683333333332
 20
83.312
 10
179.40866666666665
 20
83.312
 10
179.36633333333333
 20
83.35433333333333
 10
179.34516666666667
 20
83.39666666666666
 10
179.34516666666667
 20
83.48133333333332
 10
179.30283333333333
 20
83.566
 10
179.17583333333332
 20
83.566
 10
178.98533333333333
 20
83.54483333333333
 10
178.90066666666667
 20
83.52366666666667
 10
178.816
 20
83.5025
 10
178.71016666666665
 20
83.46016666666667
 10
178.6255
 20
83.439
 10
178.47733333333332
 20
83.439
 10
178.41383333333332
 20
83.41783333333333
 10
178.3715
 20
83.39666666666666
 10
178.32916666666665
 20
83.35433333333333
 10
178.2445
 20
83.312
 10
178.15983333333332
 20
83.29083333333332
 10
177.673
 20
83.29083333333332
 10
177.58833333333334
 20
83.26966666666667
 10
177.546
 20
83.24849999999999
 10
177.4825
 20
83.20616666666666
 10
177.44016666666667
 20
83.16383333333333
 10
177.3555
 20
83.05799999999999
 10
177.2285
 20
82.804
 10
177.24966666666666
 20
82.57116666666667
 10
177.24966666666666
 20
82.48649999999999
 10
177.2285
 20
82.423
 10
177.18616666666665
 20
82.3595
 10
177.18616666666665
 20
82.21133333333333
 10
177.2285
 20
82.042
 10
177.2285
 20
81.99966666666667
 10
177.20733333333334
 20
81.93616666666667
 10
177.165
 20
81.87266666666666
 10
177.14383333333333
 20
81.70333333333333
 10
177.14383333333333
 20
81.407
 10
177.18616666666665
 20
80.77199999999999
 10
177.18616666666665
 20
80.62383333333334
 10
177.165
 20
80.3275
 10
177.18616666666665
 20
79.96766666666666
 10
177.2285
 20
79.65016666666666
 10
177.2285
 20
79.48083333333334
 10
177.2285
 20
79.121
 10
177.20733333333334
 20
78.88816666666666
 10
177.20733333333334
 20
78.76116666666667
 10
177.24966666666666
 20
78.65533333333333
 10
177.27083333333331
 20
78.46483333333333
 10
177.27083333333331
 20
78.38016666666667
 10
177.24966666666666
 20
78.18966666666667
 10
177.20733333333334
 20
78.06266666666666
 10
177.20733333333334
 20
77.74516666666666
 10
177.24966666666666
 20
77.61816666666667
 10
177.27083333333331
 20
77.42766666666667
 10
177.27083333333331
 20
77.23716666666667
 10
177.2285
 20
77.13133333333333
 10
177.2285
 20
77.06783333333333
 10
177.27083333333331
 20
76.94083333333333
 10
177.27083333333331
 20
76.581
 10
177.2285
 20
76.2635
 10
177.2285
 20
76.2
 10
177.27083333333331
 20
75.35333333333332
 10
177.27083333333331
 20
75.28983333333333
 10
177.24966666666666
 20
75.184
 10
177.292
 20
74.69716666666666
 10
177.292
 20
74.54899999999999
 10
177.27083333333331
 20
73.87166666666667
 10
177.292
 20
73.70233333333333
 10
177.31316666666666
 20
73.63883333333334
 10
177.3555
 20
73.57533333333333
 10
177.3555
 20
73.533
 10
177.31316666666666
 20
73.44833333333334
 10
177.33433333333332
 20
73.30016666666667
 10
177.33433333333332
 20
73.19433333333333
 10
177.292
 20
73.00383333333333
 10
177.292
 20
72.7075
 10
177.292
 20
72.62283333333333
 10
177.33433333333332
 20
72.34766666666667
 10
177.33433333333332
 20
72.05133333333333
 10
177.33433333333332
 20
71.98783333333333
 10
177.33433333333332
 20
71.77616666666667
 10
177.37666666666667
 20
71.374
 10
177.3555
 20
71.01416666666667
 10
177.3555
 20
70.9295
 10
177.37666666666667
 20
70.4215
 10
177.37666666666667
 20
70.358
 10
177.39783333333332
 20
69.9135
 10
177.39783333333332
 20
69.68066666666667
 10
177.37666666666667
 20
68.87633333333333
 10
177.41899999999998
 20
68.28366666666666
 10
177.44016666666667
 20
67.35233333333333
 10
177.44016666666667
 20
67.28883333333333
 10
177.39783333333332
 20
67.1195
 10
177.39783333333332
 20
67.01366666666667
 10
177.41899999999998
 20
66.84433333333334
 10
177.39783333333332
 20
65.99766666666666
 10
177.41899999999998
 20
65.44733333333333
 10
177.46133333333333
 20
65.3415
 10
177.46133333333333
 20
65.23566666666666
 10
177.41899999999998
 20
64.98166666666667
 10
177.41899999999998
 20
64.79116666666667
 10
177.44016666666667
 20
64.02916666666667
 10
177.41899999999998
 20
63.98683333333333
 10
177.3555
 20
63.92333333333333
 10
177.27083333333331
 20
63.881
 10
177.20733333333334
 20
63.859833333333334
 10
177.01683333333332
 20
63.859833333333334
 10
176.76283333333333
 20
63.902166666666666
 10
175.51399999999998
 20
63.881
 10
174.90016666666665
 20
63.881
 10
174.83666666666667
 20
63.881
 10
174.75199999999998
 20
63.881
 10
174.6885
 20
63.859833333333334
 10
174.64616666666666
 20
63.83866666666666
 10
174.5615
 20
63.775166666666664
 10
174.51916666666665
 20
63.711666666666666
 10
174.498
 20
63.669333333333334
 10
174.47683333333333
 20
63.584666666666664
 10
174.47683333333333
 20
63.54233333333333
 10
174.51916666666665
 20
63.39416666666666
 10
174.51916666666665
 20
63.3095
 10
174.47683333333333
 20
63.097833333333334
 10
174.498
 20
62.907333333333334
 10
174.498
 20
62.8015
 10
174.45566666666667
 20
62.69566666666667
 10
174.45566666666667
 20
62.46283333333333
 10
174.47683333333333
 20
62.103
 10
174.51916666666665
 20
61.976
 10
174.51916666666665
 20
61.849
 10
174.47683333333333
 20
61.76433333333333
 10
174.47683333333333
 20
61.67966666666666
 10
174.47683333333333
 20
61.616166666666665
 10
174.47683333333333
 20
61.55266666666667
 10
174.51916666666665
 20
61.51033333333333
 10
174.54033333333334
 20
61.467999999999996
 10
174.54033333333334
 20
61.36216666666667
 10
174.498
 20
61.25633333333333
 10
174.47683333333333
 20
61.06583333333333
 10
174.47683333333333
 20
60.833
 10
174.51916666666665
 20
60.579
 10
174.51916666666665
 20
60.452
 10
174.498
 20
60.30383333333333
 10
174.51916666666665
 20
60.092166666666664
 10
174.51916666666665
 20
59.838166666666666
 10
174.498
 20
59.647666666666666
 10
174.498
 20
59.54183333333333
 10
174.51916666666665
 20
58.82216666666667
 10
174.54033333333334
 20
58.7375
 10
174.58266666666665
 20
58.674
 10
174.60383333333334
 20
58.58933333333333
 10
174.625
 20
58.504666666666665
 10
174.625
 20
58.39883333333333
 10
174.64616666666666
 20
58.33533333333333
 10
174.6885
 20
58.27183333333333
 10
174.73083333333332
 20
58.2295
 10
174.8155
 20
58.18716666666666
 10
177.2285
 20
58.20833333333333
 10
177.3555
 20
58.20833333333333
 10
177.41899999999998
 20
58.18716666666666
 10
177.46133333333333
 20
58.166
 10
177.52483333333333
 20
58.1025
 10
177.546
 20
58.06016666666667
 10
177.546
 20
57.99666666666666
 10
177.52483333333333
 20
57.742666666666665
 10
177.546
 20
57.67916666666667
 10
177.58833333333334
 20
57.61566666666666
 10
177.58833333333334
 20
57.446333333333335
 10
177.56716666666665
 20
57.171166666666664
 10
177.6095
 20
57.0865
 10
177.63066666666666
 20
56.896
 10
177.63066666666666
 20
56.81133333333333
 10
177.6095
 20
56.345666666666666
 10
177.56716666666665
 20
56.134
 10
177.56716666666665
 20
55.964666666666666
 10
177.58833333333334
 20
55.689499999999995
 10
177.546
 20
55.393166666666666
 10
177.546
 20
55.22383333333333
 10
177.58833333333334
 20
55.117999999999995
 10
177.58833333333334
 20
55.07566666666666
 10
177.56716666666665
 20
54.483
 10
177.6095
 20
54.37716666666667
 10
177.6095
 20
54.2925
 10
177.58833333333334
 20
54.0385
 10
177.6095
 20
53.95383333333333
 10
177.65183333333331
 20
53.82683333333333
 10
177.65183333333331
 20
53.382333333333335
 10
177.63066666666666
 20
53.23416666666667
 10
177.58833333333334
 20
53.12833333333333
 10
177.58833333333334
 20
52.916666666666664
 10
177.63066666666666
 20
52.810833333333335
 10
177.63066666666666
 20
52.768499999999996
 10
177.58833333333334
 20
52.66266666666667
 10
177.58833333333334
 20
52.429833333333335
 10
177.63066666666666
 20
52.345166666666664
 10
177.65183333333331
 20
52.2605
 10
177.65183333333331
 20
52.154666666666664
 10
177.6095
 20
52.02766666666667
 10
177.6095
 20
51.964166666666664
 10
177.63066666666666
 20
51.858333333333334
 10
177.58833333333334
 20
51.73133333333333
 10
177.58833333333334
 20
51.39266666666666
 10
177.6095
 20
51.20216666666666
 10
177.65183333333331
 20
51.096333333333334
 10
177.65183333333331
 20
50.96933333333333
 10
177.63066666666666
 20
50.8
 10
177.673
 20
50.715333333333334
 10
177.673
 20
50.673
 10
177.65183333333331
 20
50.6095
 10
177.6095
 20
50.50366666666667
 10
177.6095
 20
50.27083333333333
 10
177.63066666666666
 20
48.8315
 10
177.65183333333331
 20
48.72566666666666
 10
177.673
 20
48.61983333333333
 10
177.69416666666666
 20
48.556333333333335
 10
177.71533333333332
 20
48.513999999999996
 10
177.88466666666667
 20
48.34466666666667
 10
178.09633333333332
 20
48.23883333333333
 10
178.2445
 20
48.217666666666666
 10
180.61516666666665
 20
48.23883333333333
 10
180.69983333333332
 20
48.1965
 10
180.76333333333332
 20
48.175333333333334
 10
180.86916666666667
 20
48.175333333333334
 10
180.93266666666665
 20
48.1965
 10
181.01733333333334
 20
48.23883333333333
 10
181.102
 20
48.26
 10
181.27133333333333
 20
48.281166666666664
 10
181.39833333333334
 20
48.281166666666664
 10
182.4355
 20
48.281166666666664
 10
182.66833333333332
 20
48.26
 10
182.79533333333333
 20
48.26
 10
182.90116666666665
 20
48.30233333333333
 10
183.17633333333333
 20
48.30233333333333
 10
183.53616666666667
 20
48.281166666666664
 10
183.91716666666667
 20
48.281166666666664
 10
184.06533333333334
 20
48.281166666666664
 10
184.4675
 20
48.323499999999996
 10
185.58933333333331
 20
48.34466666666667
 10
187.49433333333332
 20
48.34466666666667
 10
187.55783333333332
 20
48.323499999999996
 10
187.706
 20
48.23883333333333
 10
187.98116666666667
 20
48.23883333333333
 10
188.04466666666667
 20
48.281166666666664
 10
188.087
 20
48.323499999999996
 10
188.1505
 20
48.34466666666667
 10
188.29866666666666
 20
48.365833333333335
 10
189.4205
 20
48.387
 10
190.24599999999998
 20
48.365833333333335
 10
190.28833333333333
 20
48.365833333333335
 10
190.754
 20
48.387
 10
190.9445
 20
48.42933333333333
 10
191.02916666666667
 20
48.42933333333333
 10
191.15616666666665
 20
48.408166666666666
 10
191.30433333333332
 20
48.42933333333333
 10
191.49483333333333
 20
48.387
 10
191.74883333333332
 20
48.387
 10
192.06633333333332
 20
48.387
 10
192.15099999999998
 20
48.387
 10
192.57433333333333
 20
48.42933333333333
 10
193.3575
 20
48.4505
 10
193.63266666666667
 20
48.42933333333333
 10
193.71733333333333
 20
48.42933333333333
 10
194.35233333333332
 20
48.4505
 10
194.5005
 20
48.42933333333333
 10
194.564
 20
48.408166666666666
 10
194.64866666666666
 20
48.365833333333335
 10
194.7545
 20
48.34466666666667
 10
194.90266666666665
 20
48.323499999999996
 10
194.96616666666665
 20
48.323499999999996
 10
195.0085
 20
48.34466666666667
 10
195.09316666666666
 20
48.42933333333333
 10
195.15666666666667
 20
48.4505
 10
195.68583333333333
 20
48.471666666666664
 10
197.46383333333333
 20
48.4505
 10
197.52733333333333
 20
48.4505
 10
197.59083333333334
 20
48.471666666666664
 10
197.63316666666665
 20
48.49283333333333
 10
197.69666666666666
 20
48.556333333333335
 10
197.739
 20
48.61983333333333
 10
197.78133333333332
 20
48.68333333333333
 10
197.82366666666667
 20
48.78916666666667
 10
197.86599999999999
 20
48.8315
 10
197.9295
 20
48.9585
 10
197.95066666666665
 20
49.10666666666666
 10
197.97183333333334
 20
49.57233333333333
 10
197.97183333333334
 20
50.715333333333334
 10
197.9295
 20
50.84233333333333
 10
197.9295
 20
50.905833333333334
 10
197.97183333333334
 20
51.286833333333334
 10
197.97183333333334
 20
51.3715
 10
197.97183333333334
 20
51.98533333333333
 10
197.97183333333334
 20
52.091166666666666
 10
197.95066666666665
 20
53.82683333333333
 10
197.90833333333333
 20
53.95383333333333
 10
197.90833333333333
 20
54.250166666666665
 10
197.9295
 20
54.31366666666666
 10
198.01416666666665
 20
54.39833333333333
 10
198.0565
 20
54.4195
 10
198.18349999999998
 20
54.440666666666665
 10
198.6915
 20
54.46183333333333
 10
198.77616666666665
 20
54.46183333333333
 10
199.17833333333334
 20
54.46183333333333
 10
199.39
 20
54.440666666666665
 10
199.43233333333333
 20
54.440666666666665
 10
200.08849999999998
 20
54.46183333333333
 10
200.25783333333334
 20
54.4195
 10
200.533
 20
54.4195
 10
200.5965
 20
54.440666666666665
 10
200.68116666666666
 20
54.483
 10
200.787
 20
54.58883333333333
 10
200.80816666666666
 20
54.631166666666665
 10
200.82933333333332
 20
54.69466666666666
 10
200.85049999999998
 20
54.8005
 10
200.87166666666667
 20
54.90633333333333
 10
200.89283333333333
 20
55.0545
 10
200.89283333333333
 20
56.62083333333333
 10
200.85049999999998
 20
57.5945
 10
200.85049999999998
 20
57.7215
 10
200.89283333333333
 20
58.123666666666665
 10
200.89283333333333
 20
58.3565
 10
200.87166666666667
 20
58.56816666666666
 10
200.82933333333332
 20
58.652833333333334
 10
200.82933333333332
 20
58.77983333333333
 10
200.82933333333332
 20
59.35133333333333
 10
200.82933333333332
 20
59.47833333333333
 10
200.82933333333332
 20
59.66883333333333
 10
200.82933333333332
 20
59.711166666666664
 10
200.82933333333332
 20
59.96516666666667
 10
200.85049999999998
 20
60.15566666666666
 10
200.85049999999998
 20
60.24033333333333
 10
200.82933333333332
 20
60.96
 10
200.80816666666666
 20
61.341
 10
200.787
 20
61.595
 10
200.76583333333332
 20
61.74316666666667
 10
200.74466666666666
 20
61.849
 10
200.7235
 20
61.93366666666667
 10
200.7023333333333
 20
62.01833333333333
 10
200.63883333333334
 20
62.14533333333333
 10
200.5965
 20
62.187666666666665
 10
200.51183333333333
 20
62.23
 10
199.68633333333332
 20
62.23
 10
197.993
 20
62.20883333333333
 10
197.90833333333333
 20
62.23
 10
197.86599999999999
 20
62.25116666666666
 10
197.76016666666666
 20
62.357
 10
197.739
 20
62.39933333333333
 10
197.739
 20
62.52633333333333
 10
197.78133333333332
 20
62.63216666666666
 10
197.78133333333332
 20
63.5
 10
197.739
 20
63.584666666666664
 10
197.76016666666666
 20
64.02916666666667
 10
197.76016666666666
 20
64.21966666666667
 10
197.739
 20
64.47366666666666
 10
197.76016666666666
 20
64.87583333333333
 10
197.76016666666666
 20
64.93933333333334
 10
197.76016666666666
 20
66.01883333333333
 10
197.71783333333332
 20
66.63266666666667
 10
197.71783333333332
 20
67.52166666666666
 10
197.6755
 20
67.691
 10
197.6755
 20
68.17783333333333
 10
197.65433333333334
 20
68.36833333333333
 10
197.63316666666665
 20
68.43183333333333
 10
197.612
 20
68.49533333333333
 10
197.56966666666665
 20
68.58
 10
197.52733333333333
 20
68.6435
 10
197.48499999999999
 20
68.68583333333333
 10
197.40033333333332
 20
68.72816666666667
 10
197.33683333333332
 20
68.74933333333333
 10
197.25216666666665
 20
68.7705
 10
197.12516666666667
 20
68.7705
 10
196.85
 20
68.74933333333333
 10
196.57483333333332
 20
68.7705
 10
196.0245
 20
68.74933333333333
 10
195.91866666666667
 20
68.7705
 10
195.7705
 20
68.81283333333333
 10
195.60116666666667
 20
68.834
 10
195.41066666666666
 20
68.81283333333333
 10
195.28366666666665
 20
68.81283333333333
 10
195.22016666666667
 20
68.85516666666666
 10
195.1355
 20
68.87633333333333
 10
194.92383333333333
 20
68.87633333333333
 10
194.8815
 20
68.81283333333333
 10
194.945
 20
68.68583333333333
 10
194.92383333333333
 20
68.62233333333333
 10
194.8815
 20
68.58
 10
194.83916666666667
 20
68.49533333333333
 10
194.83916666666667
 20
68.11433333333333
 10
194.83916666666667
 20
68.02966666666667
 10
194.77566666666667
 20
67.96616666666667
 10
194.73333333333332
 20
67.90266666666666
 10
194.71216666666666
 20
67.83916666666667
 10
194.64866666666666
 20
67.7545
 10
194.58516666666665
 20
67.691
 10
194.564
 20
67.6275
 10
194.43699999999998
 20
67.5005
 10
194.35233333333332
 20
67.45816666666667
 10
194.28883333333332
 20
67.437
 10
194.183
 20
67.437
 10
194.05599999999998
 20
67.47933333333333
 10
193.39983333333333
 20
67.45816666666667
 10
193.18816666666666
 20
67.45816666666667
 10
192.95533333333333
 20
67.5005
 10
192.7648333333333
 20
67.5005
 10
192.17216666666667
 20
67.45816666666667
 10
192.024
 20
67.45816666666667
 10
191.9605
 20
67.47933333333333
 10
191.91816666666665
 20
67.5005
 10
191.85466666666667
 20
67.564
 10
191.81233333333333
 20
67.64866666666667
 10
191.81233333333333
 20
67.8815
 10
191.76999999999998
 20
67.98733333333332
 10
191.76999999999998
 20
68.02966666666667
 10
191.79116666666667
 20
68.28366666666666
 10
191.74883333333332
 20
68.3895
 10
191.74883333333332
 20
68.49533333333333
 10
191.72766666666666
 20
68.60116666666667
 10
191.68533333333332
 20
68.6435
 10
191.60066666666665
 20
68.68583333333333
 10
191.53716666666665
 20
68.707
 10
191.4525
 20
68.72816666666667
 10
191.05033333333333
 20
68.72816666666667
 10
190.58466666666666
 20
68.68583333333333
 10
190.39416666666665
 20
68.68583333333333
 10
190.16133333333332
 20
68.707
 10
188.19283333333334
 20
68.68583333333333
 10
188.12933333333334
 20
68.707
 10
187.96
 20
68.79166666666667
 10
187.833
 20
68.91866666666667
 10
187.833
 20
68.961
 10
187.79066666666665
 20
69.0245
 10
187.7695
 20
69.088
 10
187.74833333333333
 20
69.17266666666667
 10
187.7695
 20
69.38433333333333
 10
187.7695
 20
69.51133333333333
 10
187.72716666666665
 20
69.61716666666666
 10
187.706
 20
70.88716666666666
 10
187.72716666666665
 20
71.09883333333333
 10
187.706
 20
71.26816666666666
 10
187.706
 20
71.3105
 10
187.72716666666665
 20
71.41633333333333
 10
187.79066666666665
 20
71.54333333333334
 10
187.833
 20
71.60683333333333
 10
187.87533333333332
 20
71.67033333333333
 10
187.98116666666667
 20
71.77616666666667
 10
188.10816666666665
 20
71.83966666666666
 10
188.19283333333334
 20
71.86083333333333
 10
189.01833333333332
 20
71.882
 10
189.31466666666665
 20
71.86083333333333
 10
189.44166666666666
 20
71.86083333333333
 10
189.65333333333334
 20
71.882
 10
189.92849999999999
 20
71.86083333333333
 10
190.77516666666665
 20
71.882
 10
191.55833333333334
 20
71.90316666666666
 10
191.68533333333332
 20
72.009
 10
191.7065
 20
72.07249999999999
 10
191.72766666666666
 20
72.28416666666666
 10
191.72766666666666
 20
72.9615
 10
191.74883333333332
 20
73.02499999999999
 10
191.76999999999998
 20
73.06733333333334
 10
191.85466666666667
 20
73.152
 10
191.897
 20
73.17316666666666
 10
192.12983333333332
 20
73.17316666666666
 10
192.68016666666665
 20
73.17316666666666
 10
192.93416666666667
 20
73.152
 10
193.1035
 20
73.152
 10
193.2305
 20
73.19433333333333
 10
193.63266666666667
 20
73.21549999999999
 10
193.75966666666667
 20
73.21549999999999
 10
194.01366666666667
 20
73.19433333333333
 10
194.26766666666666
 20
73.21549999999999
 10
194.3735
 20
73.19433333333333
 10
194.41583333333332
 20
73.17316666666666
 10
194.66983333333332
 20
72.91916666666667
 10
194.7545
 20
72.85566666666666
 10
194.81799999999998
 20
72.79216666666666
 10
194.81799999999998
 20
72.5805
 10
194.77566666666667
 20
72.07249999999999
 10
194.77566666666667
 20
71.882
 10
194.86033333333333
 20
71.79733333333333
 10
195.1355
 20
71.79733333333333
 10
195.453
 20
71.8185
 10
195.53766666666667
 20
71.83966666666666
 10
195.60116666666667
 20
71.86083333333333
 10
195.68583333333333
 20
71.90316666666666
 10
195.79166666666666
 20
71.92433333333334
 10
195.93983333333333
 20
71.9455
 10
196.1515
 20
71.96666666666667
 10
196.74416666666667
 20
71.96666666666667
 10
196.89233333333334
 20
72.009
 10
197.31566666666666
 20
72.009
 10
197.37916666666666
 20
72.03016666666666
 10
197.42149999999998
 20
72.05133333333333
 10
197.5485
 20
72.17833333333333
 10
197.59083333333334
 20
72.26299999999999
 10
197.612
 20
72.3265
 10
197.63316666666665
 20
72.43233333333333
 10
197.63316666666665
 20
72.5805
 10
197.59083333333334
 20
73.51183333333333
 10
197.59083333333334
 20
73.63883333333334
 10
197.612
 20
73.8505
 10
197.56966666666665
 20
74.21033333333334
 10
197.56966666666665
 20
74.27383333333333
 10
197.56966666666665
 20
75.14166666666667
 10
197.56966666666665
 20
75.39566666666667
 10
197.59083333333334
 20
75.92483333333332
 10
197.5485
 20
76.073
 10
197.56966666666665
 20
76.30583333333333
 10
197.56966666666665
 20
76.43283333333333
 10
197.52733333333333
 20
76.53866666666667
 10
197.52733333333333
 20
76.66566666666667
 10
197.52733333333333
 20
77.23716666666667
 10
197.52733333333333
 20
77.36416666666666
 10
197.52733333333333
 20
77.93566666666666
 10
197.52733333333333
 20
77.978
 10
197.5485
 20
78.4225
 10
197.50616666666667
 20
78.6765
 10
197.52733333333333
 20
79.121
 10
197.52733333333333
 20
79.1845
 10
197.48499999999999
 20
79.3115
 10
197.48499999999999
 20
79.41733333333333
 10
197.50616666666667
 20
80.0735
 10
197.48499999999999
 20
81.04716666666667
 10
197.44266666666667
 20
81.51283333333333
 10
197.44266666666667
 20
81.63983333333333
 10
197.46383333333333
 20
82.2325
 10
197.42149999999998
 20
82.931
 10
197.42149999999998
 20
83.01566666666666
 10
197.44266666666667
 20
83.24849999999999
 10
197.40033333333332
 20
83.35433333333333
 10
197.40033333333332
 20
83.39666666666666
 10
197.40033333333332
 20
84.11633333333333
 10
197.42149999999998
 20
84.41266666666667
 10
197.42149999999998
 20
84.455
 10
197.40033333333332
 20
84.81483333333333
 10
197.42149999999998
 20
85.25933333333333
 10
197.37916666666666
 20
85.61916666666666
 10
197.37916666666666
 20
85.6615
 10
197.40033333333332
 20
86.40233333333333
 10
197.37916666666666
 20
87.3125
 10
197.33683333333332
 20
87.67233333333333
 10
197.33683333333332
 20
87.75699999999999
 10
197.358
 20
88.24383333333333
 10
197.37916666666666
 20
88.30733333333333
 10
197.40033333333332
 20
88.34966666666666
 10
197.48499999999999
 20
88.43433333333333
 10
197.52733333333333
 20
88.4555
 10
197.59083333333334
 20
88.47666666666666
 10
197.82366666666667
 20
88.47666666666666
 10
198.96666666666667
 20
88.47666666666666
 10
199.136
 20
88.47666666666666
 10
199.85566666666665
 20
88.4555
 10
199.98266666666666
 20
88.47666666666666
 10
200.04616666666666
 20
88.49783333333333
 10
200.13083333333333
 20
88.54016666666666
 10
200.17316666666667
 20
88.5825
 10
200.2155
 20
88.62483333333333
 10
200.25783333333334
 20
88.66716666666666
 10
200.279
 20
88.70949999999999
 10
200.30016666666666
 20
88.81533333333333
 10
200.30016666666666
 20
89.09049999999999
 10
200.3425
 20
89.28099999999999
 10
200.3425
 20
89.42916666666666
 10
200.30016666666666
 20
90.17
 10
200.30016666666666
 20
90.25466666666667
 10
200.3213333333333
 20
90.50866666666667
 10
200.279
 20
90.57216666666666
 10
200.279
 20
90.84733333333332
 10
200.30016666666666
 20
90.932
 10
200.3425
 20
90.99549999999999
 10
200.3425
 20
91.03783333333332
 10
200.38483333333332
 20
91.10133333333333
 10
200.406
 20
91.16483333333333
 10
200.406
 20
91.33416666666666
 10
200.36366666666666
 20
91.46116666666667
 10
200.36366666666666
 20
91.60933333333332
 10
200.3213333333333
 20
91.71516666666666
 10
200.30016666666666
 20
92.05383333333333
 10
200.30016666666666
 20
92.24433333333333
 10
200.3213333333333
 20
92.47716666666666
 10
200.30016666666666
 20
92.85816666666666
 10
200.25783333333334
 20
92.98516666666666
 10
200.25783333333334
 20
93.0275
 10
200.30016666666666
 20
93.1545
 10
200.30016666666666
 20
93.26033333333334
 10
200.279
 20
93.55666666666666
 10
200.25783333333334
 20
93.62016666666666
 10
200.17316666666667
 20
93.76833333333333
 10
200.17316666666667
 20
94.08583333333333
 10
200.06733333333332
 20
94.21283333333334
 10
200.00383333333332
 20
94.234
 10
199.91916666666665
 20
94.234
 10
199.72866666666667
 20
94.234
 10
199.60166666666666
 20
94.234
 10
199.517
 20
94.19166666666666
 10
199.30533333333332
 20
94.19166666666666
 10
199.24183333333332
 20
94.19166666666666
 10
198.8185
 20
94.19166666666666
 10
198.47983333333332
 20
94.234
 10
198.26816666666667
 20
94.21283333333334
 10
198.18349999999998
 20
94.21283333333334
 10
198.07766666666666
 20
94.25516666666667
 10
197.59083333333334
 20
94.234
 10
197.37916666666666
 20
94.234
 10
197.33683333333332
 20
94.25516666666667
 10
197.27333333333334
 20
94.31866666666666
 10
197.25216666666665
 20
94.361
 10
197.25216666666665
 20
94.615
 10
197.2945
 20
94.8055
 10
197.31566666666666
 20
94.996
 10
197.31566666666666
 20
95.0595
 10
197.2945
 20
95.65216666666666
 10
197.25216666666665
 20
95.758
 10
197.231
 20
95.8215
 10
197.231
 20
95.88499999999999
 10
197.27333333333334
 20
95.96966666666667
 10
197.27333333333334
 20
96.07549999999999
 10
197.25216666666665
 20
96.139
 10
197.20983333333334
 20
96.24483333333333
 10
197.20983333333334
 20
96.393
 10
197.25216666666665
 20
96.62583333333333
 10
197.25216666666665
 20
96.83749999999999
 10
197.231
 20
97.17616666666666
 10
197.20983333333334
 20
97.51483333333333
 10
197.18866666666665
 20
97.64183333333332
 10
197.18866666666665
 20
97.70533333333333
 10
197.18866666666665
 20
97.76883333333333
 10
197.231
 20
97.8535
 10
197.231
 20
97.89583333333333
 10
197.18866666666665
 20
98.00166666666667
 10
197.18866666666665
 20
98.19216666666667
 10
197.18866666666665
 20
98.53083333333333
 10
197.18866666666665
 20
98.6155
 10
197.231
 20
98.72133333333333
 10
197.231
 20
99.20816666666667
 10
197.18866666666665
 20
99.568
 10
197.18866666666665
 20
99.695
 10
197.231
 20
99.7585
 10
197.231
 20
100.0125
 10
197.20983333333334
 20
100.60516666666666
 10
197.1675
 20
100.68983333333333
 10
197.1675
 20
100.75333333333333
 10
197.20983333333334
 20
100.838
 10
197.20983333333334
 20
101.5365
 10
197.18866666666665
 20
102.19266666666667
 10
197.14633333333333
 20
102.31966666666666
 10
197.14633333333333
 20
102.44666666666666
 10
197.12516666666667
 20
102.59483333333333
 10
197.10399999999998
 20
102.67949999999999
 10
197.06166666666667
 20
102.72183333333334
 10
197.04049999999998
 20
102.76416666666667
 10
197.01933333333332
 20
102.82766666666666
 10
197.01933333333332
 20
102.86999999999999
 10
196.99816666666666
 20
102.95466666666667
 10
196.977
 20
103.01816666666666
 10
196.93466666666666
 20
103.06049999999999
 10
196.82883333333334
 20
103.14516666666667
 10
196.76533333333333
 20
103.14516666666667
 10
196.70183333333333
 20
103.16633333333333
 10
196.596
 20
103.22983333333333
 10
196.42666666666665
 20
103.20866666666666
 10
196.32083333333333
 20
103.20866666666666
 10
195.02966666666666
 20
103.20866666666666
 10
194.73333333333332
 20
103.22983333333333
  0
LWPOLYLINE
  5
34
330
17
100
AcDbEntity
  8
0
100
AcDbPolyline
 90
115
 70
1
 10
190.39416666666665
 20
58.3565
 10
190.6905
 20
58.33533333333333
 10
190.83866666666665
 20
58.33533333333333
 10
191.3255
 20
58.3565
 10
191.41016666666667
 20
58.33533333333333
 10
191.49483333333333
 20
58.314166666666665
 10
191.55833333333334
 20
58.293
 10
191.62183333333334
 20
58.25066666666667
 10
191.66416666666666
 20
58.25066666666667
 10
191.74883333333332
 20
58.20833333333333
 10
191.81233333333333
 20
58.166
 10
191.93933333333334
 20
58.06016666666667
 10
192.10866666666666
 20
57.89083333333333
 10
192.15099999999998
 20
57.82733333333333
 10
192.19333333333333
 20
57.76383333333333
 10
192.2145
 20
57.7215
 10
192.23566666666667
 20
57.658
 10
192.25683333333333
 20
57.5945
 10
192.25683333333333
 20
57.552166666666665
 10
192.29916666666665
 20
57.48866666666667
 10
192.32033333333334
 20
57.403999999999996
 10
192.3415
 20
57.15
 10
192.3415
 20
57.065333333333335
 10
192.32033333333334
 20
56.85366666666666
 10
192.3415
 20
55.90116666666667
 10
192.3838333333333
 20
55.07566666666666
 10
192.3838333333333
 20
54.864
 10
192.36266666666666
 20
54.61
 10
192.3838333333333
 20
54.08083333333333
 10
192.36266666666666
 20
53.975
 10
192.3415
 20
53.89033333333333
 10
192.17216666666667
 20
53.55166666666666
 10
192.0028333333333
 20
53.36116666666666
 10
191.91816666666665
 20
53.2765
 10
191.79116666666667
 20
53.213
 10
191.74883333333332
 20
53.213
 10
191.643
 20
53.149499999999996
 10
191.5795
 20
53.12833333333333
 10
191.4525
 20
53.107166666666664
 10
191.34666666666666
 20
53.086
 10
191.24083333333334
 20
53.06483333333333
 10
190.92333333333332
 20
53.086
 10
190.754
 20
53.086
 10
190.45766666666665
 20
53.04366666666667
 10
190.28833333333333
 20
53.04366666666667
 10
190.1825
 20
53.086
 10
190.01316666666665
 20
53.086
 10
188.82783333333333
 20
53.06483333333333
 10
188.76433333333333
 20
53.06483333333333
 10
188.595
 20
53.06483333333333
 10
188.44683333333333
 20
53.0225
 10
188.00233333333333
 20
53.04366666666667
 10
187.74833333333333
 20
53.04366666666667
 10
187.40966666666665
 20
53.04366666666667
 10
187.30383333333333
 20
53.04366666666667
 10
185.97033333333331
 20
53.0225
 10
185.8645
 20
52.98016666666666
 10
185.58933333333331
 20
52.98016666666666
 10
184.48866666666666
 20
53.0225
 10
184.4463333333333
 20
53.0225
 10
184.023
 20
53.001333333333335
 10
183.93833333333333
 20
53.0225
 10
183.87483333333333
 20
53.04366666666667
 10
183.81133333333332
 20
53.06483333333333
 10
183.72666666666666
 20
53.107166666666664
 10
183.66316666666665
 20
53.149499999999996
 10
183.53616666666667
 20
53.25533333333333
 10
183.43033333333332
 20
53.339999999999996
 10
183.388
 20
53.382333333333335
 10
183.34566666666666
 20
53.44583333333333
 10
183.28216666666665
 20
53.594
 10
183.23983333333334
 20
53.63633333333333
 10
183.1975
 20
53.721
 10
183.17633333333333
 20
53.80566666666667
 10
183.15516666666667
 20
53.89033333333333
 10
183.134
 20
53.99616666666667
 10
183.11283333333333
 20
54.4195
 10
183.11283333333333
 20
55.28733333333333
 10
183.07049999999998
 20
55.393166666666666
 10
183.07049999999998
 20
55.52016666666667
 10
183.11283333333333
 20
56.218666666666664
 10
183.07049999999998
 20
56.43033333333333
 10
183.07049999999998
 20
56.599666666666664
 10
183.11283333333333
 20
56.874833333333335
 10
183.11283333333333
 20
56.9595
 10
183.09166666666667
 20
57.277
 10
183.11283333333333
 20
57.361666666666665
 10
183.134
 20
57.42516666666666
 10
183.15516666666667
 20
57.48866666666667
 10
183.17633333333333
 20
57.57333333333333
 10
183.23983333333334
 20
57.70033333333333
 10
183.30333333333334
 20
57.785
 10
183.43033333333332
 20
57.912
 10
183.49383333333333
 20
57.95433333333333
 10
183.5785
 20
58.01783333333333
 10
183.66316666666665
 20
58.08133333333333
 10
183.74783333333332
 20
58.123666666666665
 10
183.79016666666666
 20
58.123666666666665
 10
183.85366666666667
 20
58.166
 10
183.91716666666667
 20
58.18716666666666
 10
183.98066666666665
 20
58.20833333333333
 10
184.04416666666665
 20
58.2295
 10
184.12883333333332
 20
58.25066666666667
 10
184.21349999999998
 20
58.25066666666667
 10
184.31933333333333
 20
58.2295
 10
185.42
 20
58.25066666666667
 10
185.4835
 20
58.25066666666667
 10
185.65283333333332
 20
58.27183333333333
 10
186.09733333333332
 20
58.293
 10
186.817
 20
58.27183333333333
 10
186.92283333333333
 20
58.27183333333333
 10
189.06066666666666
 20
58.314166666666665
 10
189.65333333333334
 20
58.293
 10
189.90733333333333
 20
58.293
 10
190.26716666666667
 20
58.314166666666665
  0
LWPOLYLINE
  5
35
330
17
100
AcDbEntity
  8
0
100
AcDbPolyline
 90
120
 70
1
 10
186.45716666666667
 20
98.40383333333332
 10
187.02866666666665
 20
98.38266666666667
 10
187.24033333333333
 20
98.38266666666667
 10
190.90216666666666
 20
98.40383333333332
 10
190.96566666666666
 20
98.38266666666667
 10
191.02916666666667
 20
98.36149999999999
 10
191.24083333333334
 20
98.25566666666667
 10
191.3255
 20
98.19216666666667
 10
191.43133333333333
 20
98.1075
 10
191.53716666666665
 20
98.00166666666667
 10
191.5795
 20
97.93816666666666
 10
191.643
 20
97.81116666666667
 10
191.643
 20
97.76883333333333
 10
191.68533333333332
 20
97.70533333333333
 10
191.7065
 20
97.62066666666666
 10
191.72766666666666
 20
97.49366666666667
 10
191.72766666666666
 20
97.38783333333333
 10
191.72766666666666
 20
97.32433333333333
 10
191.72766666666666
 20
97.19733333333333
 10
191.76999999999998
 20
97.04916666666666
 10
191.79116666666667
 20
96.7105
 10
191.79116666666667
 20
96.62583333333333
 10
191.74883333333332
 20
96.45649999999999
 10
191.72766666666666
 20
95.46166666666666
 10
191.72766666666666
 20
95.33466666666666
 10
191.76999999999998
 20
95.14416666666666
 10
191.76999999999998
 20
94.97483333333334
 10
191.72766666666666
 20
94.89016666666666
 10
191.72766666666666
 20
94.82666666666667
 10
191.74883333333332
 20
94.107
 10
191.72766666666666
 20
94.0435
 10
191.68533333333332
 20
93.95883333333333
 10
191.68533333333332
 20
93.87416666666667
 10
191.66416666666666
 20
93.83183333333334
 10
191.53716666666665
 20
93.70483333333333
 10
191.49483333333333
 20
93.64133333333334
 10
191.47366666666667
 20
93.599
 10
191.47366666666667
 20
93.51433333333333
 10
191.43133333333333
 20
93.42966666666666
 10
191.36783333333332
 20
93.36616666666666
 10
191.21966666666665
 20
93.30266666666667
 10
191.17733333333334
 20
93.26033333333334
 10
190.881
 20
93.11216666666667
 10
189.738
 20
93.11216666666667
 10
189.52633333333333
 20
93.06983333333334
 10
188.87016666666665
 20
93.06983333333334
 10
188.76433333333333
 20
93.11216666666667
 10
188.595
 20
93.11216666666667
 10
188.40449999999998
 20
93.091
 10
187.93883333333332
 20
93.11216666666667
 10
187.833
 20
93.06983333333334
 10
187.79066666666665
 20
93.06983333333334
 10
187.68483333333333
 20
93.11216666666667
 10
187.34616666666665
 20
93.11216666666667
 10
187.21916666666667
 20
93.06983333333334
 10
186.85933333333332
 20
93.091
 10
186.79583333333332
 20
93.091
 10
186.6265
 20
93.06983333333334
 10
186.47833333333332
 20
93.0275
 10
185.39883333333333
 20
93.04866666666666
 10
185.27183333333332
 20
93.0275
 10
185.18716666666666
 20
93.0275
 10
184.785
 20
93.04866666666666
 10
184.55216666666666
 20
93.06983333333334
 10
184.48866666666666
 20
93.06983333333334
 10
184.42516666666666
 20
93.06983333333334
 10
184.36166666666665
 20
93.0275
 10
184.04416666666665
 20
93.04866666666666
 10
183.93833333333333
 20
93.04866666666666
 10
183.59966666666665
 20
93.0275
 10
183.40916666666666
 20
93.04866666666666
 10
183.34566666666666
 20
93.091
 10
183.30333333333334
 20
93.091
 10
183.21866666666665
 20
93.11216666666667
 10
183.09166666666667
 20
93.17566666666666
 10
183.04933333333332
 20
93.218
 10
183.007
 20
93.218
 10
182.96466666666666
 20
93.23916666666666
 10
182.8165
 20
93.36616666666666
 10
182.71066666666667
 20
93.472
 10
182.626
 20
93.64133333333334
 10
182.60483333333332
 20
93.74716666666666
 10
182.60483333333332
 20
93.83183333333334
 10
182.58366666666666
 20
93.89533333333333
 10
182.54133333333334
 20
93.95883333333333
 10
182.52016666666665
 20
94.02233333333334
 10
182.54133333333334
 20
94.14933333333333
 10
182.54133333333334
 20
94.21283333333334
 10
182.52016666666665
 20
94.50916666666666
 10
182.52016666666665
 20
94.57266666666666
 10
182.54133333333334
 20
94.89016666666666
 10
182.54133333333334
 20
95.10183333333333
 10
182.52016666666665
 20
95.41933333333333
 10
182.47783333333334
 20
95.54633333333334
 10
182.47783333333334
 20
95.60983333333333
 10
182.52016666666665
 20
95.73683333333334
 10
182.52016666666665
 20
96.139
 10
182.47783333333334
 20
96.5835
 10
182.499
 20
96.81633333333333
 10
182.499
 20
96.87983333333334
 10
182.47783333333334
 20
97.23966666666666
 10
182.499
 20
97.45133333333332
 10
182.52016666666665
 20
97.51483333333333
 10
182.5625
 20
97.57833333333333
 10
182.5625
 20
97.62066666666666
 10
182.66833333333332
 20
97.83233333333332
 10
182.71066666666667
 20
97.89583333333333
 10
182.9435
 20
98.12866666666666
 10
183.04933333333332
 20
98.17099999999999
 10
183.09166666666667
 20
98.21333333333332
 10
183.134
 20
98.2345
 10
183.1975
 20
98.25566666666667
 10
183.261
 20
98.27683333333333
 10
183.36683333333332
 20
98.298
 10
183.59966666666665
 20
98.31916666666666
 10
183.81133333333332
 20
98.34033333333333
 10
185.77983333333333
 20
98.34033333333333
 10
185.90683333333334
 20
98.38266666666667
 10
186.13966666666667
 20
98.36149999999999
 10
186.33016666666666
 20
98.36149999999999
  0
LWPOLYLINE
  5
36
330
17
100
AcDbEntity
  8
0
100
AcDbPolyline
 90
720
 70
1
 10
79.33266666666667
 20
107.42083333333333
 10
79.26916666666666
 20
107.39966666666666
 10
79.1845
 20
107.35733333333333
 10
78.994
 20
107.35733333333333
 10
78.9305
 20
107.33616666666666
 10
78.867
 20
107.29383333333332
 10
78.8035
 20
107.27266666666667
 10
78.6765
 20
107.27266666666667
 10
78.63416666666666
 20
107.2515
 10
78.59183333333333
 20
107.20916666666666
 10
78.5495
 20
107.188
 10
78.486
 20
107.16683333333333
 10
78.4225
 20
107.14566666666667
 10
78.359
 20
107.1245
 10
78.31666666666666
 20
107.1245
 10
78.25316666666666
 20
107.10333333333332
 10
78.1685
 20
107.08216666666667
 10
78.105
 20
107.06099999999999
 10
78.06266666666666
 20
107.03983333333333
 10
77.978
 20
106.95516666666667
 10
77.87216666666666
 20
106.87049999999999
 10
77.80866666666667
 20
106.87049999999999
 10
77.74516666666666
 20
106.84933333333333
 10
77.68166666666666
 20
106.807
 10
77.597
 20
106.72233333333332
 10
77.51233333333333
 20
106.67999999999999
 10
77.38533333333334
 20
106.553
 10
77.216
 20
106.553
 10
77.17366666666666
 20
106.51066666666667
 10
77.0255
 20
106.32016666666667
 10
76.962
 20
106.25666666666666
 10
76.85616666666667
 20
106.19316666666667
 10
76.7715
 20
106.08733333333333
 10
76.708
 20
106.02383333333333
 10
76.62333333333333
 20
105.9815
 10
76.53866666666667
 20
105.89683333333333
 10
76.49633333333333
 20
105.83333333333333
 10
76.454
 20
105.74866666666667
 10
76.454
 20
105.70633333333333
 10
76.43283333333333
 20
105.664
 10
76.24233333333333
 20
105.4735
 10
76.2
 20
105.41
 10
76.17883333333333
 20
105.36766666666666
 10
76.15766666666667
 20
105.30416666666666
 10
76.1365
 20
105.2195
 10
76.1365
 20
105.15599999999999
 10
76.09416666666667
 20
105.07133333333333
 10
76.05183333333333
 20
105.00783333333332
 10
76.0095
 20
104.96549999999999
 10
75.98833333333333
 20
104.92316666666666
 10
75.98833333333333
 20
104.85966666666667
 10
75.946
 20
104.77499999999999
 10
75.90366666666667
 20
104.73266666666666
 10
75.86133333333333
 20
104.648
 10
75.86133333333333
 20
104.521
 10
75.819
 20
104.43633333333334
 10
75.819
 20
104.24583333333334
 10
75.79783333333333
 20
104.20349999999999
 10
75.71316666666667
 20
104.14
 10
75.692
 20
104.09766666666667
 10
75.67083333333333
 20
104.05533333333334
 10
75.64966666666666
 20
103.84366666666666
 10
75.67083333333333
 20
103.20866666666666
 10
75.67083333333333
 20
103.08166666666666
 10
75.6285
 20
102.997
 10
75.6285
 20
102.95466666666667
 10
75.64966666666666
 20
102.89116666666666
 10
75.692
 20
102.8065
 10
75.692
 20
102.743
 10
75.67083333333333
 20
102.616
 10
75.73433333333332
 20
102.5525
 10
75.77666666666667
 20
102.46783333333333
 10
75.77666666666667
 20
102.4255
 10
75.7555
 20
102.31966666666666
 10
75.7555
 20
102.25616666666666
 10
75.7555
 20
102.12916666666666
 10
75.819
 20
102.00216666666667
 10
75.86133333333333
 20
101.95983333333334
 10
75.8825
 20
101.9175
 10
75.90366666666667
 20
101.83283333333333
 10
75.90366666666667
 20
101.7905
 10
75.8825
 20
101.727
 10
75.90366666666667
 20
101.62116666666667
 10
75.92483333333332
 20
101.55766666666666
 10
75.96716666666667
 20
101.473
 10
75.98833333333333
 20
101.36716666666666
 10
75.98833333333333
 20
101.07083333333333
 10
75.946
 20
100.98616666666666
 10
75.946
 20
100.85916666666667
 10
75.96716666666667
 20
100.7745
 10
75.96716666666667
 20
100.711
 10
75.946
 20
100.60516666666666
 10
75.946
 20
100.41466666666666
 10
75.92483333333332
 20
100.203
 10
75.8825
 20
100.076
 10
75.86133333333333
 20
99.73733333333332
 10
75.84016666666666
 20
99.39866666666667
 10
75.84016666666666
 20
99.33516666666667
 10
75.86133333333333
 20
99.20816666666667
 10
75.84016666666666
 20
98.50966666666666
 10
75.819
 20
98.34033333333333
 10
75.77666666666667
 20
98.25566666666667
 10
75.7555
 20
98.19216666666667
 10
75.7555
 20
98.14983333333333
 10
75.77666666666667
 20
98.08633333333333
 10
75.79783333333333
 20
98.044
 10
75.84016666666666
 20
98.00166666666667
 10
75.86133333333333
 20
97.95933333333333
 10
75.86133333333333
 20
97.87466666666667
 10
75.84016666666666
 20
97.83233333333332
 10
75.77666666666667
 20
97.76883333333333
 10
75.7555
 20
97.7265
 10
75.7555
 20
97.68416666666667
 10
75.71316666666667
 20
97.62066666666666
 10
75.692
 20
97.55716666666666
 10
75.692
 20
97.282
 10
75.64966666666666
 20
97.155
 10
75.6285
 20
97.00683333333333
 10
75.6285
 20
96.79516666666666
 10
75.60733333333333
 20
96.66816666666666
 10
75.565
 20
96.5835
 10
75.54383333333332
 20
96.49883333333334
 10
75.54383333333332
 20
96.2025
 10
75.58616666666667
 20
96.11783333333334
 10
75.58616666666667
 20
96.012
 10
75.6285
 20
95.92733333333334
 10
75.64966666666666
 20
95.86383333333333
 10
75.64966666666666
 20
95.758
 10
75.60733333333333
 20
95.67333333333333
 10
75.58616666666667
 20
95.50399999999999
 10
75.58616666666667
 20
95.41933333333333
 10
75.60733333333333
 20
95.22883333333333
 10
75.58616666666667
 20
95.16533333333334
 10
75.54383333333332
 20
95.08066666666666
 10
75.565
 20
94.78433333333334
 10
75.565
 20
94.65733333333333
 10
75.52266666666667
 20
94.57266666666666
 10
75.52266666666667
 20
94.488
 10
75.52266666666667
 20
94.4245
 10
75.5015
 20
93.93766666666666
 10
75.5015
 20
93.87416666666667
 10
75.52266666666667
 20
93.68366666666667
 10
75.48033333333333
 20
93.62016666666666
 10
75.48033333333333
 20
93.5355
 10
75.52266666666667
 20
93.472
 10
75.52266666666667
 20
93.38733333333333
 10
75.5015
 20
93.32383333333333
 10
75.41683333333333
 20
93.17566666666666
 10
75.39566666666667
 20
93.06983333333334
 10
75.3745
 20
92.85816666666666
 10
75.3745
 20
92.6465
 10
75.35333333333332
 20
92.41366666666666
 10
75.31099999999999
 20
92.22316666666666
 10
75.31099999999999
 20
92.15966666666667
 10
75.33216666666667
 20
92.05383333333333
 10
75.28983333333333
 20
91.84216666666667
 10
75.31099999999999
 20
91.71516666666666
 10
75.28983333333333
 20
91.44
 10
75.2475
 20
91.313
 10
75.2475
 20
91.27066666666667
 10
75.26866666666666
 20
91.10133333333333
 10
75.22633333333333
 20
90.95316666666666
 10
75.22633333333333
 20
90.8685
 10
75.2475
 20
90.61449999999999
 10
75.22633333333333
 20
90.17
 10
75.184
 20
90.08533333333332
 10
75.16283333333332
 20
90.00066666666666
 10
75.16283333333332
 20
89.81016666666666
 10
75.20516666666667
 20
89.7255
 10
75.20516666666667
 20
89.66199999999999
 10
75.16283333333332
 20
89.5985
 10
75.14166666666667
 20
89.535
 10
75.14166666666667
 20
89.027
 10
75.09933333333333
 20
88.94233333333334
 10
75.09933333333333
 20
88.60366666666667
 10
75.057
 20
88.47666666666666
 10
75.03583333333333
 20
88.392
 10
75.03583333333333
 20
88.32849999999999
 10
75.057
 20
88.18033333333334
 10
75.03583333333333
 20
88.011
 10
74.9935
 20
87.86283333333333
 10
74.97233333333332
 20
87.60883333333334
 10
74.97233333333332
 20
87.4395
 10
74.97233333333332
 20
87.37599999999999
 10
74.95116666666667
 20
87.249
 10
74.95116666666667
 20
86.97383333333333
 10
74.92999999999999
 20
86.69866666666667
 10
74.90883333333333
 20
86.614
 10
74.88766666666666
 20
86.50816666666667
 10
74.8665
 20
86.44466666666666
 10
74.76066666666667
 20
86.33883333333333
 10
74.73949999999999
 20
86.2965
 10
74.71833333333333
 20
86.21183333333333
 10
74.71833333333333
 20
86.106
 10
74.76066666666667
 20
86.02133333333333
 10
74.803
 20
85.979
 10
74.82416666666667
 20
85.93666666666667
 10
74.84533333333333
 20
85.87316666666666
 10
74.84533333333333
 20
85.70383333333334
 10
74.88766666666666
 20
85.64033333333333
 10
74.90883333333333
 20
85.57683333333333
 10
74.92999999999999
 20
85.51333333333334
 10
74.92999999999999
 20
85.344
 10
74.90883333333333
 20
85.25933333333333
 10
74.8665
 20
85.19583333333333
 10
74.8665
 20
85.04766666666666
 10
74.82416666666667
 20
84.94183333333334
 10
74.82416666666667
 20
84.60316666666667
 10
74.78183333333332
 20
84.328
 10
74.78183333333332
 20
83.98933333333333
 10
74.73949999999999
 20
83.8835
 10
74.71833333333333
 20
83.67183333333332
 10
74.73949999999999
 20
83.39666666666666
 10
74.73949999999999
 20
83.26966666666667
 10
74.69716666666666
 20
83.20616666666666
 10
74.676
 20
82.95216666666667
 10
74.65483333333333
 20
82.67699999999999
 10
74.65483333333333
 20
81.87266666666666
 10
74.6125
 20
81.76683333333334
 10
74.59133333333332
 20
81.63983333333333
 10
74.57016666666667
 20
81.36466666666666
 10
74.59133333333332
 20
81.28
 10
74.59133333333332
 20
81.23766666666667
 10
74.57016666666667
 20
81.0895
 10
74.52783333333333
 20
80.94133333333333
 10
74.54899999999999
 20
80.518
 10
74.54899999999999
 20
80.4545
 10
74.52783333333333
 20
80.24283333333334
 10
74.50666666666666
 20
80.17933333333333
 10
74.46433333333333
 20
80.09466666666667
 10
74.44316666666667
 20
80.00999999999999
 10
74.422
 20
79.81949999999999
 10
74.422
 20
79.65016666666666
 10
74.44316666666667
 20
79.375
 10
74.40083333333334
 20
79.26916666666666
 10
74.37966666666667
 20
79.01516666666666
 10
74.35849999999999
 20
78.74
 10
74.35849999999999
 20
78.63416666666666
 10
74.37966666666667
 20
78.359
 10
74.35849999999999
 20
78.02033333333333
 10
74.31616666666666
 20
77.70283333333333
 10
74.31616666666666
 20
77.23716666666667
 10
74.27383333333333
 20
77.0255
 10
74.25266666666667
 20
76.835
 10
74.25266666666667
 20
76.75033333333333
 10
74.27383333333333
 20
76.5175
 10
74.295
 20
76.28466666666667
 10
74.31616666666666
 20
76.24233333333333
 10
74.35849999999999
 20
76.2
 10
74.37966666666667
 20
76.1365
 10
74.37966666666667
 20
75.8825
 10
74.31616666666666
 20
75.77666666666667
 10
74.31616666666666
 20
75.73433333333332
 10
74.2315
 20
75.58616666666667
 10
74.21033333333334
 20
75.48033333333333
 10
74.21033333333334
 20
75.35333333333332
 10
74.16799999999999
 20
75.26866666666666
 10
74.14683333333333
 20
75.20516666666667
 10
74.12566666666666
 20
74.8665
 10
74.12566666666666
 20
74.46433333333333
 10
74.1045
 20
74.18916666666667
 10
74.06216666666667
 20
74.1045
 10
74.06216666666667
 20
73.95633333333333
 10
74.08333333333333
 20
73.7235
 10
74.041
 20
73.61766666666666
 10
74.01983333333334
 20
73.42716666666666
 10
74.041
 20
73.23666666666666
 10
74.041
 20
73.17316666666666
 10
74.01983333333334
 20
73.02499999999999
 10
73.97749999999999
 20
72.898
 10
73.97749999999999
 20
72.72866666666667
 10
74.01983333333334
 20
72.62283333333333
 10
74.01983333333334
 20
72.53816666666667
 10
73.99866666666667
 20
72.41116666666666
 10
74.01983333333334
 20
72.34766666666667
 10
74.06216666666667
 20
72.26299999999999
 10
74.06216666666667
 20
72.15716666666667
 10
74.041
 20
72.09366666666666
 10
73.99866666666667
 20
72.03016666666666
 10
73.97749999999999
 20
71.96666666666667
 10
73.97749999999999
 20
71.882
 10
74.01983333333334
 20
71.77616666666667
 10
74.01983333333334
 20
71.71266666666666
 10
73.914
 20
71.60683333333333
 10
73.89283333333333
 20
71.5645
 10
73.87166666666667
 20
70.993
 10
73.87166666666667
 20
70.866
 10
73.914
 20
70.612
 10
73.914
 20
70.40033333333334
 10
73.89283333333333
 20
70.06166666666667
 10
73.80816666666666
 20
69.9135
 10
73.80816666666666
 20
69.7865
 10
73.82933333333334
 20
69.68066666666667
 10
73.8505
 20
69.57483333333333
 10
73.87166666666667
 20
69.49016666666667
 10
73.89283333333333
 20
69.4055
 10
73.93516666666666
 20
69.32083333333333
 10
73.95633333333333
 20
69.23616666666666
 10
73.97749999999999
 20
69.1515
 10
73.99866666666667
 20
69.04566666666666
 10
73.99866666666667
 20
68.87633333333333
 10
74.01983333333334
 20
68.81283333333333
 10
74.06216666666667
 20
68.74933333333333
 10
74.08333333333333
 20
68.68583333333333
 10
74.1045
 20
68.62233333333333
 10
74.1045
 20
68.53766666666667
 10
74.12566666666666
 20
68.453
 10
74.14683333333333
 20
68.41066666666667
 10
74.18916666666667
 20
68.34716666666667
 10
74.2315
 20
68.30483333333333
 10
74.25266666666667
 20
68.2625
 10
74.27383333333333
 20
68.199
 10
74.27383333333333
 20
68.072
 10
74.295
 20
68.0085
 10
74.33733333333333
 20
67.945
 10
74.33733333333333
 20
67.90266666666666
 10
74.35849999999999
 20
67.83916666666667
 10
74.40083333333334
 20
67.77566666666667
 10
74.44316666666667
 20
67.71216666666666
 10
74.4855
 20
67.64866666666667
 10
74.52783333333333
 20
67.60633333333332
 10
74.54899999999999
 20
67.54283333333333
 10
74.59133333333332
 20
67.5005
 10
74.63366666666667
 20
67.437
 10
74.65483333333333
 20
67.39466666666667
 10
74.676
 20
67.33116666666666
 10
74.676
 20
67.28883333333333
 10
74.69716666666666
 20
67.22533333333332
 10
74.73949999999999
 20
67.16183333333333
 10
74.73949999999999
 20
67.1195
 10
74.76066666666667
 20
67.07716666666667
 10
74.803
 20
67.01366666666667
 10
74.88766666666666
 20
66.929
 10
74.92999999999999
 20
66.8655
 10
74.92999999999999
 20
66.82316666666667
 10
74.97233333333332
 20
66.7385
 10
75.01466666666667
 20
66.69616666666667
 10
75.12049999999999
 20
66.65383333333334
 10
75.20516666666667
 20
66.56916666666666
 10
75.22633333333333
 20
66.52683333333333
 10
75.22633333333333
 20
66.46333333333334
 10
75.2475
 20
66.39983333333333
 10
75.26866666666666
 20
66.3575
 10
75.39566666666667
 20
66.23049999999999
 10
75.54383333333332
 20
66.1035
 10
75.58616666666667
 20
66.01883333333333
 10
75.64966666666666
 20
65.9765
 10
75.692
 20
65.95533333333333
 10
75.73433333333332
 20
65.95533333333333
 10
75.77666666666667
 20
65.93416666666667
 10
75.90366666666667
 20
65.80716666666666
 10
75.98833333333333
 20
65.76483333333333
 10
76.03066666666666
 20
65.76483333333333
 10
76.1365
 20
65.68016666666666
 10
76.22116666666666
 20
65.5955
 10
76.28466666666667
 20
65.55316666666667
 10
76.3905
 20
65.48966666666666
 10
76.454
 20
65.42616666666666
 10
76.55983333333333
 20
65.3415
 10
76.66566666666667
 20
65.3415
 10
76.72916666666667
 20
65.32033333333334
 10
76.7715
 20
65.29916666666666
 10
76.87733333333333
 20
65.19333333333333
 10
76.91966666666667
 20
65.17216666666667
 10
76.98316666666666
 20
65.151
 10
77.06783333333333
 20
65.151
 10
77.13133333333333
 20
65.12983333333334
 10
77.19483333333334
 20
65.08749999999999
 10
77.23716666666667
 20
65.08749999999999
 10
77.30066666666666
 20
65.06633333333333
 10
77.36416666666666
 20
65.024
 10
77.4065
 20
64.98166666666667
 10
77.44883333333333
 20
64.9605
 10
77.49116666666666
 20
64.9605
 10
77.68166666666666
 20
64.85466666666666
 10
77.74516666666666
 20
64.8335
 10
77.851
 20
64.8335
 10
77.9145
 20
64.81233333333333
 10
77.95683333333334
 20
64.79116666666667
 10
77.99916666666667
 20
64.74883333333334
 10
78.0415
 20
64.74883333333334
 10
78.105
 20
64.70649999999999
 10
78.232
 20
64.70649999999999
 10
78.2955
 20
64.68533333333333
 10
78.44366666666666
 20
64.60066666666667
 10
78.613
 20
64.60066666666667
 10
78.71883333333334
 20
64.55833333333334
 10
78.88816666666666
 20
64.53716666666666
 10
79.0575
 20
64.53716666666666
 10
79.1845
 20
64.49483333333333
 10
79.54433333333333
 20
64.49483333333333
 10
79.79833333333333
 20
64.51599999999999
 10
79.86183333333334
 20
64.53716666666666
 10
79.92533333333333
 20
64.5795
 10
79.98883333333333
 20
64.60066666666667
 10
80.20049999999999
 20
64.5795
 10
80.24283333333334
 20
64.5795
 10
80.47566666666667
 20
64.5795
 10
80.53916666666666
 20
64.5795
 10
80.62383333333334
 20
64.60066666666667
 10
80.72966666666666
 20
64.62183333333333
 10
80.79316666666666
 20
64.643
 10
80.899
 20
64.70649999999999
 10
80.96249999999999
 20
64.72766666666666
 10
81.04716666666667
 20
64.72766666666666
 10
81.15299999999999
 20
64.74883333333334
 10
81.23766666666667
 20
64.79116666666667
 10
81.30116666666666
 20
64.85466666666666
 10
81.34349999999999
 20
64.87583333333333
 10
81.44933333333333
 20
64.87583333333333
 10
81.68216666666666
 20
65.00283333333333
 10
81.74566666666666
 20
65.024
 10
81.83033333333333
 20
65.04516666666666
 10
82.02083333333333
 20
65.04516666666666
 10
82.21133333333333
 20
65.151
 10
82.25366666666666
 20
65.151
 10
82.31716666666667
 20
65.19333333333333
 10
82.40183333333333
 20
65.25683333333333
 10
82.55
 20
65.42616666666666
 10
82.63466666666666
 20
65.46849999999999
 10
82.67699999999999
 20
65.46849999999999
 10
82.82516666666666
 20
65.55316666666667
 10
82.88866666666667
 20
65.55316666666667
 10
82.97333333333333
 20
65.57433333333333
 10
83.03683333333333
 20
65.61666666666666
 10
83.07916666666667
 20
65.65899999999999
 10
83.22733333333333
 20
65.82833333333333
 10
83.33316666666667
 20
65.87066666666666
 10
83.39666666666666
 20
65.93416666666667
 10
83.439
 20
66.03999999999999
 10
83.48133333333332
 20
66.08233333333334
 10
83.58716666666666
 20
66.08233333333334
 10
83.6295
 20
66.1035
 10
83.67183333333332
 20
66.14583333333333
 10
83.71416666666667
 20
66.20933333333333
 10
83.7565
 20
66.31516666666667
 10
83.79883333333333
 20
66.3575
 10
83.84116666666667
 20
66.42099999999999
 10
83.86233333333332
 20
66.4845
 10
83.90466666666667
 20
66.548
 10
83.947
 20
66.61149999999999
 10
83.98933333333333
 20
66.675
 10
84.03166666666667
 20
66.7385
 10
84.24333333333333
 20
66.95016666666666
 10
84.2645
 20
67.03483333333332
 10
84.2645
 20
67.07716666666667
 10
84.328
 20
67.14066666666666
 10
84.3915
 20
67.16183333333333
 10
84.47616666666667
 20
67.2465
 10
84.56083333333333
 20
67.41583333333332
 10
84.582
 20
67.47933333333333
 10
84.60316666666667
 20
67.54283333333333
 10
84.60316666666667
 20
67.6275
 10
84.62433333333333
 20
67.691
 10
84.709
 20
67.86033333333333
 10
84.75133333333333
 20
67.90266666666666
 10
84.7725
 20
67.945
 10
84.79366666666667
 20
68.0085
 10
84.79366666666667
 20
68.072
 10
84.836
 20
68.1355
 10
84.836
 20
68.17783333333333
 10
84.87833333333333
 20
68.24133333333333
 10
84.87833333333333
 20
68.453
 10
84.92066666666666
 20
68.53766666666667
 10
84.92066666666666
 20
68.7705
 10
84.94183333333334
 20
68.961
 10
85.06883333333333
 20
69.088
 10
85.09
 20
69.17266666666667
 10
85.11116666666666
 20
69.32083333333333
 10
85.11116666666666
 20
69.42666666666666
 10
85.1535
 20
69.5325
 10
85.17466666666667
 20
69.596
 10
85.17466666666667
 20
69.68066666666667
 10
85.13233333333334
 20
69.76533333333333
 10
85.13233333333334
 20
69.80766666666666
 10
85.1535
 20
69.87116666666667
 10
85.19583333333333
 20
69.93466666666666
 10
85.19583333333333
 20
70.01933333333334
 10
85.19583333333333
 20
70.08283333333333
 10
85.17466666666667
 20
70.1675
 10
85.17466666666667
 20
70.2945
 10
85.19583333333333
 20
70.5485
 10
85.1535
 20
70.63316666666667
 10
85.13233333333334
 20
70.71783333333333
 10
85.1535
 20
70.78133333333334
 10
85.19583333333333
 20
70.84483333333333
 10
85.217
 20
70.90833333333333
 10
85.217
 20
70.993
 10
85.17466666666667
 20
71.09883333333333
 10
85.1535
 20
71.22583333333333
 10
85.1535
 20
71.41633333333333
 10
85.1535
 20
71.64916666666666
 10
85.1535
 20
71.79733333333333
 10
85.1535
 20
72.136
 10
85.1535
 20
72.28416666666666
 10
85.17466666666667
 20
72.68633333333334
 10
85.1535
 20
72.74983333333333
 10
85.11116666666666
 20
72.81333333333333
 10
85.11116666666666
 20
72.898
 10
85.17466666666667
 20
73.00383333333333
 10
85.19583333333333
 20
73.10966666666667
 10
85.19583333333333
 20
73.21549999999999
 10
85.1535
 20
73.38483333333333
 10
85.13233333333334
 20
73.89283333333333
 10
85.13233333333334
 20
74.54899999999999
 10
85.09
 20
74.90883333333333
 10
85.09
 20
75.438
 10
85.06883333333333
 20
75.52266666666667
 10
85.0265
 20
75.565
 10
84.963
 20
75.64966666666666
 10
84.92066666666666
 20
75.692
 10
84.87833333333333
 20
75.77666666666667
 10
84.87833333333333
 20
75.8825
 10
84.94183333333334
 20
75.946
 10
85.0265
 20
76.03066666666666
 10
85.04766666666666
 20
76.073
 10
85.04766666666666
 20
76.15766666666667
 10
85.0265
 20
76.22116666666666
 10
84.8995
 20
76.454
 10
84.87833333333333
 20
76.5175
 10
84.87833333333333
 20
76.62333333333333
 10
84.92066666666666
 20
76.708
 10
84.8995
 20
76.91966666666667
 10
84.8995
 20
77.06783333333333
 10
84.94183333333334
 20
77.1525
 10
84.94183333333334
 20
77.216
 10
84.94183333333334
 20
77.2795
 10
84.92066666666666
 20
77.57583333333334
 10
84.92066666666666
 20
77.68166666666666
 10
84.92066666666666
 20
77.93566666666666
 10
84.94183333333334
 20
78.12616666666666
 10
84.94183333333334
 20
78.25316666666666
 10
84.92066666666666
 20
78.359
 10
84.87833333333333
 20
78.44366666666666
 10
84.87833333333333
 20
78.50716666666666
 10
84.87833333333333
 20
78.57066666666667
 10
84.87833333333333
 20
78.84583333333333
 10
84.836
 20
78.95166666666667
 10
84.85716666666666
 20
79.09983333333334
 10
84.85716666666666
 20
79.14216666666667
 10
84.81483333333333
 20
79.67133333333334
 10
84.836
 20
79.86183333333334
 10
84.836
 20
79.90416666666667
 10
84.81483333333333
 20
80.15816666666666
 10
84.79366666666667
 20
80.22166666666666
 10
84.75133333333333
 20
80.28516666666667
 10
84.75133333333333
 20
80.34866666666666
 10
84.79366666666667
 20
80.4545
 10
84.79366666666667
 20
80.58149999999999
 10
84.7725
 20
81.17416666666666
 10
84.73016666666666
 20
81.32233333333333
 10
84.709
 20
81.53399999999999
 10
84.709
 20
81.91499999999999
 10
84.66666666666666
 20
82.27483333333333
 10
84.66666666666666
 20
82.65583333333333
 10
84.62433333333333
 20
83.03683333333333
 10
84.62433333333333
 20
83.8835
 10
84.582
 20
84.09516666666667
 10
84.582
 20
84.6455
 10
84.53966666666666
 20
84.87833333333333
 10
84.56083333333333
 20
85.1535
 10
84.56083333333333
 20
85.23816666666666
 10
84.56083333333333
 20
85.598
 10
84.56083333333333
 20
85.74616666666667
 10
84.53966666666666
 20
85.80966666666666
 10
84.49733333333333
 20
85.87316666666666
 10
84.47616666666667
 20
85.93666666666667
 10
84.47616666666667
 20
85.979
 10
84.49733333333333
 20
86.1695
 10
84.53966666666666
 20
86.25416666666666
 10
84.53966666666666
 20
86.40233333333333
 10
84.43383333333333
 20
86.59283333333333
 10
84.43383333333333
 20
87.07966666666667
 10
84.3915
 20
87.20666666666666
 10
84.3915
 20
87.54533333333333
 10
84.34916666666666
 20
87.67233333333333
 10
84.34916666666666
 20
87.884
 10
84.37033333333333
 20
88.13799999999999
 10
84.328
 20
88.32849999999999
 10
84.328
 20
88.4555
 10
84.34916666666666
 20
88.646
 10
84.30683333333333
 20
89.13283333333334
 10
84.328
 20
89.535
 10
84.328
 20
89.57733333333333
 10
84.30683333333333
 20
89.85249999999999
 10
84.2645
 20
90.14883333333333
 10
84.2645
 20
90.19116666666666
 10
84.28566666666667
 20
90.31816666666667
 10
84.2645
 20
91.03783333333332
 10
84.22216666666667
 20
91.1225
 10
84.201
 20
91.20716666666667
 10
84.201
 20
91.29183333333333
 10
84.22216666666667
 20
91.41883333333332
 10
84.17983333333333
 20
91.52466666666666
 10
84.17983333333333
 20
91.6305
 10
84.201
 20
92.0115
 10
84.15866666666666
 20
92.24433333333333
 10
84.1375
 20
92.54066666666667
 10
84.1375
 20
93.00633333333333
 10
84.11633333333333
 20
93.1545
 10
84.09516666666667
 20
93.26033333333334
 10
84.05283333333333
 20
93.345
 10
84.05283333333333
 20
93.45083333333334
 10
84.09516666666667
 20
93.51433333333333
 10
84.09516666666667
 20
93.62016666666666
 10
84.074
 20
93.81066666666666
 10
84.03166666666667
 20
93.89533333333333
 10
84.03166666666667
 20
94.06466666666667
 10
84.05283333333333
 20
94.2975
 10
84.03166666666667
 20
94.74199999999999
 10
83.98933333333333
 20
94.869
 10
83.98933333333333
 20
94.93249999999999
 10
84.03166666666667
 20
96.18133333333333
 10
84.03166666666667
 20
96.24483333333333
 10
84.0105
 20
96.3295
 10
83.96816666666666
 20
96.45649999999999
 10
83.96816666666666
 20
96.5835
 10
83.92583333333333
 20
96.66816666666666
 10
83.90466666666667
 20
96.75283333333333
 10
83.8835
 20
97.40899999999999
 10
83.90466666666667
 20
97.68416666666667
 10
83.90466666666667
 20
97.8535
 10
83.8835
 20
98.08633333333333
 10
83.86233333333332
 20
98.298
 10
83.84116666666667
 20
98.44616666666667
 10
83.79883333333333
 20
98.53083333333333
 10
83.82
 20
98.74249999999999
 10
83.82
 20
98.8695
 10
83.77766666666666
 20
99.16583333333332
 10
83.79883333333333
 20
99.3775
 10
83.79883333333333
 20
99.46216666666666
 10
83.77766666666666
 20
99.568
 10
83.82
 20
99.67383333333333
 10
83.82
 20
99.71616666666667
 10
83.79883333333333
 20
99.822
 10
83.7565
 20
99.90666666666667
 10
83.73533333333333
 20
99.99133333333333
 10
83.71416666666667
 20
100.24533333333333
 10
83.693
 20
100.56283333333333
 10
83.67183333333332
 20
101.0285
 10
83.67183333333332
 20
101.2825
 10
83.693
 20
101.346
 10
83.73533333333333
 20
101.45183333333333
 10
83.73533333333333
 20
101.57883333333334
 10
83.7565
 20
101.68466666666666
 10
83.77766666666666
 20
101.76933333333334
 10
83.79883333333333
 20
101.81166666666667
 10
83.84116666666667
 20
101.854
 10
83.90466666666667
 20
101.981
 10
83.90466666666667
 20
102.108
 10
83.947
 20
102.21383333333333
 10
83.96816666666666
 20
102.31966666666666
 10
83.96816666666666
 20
102.616
 10
84.0105
 20
102.86999999999999
 10
84.0105
 20
103.6955
 10
84.0105
 20
103.759
 10
84.0105
 20
103.886
 10
83.98933333333333
 20
103.99183333333333
 10
83.96816666666666
 20
104.0765
 10
83.947
 20
104.18233333333333
 10
83.92583333333333
 20
104.267
 10
83.8835
 20
104.35166666666666
 10
83.84116666666667
 20
104.39399999999999
 10
83.77766666666666
 20
104.521
 10
83.77766666666666
 20
104.60566666666666
 10
83.73533333333333
 20
104.69033333333333
 10
83.73533333333333
 20
104.75383333333333
 10
83.71416666666667
 20
104.8385
 10
83.693
 20
104.92316666666666
 10
83.60833333333333
 20
105.07133333333333
 10
83.60833333333333
 20
105.11366666666666
 10
83.566
 20
105.19833333333332
 10
83.52366666666667
 20
105.26183333333333
 10
83.41783333333333
 20
105.36766666666666
 10
83.35433333333333
 20
105.51583333333333
 10
83.16383333333333
 20
105.70633333333333
 10
83.14266666666667
 20
105.74866666666667
 10
83.1215
 20
105.81216666666667
 10
83.1215
 20
105.8545
 10
83.10033333333332
 20
105.93916666666667
 10
83.07916666666667
 20
105.9815
 10
83.03683333333333
 20
106.02383333333333
 10
82.931
 20
106.06616666666666
 10
82.88866666666667
 20
106.10849999999999
 10
82.82516666666666
 20
106.12966666666667
 10
82.7405
 20
106.2355
 10
82.69816666666667
 20
106.27783333333333
 10
82.55
 20
106.34133333333332
 10
82.44416666666666
 20
106.44716666666666
 10
82.38066666666667
 20
106.553
 10
82.33833333333332
 20
106.57416666666667
 10
82.29599999999999
 20
106.59533333333333
 10
82.21133333333333
 20
106.59533333333333
 10
82.14783333333332
 20
106.65883333333333
 10
82.042
 20
106.76466666666667
 10
81.99966666666667
 20
106.78583333333333
 10
81.95733333333334
 20
106.78583333333333
 10
81.63983333333333
 20
106.95516666666667
 10
81.5975
 20
106.95516666666667
 10
81.49166666666666
 20
107.01866666666666
 10
81.44933333333333
 20
107.01866666666666
 10
81.38583333333334
 20
107.03983333333333
 10
81.34349999999999
 20
107.06099999999999
 10
81.28
 20
107.10333333333332
 10
81.19533333333334
 20
107.188
 10
81.15299999999999
 20
107.20916666666666
 10
81.0895
 20
107.23033333333333
 10
80.94133333333333
 20
107.23033333333333
 10
80.87783333333333
 20
107.2515
 10
80.81433333333334
 20
107.29383333333332
 10
80.75083333333333
 20
107.315
 10
80.66616666666667
 20
107.33616666666666
 10
80.47566666666667
 20
107.33616666666666
 10
80.39099999999999
 20
107.35733333333333
 10
80.3275
 20
107.39966666666666
 10
80.24283333333334
 20
107.42083333333333
 10
80.20049999999999
 20
107.42083333333333
 10
80.09466666666667
 20
107.3785
 10
79.60783333333333
 20
107.3785
 10
79.52316666666667
 20
107.42083333333333
  0
LWPOLYLINE
  5
37
330
17
100
AcDbEntity
  8
0
100
AcDbPolyline
 90
230
 70
1
 10
79.67133333333334
 20
73.99866666666667
 10
79.6925
 20
74.01983333333334
 10
79.81949999999999
 20
74.01983333333334
 10
79.883
 20
73.97749999999999
 10
80.03116666666666
 20
73.97749999999999
 10
80.137
 20
73.95633333333333
 10
80.22166666666666
 20
73.93516666666666
 10
80.30633333333333
 20
73.89283333333333
 10
80.36983333333333
 20
73.87166666666667
 10
80.53916666666666
 20
73.87166666666667
 10
80.60266666666666
 20
73.8505
 10
80.75083333333333
 20
73.76583333333333
 10
80.81433333333334
 20
73.74466666666666
 10
80.92016666666666
 20
73.74466666666666
 10
81.026
 20
73.63883333333334
 10
81.06833333333333
 20
73.61766666666666
 10
81.11066666666666
 20
73.61766666666666
 10
81.19533333333334
 20
73.59649999999999
 10
81.23766666666667
 20
73.55416666666666
 10
81.28
 20
73.51183333333333
 10
81.32233333333333
 20
73.4695
 10
81.42816666666667
 20
73.38483333333333
 10
81.4705
 20
73.36366666666666
 10
81.51283333333333
 20
73.36366666666666
 10
81.661
 20
73.21549999999999
 10
81.72449999999999
 20
73.17316666666666
 10
81.80916666666667
 20
73.13083333333333
 10
81.8515
 20
73.13083333333333
 10
81.91499999999999
 20
73.10966666666667
 10
81.95733333333334
 20
73.0885
 10
82.10549999999999
 20
72.94033333333333
 10
82.21133333333333
 20
72.898
 10
82.25366666666666
 20
72.85566666666666
 10
82.31716666666667
 20
72.83449999999999
 10
82.46533333333333
 20
72.68633333333334
 10
82.50766666666667
 20
72.5805
 10
82.63466666666666
 20
72.45349999999999
 10
82.63466666666666
 20
72.41116666666666
 10
82.65583333333333
 20
72.36883333333333
 10
82.71933333333332
 20
72.30533333333334
 10
83.03683333333333
 20
72.009
 10
83.05799999999999
 20
71.96666666666667
 10
83.07916666666667
 20
71.86083333333333
 10
83.10033333333332
 20
71.755
 10
83.10033333333332
 20
71.71266666666666
 10
83.07916666666667
 20
71.60683333333333
 10
83.16383333333333
 20
71.45866666666666
 10
83.16383333333333
 20
71.39516666666667
 10
83.14266666666667
 20
71.28933333333333
 10
83.16383333333333
 20
71.22583333333333
 10
83.185
 20
71.16233333333334
 10
83.22733333333333
 20
71.09883333333333
 10
83.24849999999999
 20
71.03533333333333
 10
83.26966666666667
 20
70.97183333333334
 10
83.29083333333332
 20
70.866
 10
83.29083333333332
 20
70.6755
 10
83.33316666666667
 20
70.52733333333333
 10
83.33316666666667
 20
70.20983333333334
 10
83.312
 20
70.08283333333333
 10
83.312
 20
70.01933333333334
 10
83.33316666666667
 20
69.93466666666666
 10
83.33316666666667
 20
69.87116666666667
 10
83.312
 20
69.80766666666666
 10
83.26966666666667
 20
69.74416666666666
 10
83.24849999999999
 20
69.68066666666667
 10
83.24849999999999
 20
69.63833333333334
 10
83.26966666666667
 20
69.55366666666666
 10
83.24849999999999
 20
69.469
 10
83.185
 20
69.36316666666667
 10
83.185
 20
69.29966666666667
 10
83.16383333333333
 20
69.215
 10
83.14266666666667
 20
69.17266666666667
 10
83.10033333333332
 20
69.13033333333333
 10
83.10033333333332
 20
69.088
 10
83.07916666666667
 20
69.0245
 10
83.03683333333333
 20
68.93983333333333
 10
82.9945
 20
68.87633333333333
 10
82.95216666666667
 20
68.834
 10
82.90983333333332
 20
68.74933333333333
 10
82.88866666666667
 20
68.68583333333333
 10
82.88866666666667
 20
68.6435
 10
82.84633333333333
 20
68.58
 10
82.84633333333333
 20
68.53766666666667
 10
82.82516666666666
 20
68.49533333333333
 10
82.78283333333333
 20
68.453
 10
82.7405
 20
68.36833333333333
 10
82.7405
 20
68.326
 10
82.69816666666667
 20
68.2625
 10
82.59233333333333
 20
68.15666666666667
 10
82.55
 20
68.09316666666666
 10
82.50766666666667
 20
68.05083333333333
 10
82.38066666666667
 20
67.92383333333333
 10
82.3595
 20
67.8815
 10
82.3595
 20
67.83916666666667
 10
82.33833333333332
 20
67.79683333333332
 10
82.29599999999999
 20
67.73333333333333
 10
82.21133333333333
 20
67.64866666666667
 10
82.14783333333332
 20
67.60633333333332
 10
82.08433333333333
 20
67.58516666666667
 10
81.93616666666667
 20
67.437
 10
81.87266666666666
 20
67.39466666666667
 10
81.76683333333334
 20
67.35233333333333
 10
81.68216666666666
 20
67.26766666666667
 10
81.61866666666667
 20
67.22533333333332
 10
81.57633333333334
 20
67.20416666666667
 10
81.53399999999999
 20
67.20416666666667
 10
81.42816666666667
 20
67.09833333333333
 10
81.34349999999999
 20
67.03483333333332
 10
81.28
 20
66.99249999999999
 10
81.0895
 20
66.90783333333333
 10
81.04716666666667
 20
66.8655
 10
80.92016666666666
 20
66.80199999999999
 10
80.8355
 20
66.78083333333333
 10
80.79316666666666
 20
66.78083333333333
 10
80.68733333333333
 20
66.71733333333333
 10
80.62383333333334
 20
66.69616666666667
 10
80.43333333333334
 20
66.69616666666667
 10
80.30633333333333
 20
66.675
 10
80.24283333333334
 20
66.65383333333334
 10
80.17933333333333
 20
66.61149999999999
 10
80.09466666666667
 20
66.59033333333333
 10
80.00999999999999
 20
66.59033333333333
 10
79.92533333333333
 20
66.548
 10
79.86183333333334
 20
66.52683333333333
 10
79.77716666666666
 20
66.50566666666667
 10
79.65016666666666
 20
66.52683333333333
 10
79.60783333333333
 20
66.52683333333333
 10
79.20566666666666
 20
66.50566666666667
 10
78.867
 20
66.52683333333333
 10
78.78233333333333
 20
66.548
 10
78.59183333333333
 20
66.65383333333334
 10
78.52833333333334
 20
66.65383333333334
 10
78.44366666666666
 20
66.675
 10
78.2955
 20
66.75966666666666
 10
78.232
 20
66.78083333333333
 10
78.1685
 20
66.80199999999999
 10
77.978
 20
66.80199999999999
 10
77.89333333333333
 20
66.84433333333334
 10
77.76633333333334
 20
66.97133333333333
 10
77.68166666666666
 20
66.99249999999999
 10
77.61816666666667
 20
66.99249999999999
 10
77.51233333333333
 20
67.09833333333333
 10
77.47
 20
67.1195
 10
77.42766666666667
 20
67.1195
 10
77.30066666666666
 20
67.18299999999999
 10
77.23716666666667
 20
67.2465
 10
77.23716666666667
 20
67.28883333333333
 10
77.216
 20
67.33116666666666
 10
77.1525
 20
67.39466666666667
 10
77.089
 20
67.41583333333332
 10
76.98316666666666
 20
67.52166666666666
 10
76.98316666666666
 20
67.564
 10
76.962
 20
67.60633333333332
 10
76.79266666666666
 20
67.7545
 10
76.708
 20
67.83916666666667
 10
76.66566666666667
 20
67.92383333333333
 10
76.581
 20
68.0085
 10
76.53866666666667
 20
68.09316666666666
 10
76.49633333333333
 20
68.1355
 10
76.36933333333333
 20
68.24133333333333
 10
76.28466666666667
 20
68.41066666666667
 10
76.28466666666667
 20
68.453
 10
76.22116666666666
 20
68.58
 10
76.17883333333333
 20
68.62233333333333
 10
76.1365
 20
68.707
 10
76.1365
 20
68.7705
 10
76.11533333333333
 20
68.834
 10
76.03066666666666
 20
69.00333333333333
 10
75.96716666666667
 20
69.06683333333334
 10
75.946
 20
69.10916666666667
 10
75.92483333333332
 20
69.17266666666667
 10
75.92483333333332
 20
69.36316666666667
 10
75.90366666666667
 20
69.42666666666666
 10
75.86133333333333
 20
69.49016666666667
 10
75.84016666666666
 20
69.55366666666666
 10
75.819
 20
69.63833333333334
 10
75.79783333333333
 20
69.70183333333333
 10
75.77666666666667
 20
69.87116666666667
 10
75.7555
 20
70.31566666666666
 10
75.7555
 20
70.50616666666666
 10
75.77666666666667
 20
70.90833333333333
 10
75.79783333333333
 20
71.16233333333334
 10
75.819
 20
71.22583333333333
 10
75.86133333333333
 20
71.26816666666666
 10
75.92483333333332
 20
71.39516666666667
 10
75.946
 20
71.45866666666666
 10
75.946
 20
71.501
 10
76.03066666666666
 20
71.64916666666666
 10
76.03066666666666
 20
71.71266666666666
 10
76.05183333333333
 20
71.79733333333333
 10
76.073
 20
71.83966666666666
 10
76.11533333333333
 20
71.90316666666666
 10
76.17883333333333
 20
71.96666666666667
 10
76.22116666666666
 20
72.07249999999999
 10
76.2635
 20
72.11483333333334
 10
76.34816666666667
 20
72.30533333333334
 10
76.55983333333333
 20
72.517
 10
76.60216666666666
 20
72.60166666666666
 10
76.60216666666666
 20
72.74983333333333
 10
76.68683333333333
 20
72.83449999999999
 10
76.7715
 20
72.87683333333334
 10
76.81383333333333
 20
72.87683333333334
 10
76.85616666666667
 20
72.898
 10
76.91966666666667
 20
72.94033333333333
 10
76.98316666666666
 20
72.98266666666666
 10
77.04666666666667
 20
73.02499999999999
 10
77.17366666666666
 20
73.13083333333333
 10
77.30066666666666
 20
73.25783333333334
 10
77.36416666666666
 20
73.30016666666667
 10
77.42766666666667
 20
73.32133333333333
 10
77.47
 20
73.36366666666666
 10
77.5335
 20
73.38483333333333
 10
77.61816666666667
 20
73.4695
 10
77.76633333333334
 20
73.533
 10
77.80866666666667
 20
73.57533333333333
 10
77.89333333333333
 20
73.63883333333334
 10
78.02033333333333
 20
73.70233333333333
 10
78.08383333333333
 20
73.7235
 10
78.14733333333334
 20
73.74466666666666
 10
78.21083333333333
 20
73.76583333333333
 10
78.27433333333333
 20
73.78699999999999
 10
78.40133333333333
 20
73.78699999999999
 10
78.486
 20
73.80816666666666
 10
78.6765
 20
73.914
 10
79.07866666666666
 20
73.89283333333333
 10
79.121
 20
73.89283333333333
 10
79.20566666666666
 20
73.914
 10
79.33266666666667
 20
73.95633333333333
 10
79.4385
 20
73.93516666666666
 10
79.58666666666666
 20
73.95633333333333
  0
LWPOLYLINE
  5
38
330
17
100
AcDbEntity
  8
0
100
AcDbPolyline
 90
92
 70
1
 10
80.03116666666666
 20
85.89433333333334
 10
80.09466666666667
 20
85.89433333333334
 10
80.137
 20
85.89433333333334
 10
80.17933333333333
 20
85.87316666666666
 10
80.22166666666666
 20
85.83083333333333
 10
80.28516666666667
 20
85.80966666666666
 10
80.39099999999999
 20
85.70383333333334
 10
80.43333333333334
 20
85.598
 10
80.518
 20
85.51333333333334
 10
80.56033333333333
 20
85.4075
 10
80.7085
 20
85.25933333333333
 10
80.72966666666666
 20
85.217
 10
80.75083333333333
 20
85.1535
 10
80.77199999999999
 20
84.92066666666666
 10
80.79316666666666
 20
84.30683333333333
 10
80.79316666666666
 20
83.65066666666667
 10
80.77199999999999
 20
82.931
 10
80.81433333333334
 20
82.69816666666667
 10
80.81433333333334
 20
82.59233333333333
 10
80.77199999999999
 20
82.423
 10
80.75083333333333
 20
81.99966666666667
 10
80.75083333333333
 20
81.91499999999999
 10
80.79316666666666
 20
81.72449999999999
 10
80.77199999999999
 20
81.53399999999999
 10
80.77199999999999
 20
81.38583333333334
 10
80.79316666666666
 20
81.2165
 10
80.77199999999999
 20
80.94133333333333
 10
80.79316666666666
 20
80.62383333333334
 10
80.77199999999999
 20
80.53916666666666
 10
80.75083333333333
 20
80.4545
 10
80.72966666666666
 20
80.39099999999999
 10
80.68733333333333
 20
80.30633333333333
 10
80.56033333333333
 20
80.17933333333333
 10
80.518
 20
80.11583333333333
 10
80.4545
 20
80.00999999999999
 10
80.39099999999999
 20
79.92533333333333
 10
80.34866666666666
 20
79.883
 10
80.22166666666666
 20
79.81949999999999
 10
80.17933333333333
 20
79.81949999999999
 10
80.03116666666666
 20
79.73483333333333
 10
79.96766666666666
 20
79.71366666666667
 10
79.90416666666667
 20
79.6925
 10
79.81949999999999
 20
79.6925
 10
79.756
 20
79.65016666666666
 10
79.3115
 20
79.65016666666666
 10
79.22683333333333
 20
79.67133333333334
 10
79.1845
 20
79.6925
 10
79.07866666666666
 20
79.79833333333333
 10
78.994
 20
79.84066666666666
 10
78.84583333333333
 20
80.00999999999999
 10
78.78233333333333
 20
80.0735
 10
78.71883333333334
 20
80.11583333333333
 10
78.6765
 20
80.15816666666666
 10
78.613
 20
80.22166666666666
 10
78.5495
 20
80.34866666666666
 10
78.5495
 20
80.39099999999999
 10
78.46483333333333
 20
80.53916666666666
 10
78.486
 20
80.77199999999999
 10
78.486
 20
80.94133333333333
 10
78.486
 20
81.55516666666666
 10
78.486
 20
81.68216666666666
 10
78.486
 20
82.06316666666666
 10
78.486
 20
82.3595
 10
78.44366666666666
 20
82.46533333333333
 10
78.44366666666666
 20
82.59233333333333
 10
78.46483333333333
 20
82.90983333333332
 10
78.46483333333333
 20
82.97333333333333
 10
78.44366666666666
 20
83.05799999999999
 10
78.4225
 20
83.24849999999999
 10
78.4225
 20
83.3755
 10
78.46483333333333
 20
83.46016666666667
 10
78.486
 20
83.6295
 10
78.50716666666666
 20
83.77766666666666
 10
78.486
 20
84.201
 10
78.486
 20
84.49733333333333
 10
78.50716666666666
 20
84.87833333333333
 10
78.52833333333334
 20
84.94183333333334
 10
78.57066666666667
 20
85.04766666666666
 10
78.57066666666667
 20
85.1535
 10
78.613
 20
85.23816666666666
 10
78.69766666666666
 20
85.32283333333334
 10
78.90933333333334
 20
85.51333333333334
 10
78.95166666666667
 20
85.598
 10
78.95166666666667
 20
85.64033333333333
 10
78.97283333333333
 20
85.68266666666666
 10
79.03633333333333
 20
85.74616666666667
 10
79.20566666666666
 20
85.74616666666667
 10
79.29033333333334
 20
85.76733333333333
 10
79.48083333333334
 20
85.87316666666666
 10
79.58666666666666
 20
85.89433333333334
 10
79.81949999999999
 20
85.87316666666666
 10
79.92533333333333
 20
85.87316666666666
  0
LWPOLYLINE
  5
39
330
17
100
AcDbEntity
  8
0
100
AcDbPolyline
 90
95
 70
1
 10
79.73483333333333
 20
104.7115
 10
80.05233333333334
 20
104.7115
 10
80.24283333333334
 20
104.69033333333333
 10
80.30633333333333
 20
104.66916666666667
 10
80.39099999999999
 20
104.62683333333334
 10
80.4545
 20
104.60566666666666
 10
80.53916666666666
 20
104.60566666666666
 10
80.645
 20
104.58449999999999
 10
80.68733333333333
 20
104.56333333333333
 10
80.8355
 20
104.41516666666666
 10
80.899
 20
104.30933333333333
 10
80.96249999999999
 20
104.24583333333334
 10
81.04716666666667
 20
104.20349999999999
 10
81.15299999999999
 20
104.09766666666667
 10
81.28
 20
103.9495
 10
81.32233333333333
 20
103.886
 10
81.34349999999999
 20
103.82249999999999
 10
81.36466666666666
 20
103.759
 10
81.38583333333334
 20
103.6955
 10
81.38583333333334
 20
103.65316666666666
 10
81.42816666666667
 20
103.58966666666666
 10
81.44933333333333
 20
103.505
 10
81.4705
 20
103.42033333333333
 10
81.49166666666666
 20
103.35683333333333
 10
81.49166666666666
 20
103.10283333333334
 10
81.4705
 20
103.01816666666666
 10
81.44933333333333
 20
102.91233333333334
 10
81.42816666666667
 20
102.78533333333333
 10
81.407
 20
102.72183333333334
 10
81.36466666666666
 20
102.65833333333333
 10
81.36466666666666
 20
102.616
 10
81.32233333333333
 20
102.5525
 10
81.32233333333333
 20
102.51016666666666
 10
81.30116666666666
 20
102.44666666666666
 10
81.25883333333333
 20
102.38316666666667
 10
81.19533333333334
 20
102.29849999999999
 10
81.15299999999999
 20
102.235
 10
81.11066666666666
 20
102.1715
 10
81.04716666666667
 20
102.08683333333333
 10
80.92016666666666
 20
101.95983333333334
 10
80.81433333333334
 20
101.87516666666666
 10
80.72966666666666
 20
101.81166666666667
 10
80.66616666666667
 20
101.76933333333334
 10
80.62383333333334
 20
101.74816666666666
 10
80.58149999999999
 20
101.74816666666666
 10
80.518
 20
101.70583333333333
 10
80.47566666666667
 20
101.70583333333333
 10
80.36983333333333
 20
101.64233333333333
 10
80.264
 20
101.62116666666667
 10
80.09466666666667
 20
101.62116666666667
 10
79.92533333333333
 20
101.57883333333334
 10
79.60783333333333
 20
101.57883333333334
 10
79.502
 20
101.6
 10
79.39616666666666
 20
101.62116666666667
 10
79.33266666666667
 20
101.64233333333333
 10
79.22683333333333
 20
101.70583333333333
 10
79.14216666666667
 20
101.70583333333333
 10
79.07866666666666
 20
101.727
 10
78.994
 20
101.76933333333334
 10
78.9305
 20
101.81166666666667
 10
78.867
 20
101.854
 10
78.8035
 20
101.89633333333333
 10
78.71883333333334
 20
101.95983333333334
 10
78.50716666666666
 20
102.1715
 10
78.46483333333333
 20
102.235
 10
78.44366666666666
 20
102.27733333333333
 10
78.4225
 20
102.34083333333334
 10
78.4225
 20
102.40433333333333
 10
78.40133333333333
 20
102.44666666666666
 10
78.359
 20
102.48899999999999
 10
78.27433333333333
 20
102.65833333333333
 10
78.25316666666666
 20
102.72183333333334
 10
78.232
 20
102.78533333333333
 10
78.21083333333333
 20
102.84883333333333
 10
78.18966666666667
 20
103.10283333333334
 10
78.18966666666667
 20
103.29333333333334
 10
78.21083333333333
 20
103.46266666666666
 10
78.232
 20
103.54733333333333
 10
78.25316666666666
 20
103.61083333333333
 10
78.27433333333333
 20
103.67433333333334
 10
78.31666666666666
 20
103.73783333333333
 10
78.31666666666666
 20
103.78016666666666
 10
78.359
 20
103.86483333333334
 10
78.40133333333333
 20
103.92833333333333
 10
78.44366666666666
 20
103.97066666666666
 10
78.50716666666666
 20
104.11883333333333
 10
78.59183333333333
 20
104.20349999999999
 10
78.69766666666666
 20
104.267
 10
78.82466666666666
 20
104.39399999999999
 10
78.95166666666667
 20
104.54216666666666
 10
79.01516666666666
 20
104.58449999999999
 10
79.07866666666666
 20
104.62683333333334
 10
79.29033333333334
 20
104.62683333333334
 10
79.39616666666666
 20
104.66916666666667
 10
79.48083333333334
 20
104.69033333333333
  0
LWPOLYLINE
  5
3A
330
17
100
AcDbEntity
  8
0
100
AcDbPolyline
 90
1414
 70
1
 10
138.049
 20
113.55916666666667
 10
137.87966666666665
 20
113.538
 10
137.81616666666667
 20
113.51683333333332
 10
137.75266666666667
 20
113.47449999999999
 10
137.71033333333332
 20
113.47449999999999
 10
137.541
 20
113.38983333333333
 10
137.43516666666667
 20
113.30516666666666
 10
137.26583333333332
 20
113.157
 10
137.11766666666665
 20
113.00883333333333
 10
137.07533333333333
 20
112.94533333333332
 10
137.033
 20
112.8395
 10
136.88483333333332
 20
112.69133333333333
 10
136.8425
 20
112.60666666666667
 10
136.60966666666667
 20
112.37383333333334
 10
136.56733333333332
 20
112.31033333333333
 10
136.56733333333332
 20
112.268
 10
136.525
 20
112.18333333333334
 10
136.35566666666665
 20
112.014
 10
136.31333333333333
 20
111.95049999999999
 10
136.24983333333333
 20
111.86583333333333
 10
136.22866666666667
 20
111.8235
 10
136.22866666666667
 20
111.78116666666666
 10
136.18633333333332
 20
111.6965
 10
136.144
 20
111.633
 10
136.017
 20
111.52716666666666
 10
135.93233333333333
 20
111.4425
 10
135.89
 20
111.37899999999999
 10
135.84766666666667
 20
111.27316666666667
 10
135.80533333333332
 20
111.20966666666666
 10
135.72066666666666
 20
111.125
 10
135.636
 20
111.01916666666666
 10
135.61483333333334
 20
110.97683333333333
 10
135.61483333333334
 20
110.9345
 10
135.5725
 20
110.871
 10
135.5725
 20
110.82866666666666
 10
135.53016666666667
 20
110.76516666666666
 10
135.53016666666667
 20
110.72283333333333
 10
135.48783333333333
 20
110.65933333333334
 10
135.4455
 20
110.61699999999999
 10
135.40316666666666
 20
110.51116666666667
 10
135.23383333333334
 20
110.34183333333333
 10
135.21266666666665
 20
110.2995
 10
135.21266666666665
 20
110.25716666666666
 10
135.17033333333333
 20
110.19366666666666
 10
135.10683333333333
 20
110.109
 10
134.91633333333334
 20
109.9185
 10
134.83166666666665
 20
109.87616666666666
 10
134.76816666666667
 20
109.81266666666666
 10
134.66233333333332
 20
109.68566666666666
 10
134.62
 20
109.62216666666666
 10
134.57766666666666
 20
109.55866666666667
 10
134.51416666666665
 20
109.474
 10
134.47183333333334
 20
109.4105
 10
134.40833333333333
 20
109.26233333333333
 10
134.34483333333333
 20
109.19883333333333
 10
134.3025
 20
109.11416666666666
 10
134.3025
 20
109.07183333333333
 10
134.28133333333332
 20
109.0295
 10
134.239
 20
108.966
 10
134.112
 20
108.839
 10
134.0485
 20
108.75433333333334
 10
134.02733333333333
 20
108.712
 10
134.02733333333333
 20
108.66966666666666
 10
134.00616666666667
 20
108.60616666666667
 10
133.96383333333333
 20
108.54266666666666
 10
133.77333333333334
 20
108.35216666666666
 10
133.731
 20
108.2675
 10
133.49816666666666
 20
108.03466666666667
 10
133.32883333333334
 20
107.84416666666667
 10
133.26533333333333
 20
107.7595
 10
133.18066666666667
 20
107.65366666666667
 10
133.096
 20
107.54783333333333
 10
133.0325
 20
107.46316666666667
 10
132.99016666666665
 20
107.39966666666666
 10
132.92666666666668
 20
107.2515
 10
132.88433333333333
 20
107.188
 10
132.84199999999998
 20
107.1245
 10
132.7785
 20
107.06099999999999
 10
132.73616666666666
 20
106.9975
 10
132.69383333333332
 20
106.934
 10
132.69383333333332
 20
106.89166666666667
 10
132.54566666666668
 20
106.59533333333333
 10
132.50333333333333
 20
106.53183333333332
 10
132.35516666666666
 20
106.40483333333333
 10
132.31283333333332
 20
106.3625
 10
132.24933333333334
 20
106.21433333333333
 10
132.207
 20
106.172
 10
131.953
 20
105.93916666666667
 10
131.91066666666666
 20
105.8545
 10
131.91066666666666
 20
105.81216666666667
 10
131.826
 20
105.64283333333333
 10
131.74133333333333
 20
105.53699999999999
 10
131.6355
 20
105.43116666666667
 10
131.59316666666666
 20
105.36766666666666
 10
131.52966666666666
 20
105.283
 10
131.5085
 20
105.24066666666667
 10
131.48733333333334
 20
105.17716666666666
 10
131.48733333333334
 20
105.13483333333333
 10
131.445
 20
105.05016666666667
 10
131.31799999999998
 20
104.92316666666666
 10
131.2545
 20
104.88083333333333
 10
131.191
 20
104.85966666666667
 10
131.1275
 20
104.81733333333332
 10
131.08516666666665
 20
104.73266666666666
 10
131.04283333333333
 20
104.69033333333333
 10
130.97933333333333
 20
104.60566666666666
 10
130.95816666666667
 20
104.54216666666666
 10
130.91583333333332
 20
104.47866666666667
 10
130.85233333333332
 20
104.41516666666666
 10
130.81
 20
104.35166666666666
 10
130.76766666666666
 20
104.28816666666667
 10
130.70416666666665
 20
104.20349999999999
 10
130.64066666666668
 20
104.05533333333334
 10
130.429
 20
103.84366666666666
 10
130.38666666666666
 20
103.78016666666666
 10
130.34433333333334
 20
103.71666666666667
 10
130.302
 20
103.65316666666666
 10
130.25966666666667
 20
103.54733333333333
 10
130.21733333333333
 20
103.48383333333334
 10
130.13266666666667
 20
103.39916666666666
 10
130.1115
 20
103.33566666666667
 10
130.06916666666666
 20
103.29333333333334
 10
130.02683333333334
 20
103.1875
 10
129.9845
 20
103.14516666666667
 10
129.94216666666665
 20
103.08166666666666
 10
129.89983333333333
 20
102.97583333333333
 10
129.8575
 20
102.91233333333334
 10
129.81516666666667
 20
102.86999999999999
 10
129.79399999999998
 20
102.8065
 10
129.667
 20
102.67949999999999
 10
129.62466666666666
 20
102.59483333333333
 10
129.62466666666666
 20
102.53133333333334
 10
129.6035
 20
102.46783333333333
 10
129.58233333333334
 20
102.4255
 10
129.54
 20
102.38316666666667
 10
129.54
 20
102.34083333333334
 10
129.4765
 20
102.21383333333333
 10
129.286
 20
102.02333333333333
 10
129.24366666666666
 20
101.95983333333334
 10
129.18016666666665
 20
101.854
 10
129.13783333333333
 20
101.7905
 10
128.94733333333332
 20
101.6
 10
128.8415
 20
101.36716666666666
 10
128.778
 20
101.30366666666666
 10
128.69333333333333
 20
101.26133333333333
 10
128.62983333333332
 20
101.19783333333334
 10
128.60866666666666
 20
101.1555
 10
128.60866666666666
 20
101.11316666666666
 10
128.5875
 20
101.04966666666667
 10
128.524
 20
100.92266666666666
 10
128.27
 20
100.66866666666667
 10
128.24883333333332
 20
100.62633333333333
 10
128.24883333333332
 20
100.584
 10
128.22766666666666
 20
100.54166666666666
 10
128.18533333333332
 20
100.47816666666667
 10
128.0795
 20
100.37233333333333
 10
128.03716666666665
 20
100.33
 10
127.99483333333333
 20
100.28766666666667
 10
127.82549999999999
 20
100.09716666666667
 10
127.78316666666666
 20
100.03366666666666
 10
127.71966666666667
 20
99.949
 10
127.67733333333332
 20
99.8855
 10
127.63499999999999
 20
99.77966666666666
 10
127.59266666666666
 20
99.71616666666667
 10
127.48683333333334
 20
99.61033333333333
 10
127.44449999999999
 20
99.54683333333332
 10
127.42333333333333
 20
99.48333333333333
 10
127.381
 20
99.441
 10
127.35983333333333
 20
99.3775
 10
127.3175
 20
99.33516666666667
 10
127.27516666666666
 20
99.27166666666666
 10
127.16933333333333
 20
99.03883333333333
 10
127.127
 20
98.9965
 10
127.08466666666666
 20
98.89066666666666
 10
127.04233333333333
 20
98.82716666666667
 10
127.0
 20
98.78483333333332
 10
126.95766666666667
 20
98.72133333333333
 10
126.91533333333334
 20
98.65783333333333
 10
126.89416666666666
 20
98.6155
 10
126.89416666666666
 20
98.57316666666667
 10
126.78833333333333
 20
98.38266666666667
 10
126.76716666666667
 20
98.31916666666666
 10
126.76716666666667
 20
98.25566666666667
 10
126.72483333333334
 20
98.19216666666667
 10
126.72483333333334
 20
98.14983333333333
 10
126.64016666666666
 20
98.00166666666667
 10
126.619
 20
97.93816666666666
 10
126.59783333333333
 20
97.87466666666667
 10
126.57666666666667
 20
97.78999999999999
 10
126.5555
 20
97.68416666666667
 10
126.53433333333334
 20
97.59949999999999
 10
126.53433333333334
 20
97.49366666666667
 10
126.47083333333333
 20
97.38783333333333
 10
126.44966666666666
 20
97.30316666666667
 10
126.4285
 20
97.19733333333333
 10
126.40733333333333
 20
97.00683333333333
 10
126.38616666666667
 20
96.79516666666666
 10
126.365
 20
96.43533333333333
 10
126.365
 20
96.22366666666666
 10
126.38616666666667
 20
95.92733333333334
 10
126.34383333333334
 20
95.80033333333333
 10
126.34383333333334
 20
95.71566666666666
 10
126.365
 20
95.54633333333334
 10
126.40733333333333
 20
95.4405
 10
126.4285
 20
95.35583333333334
 10
126.44966666666666
 20
95.14416666666666
 10
126.44966666666666
 20
94.869
 10
126.47083333333333
 20
94.8055
 10
126.53433333333334
 20
94.69966666666666
 10
126.5555
 20
94.59383333333334
 10
126.5555
 20
94.40333333333334
 10
126.57666666666667
 20
94.33983333333333
 10
126.64016666666666
 20
94.25516666666667
 10
126.70366666666666
 20
94.19166666666666
 10
126.72483333333334
 20
94.14933333333333
 10
126.746
 20
94.08583333333333
 10
126.746
 20
94.0435
 10
126.76716666666667
 20
93.98
 10
126.83066666666666
 20
93.9165
 10
126.87299999999999
 20
93.853
 10
126.89416666666666
 20
93.7895
 10
126.91533333333334
 20
93.70483333333333
 10
126.9365
 20
93.64133333333334
 10
126.9365
 20
93.57783333333333
 10
126.95766666666667
 20
93.51433333333333
 10
126.97883333333333
 20
93.45083333333334
 10
127.06349999999999
 20
93.2815
 10
127.14816666666667
 20
93.19683333333333
 10
127.1905
 20
93.17566666666666
 10
127.23283333333333
 20
93.17566666666666
 10
127.27516666666666
 20
93.1545
 10
127.33866666666667
 20
93.091
 10
127.381
 20
93.0275
 10
127.40216666666666
 20
92.98516666666666
 10
127.40216666666666
 20
92.94283333333333
 10
127.40216666666666
 20
92.87933333333334
 10
127.40216666666666
 20
92.7735
 10
127.42333333333333
 20
92.73116666666667
 10
127.48683333333334
 20
92.66766666666666
 10
127.55033333333333
 20
92.6465
 10
127.65616666666666
 20
92.54066666666667
 10
127.71966666666667
 20
92.54066666666667
 10
127.80433333333333
 20
92.43483333333333
 10
127.80433333333333
 20
92.37133333333333
 10
127.80433333333333
 20
92.30783333333333
 10
127.82549999999999
 20
92.2655
 10
127.99483333333333
 20
92.09616666666666
 10
128.016
 20
92.05383333333333
 10
128.016
 20
91.99033333333333
 10
128.03716666666665
 20
91.92683333333333
 10
128.12183333333334
 20
91.84216666666667
 10
128.12183333333334
 20
91.7575
 10
128.143
 20
91.694
 10
128.18533333333332
 20
91.6305
 10
128.22766666666666
 20
91.58816666666667
 10
128.22766666666666
 20
91.54583333333333
 10
128.24883333333332
 20
91.5035
 10
128.29116666666667
 20
91.44
 10
128.35466666666667
 20
91.39766666666667
 10
128.37583333333333
 20
91.35533333333333
 10
128.37583333333333
 20
91.313
 10
128.397
 20
91.22833333333332
 10
128.41816666666665
 20
91.18599999999999
 10
128.4605
 20
91.1225
 10
128.50283333333334
 20
91.08016666666667
 10
128.54516666666666
 20
90.99549999999999
 10
128.54516666666666
 20
90.95316666666666
 10
128.651
 20
90.76266666666666
 10
128.651
 20
90.69916666666667
 10
128.67216666666667
 20
90.63566666666667
 10
128.69333333333333
 20
90.57216666666666
 10
128.75683333333333
 20
90.44516666666667
 10
128.82033333333334
 20
90.38166666666666
 10
128.86266666666666
 20
90.31816666666667
 10
128.88383333333334
 20
90.21233333333333
 10
128.88383333333334
 20
89.9795
 10
128.92616666666666
 20
89.87366666666667
 10
128.94733333333332
 20
89.76783333333333
 10
128.94733333333332
 20
89.51383333333334
 10
128.98966666666666
 20
89.36566666666667
 10
129.01083333333332
 20
89.13283333333334
 10
129.03199999999998
 20
88.646
 10
129.03199999999998
 20
88.18033333333334
 10
128.98966666666666
 20
87.52416666666666
 10
128.98966666666666
 20
87.4395
 10
128.98966666666666
 20
87.249
 10
128.98966666666666
 20
87.16433333333333
 10
129.01083333333332
 20
87.01616666666666
 10
128.98966666666666
 20
86.9315
 10
128.94733333333332
 20
86.868
 10
128.92616666666666
 20
86.78333333333333
 10
128.905
 20
86.63516666666666
 10
128.905
 20
86.59283333333333
 10
128.92616666666666
 20
86.52933333333333
 10
128.905
 20
86.44466666666666
 10
128.86266666666666
 20
86.38116666666666
 10
128.8415
 20
86.31766666666667
 10
128.8415
 20
86.0425
 10
128.82033333333334
 20
85.93666666666667
 10
128.778
 20
85.852
 10
128.778
 20
85.68266666666666
 10
128.79916666666665
 20
85.57683333333333
 10
128.92616666666666
 20
85.44983333333333
 10
128.94733333333332
 20
85.4075
 10
128.94733333333332
 20
85.30166666666666
 10
128.92616666666666
 20
85.25933333333333
 10
128.88383333333334
 20
85.217
 10
128.86266666666666
 20
85.04766666666666
 10
128.86266666666666
 20
84.62433333333333
 10
128.82033333333334
 20
84.5185
 10
128.8415
 20
84.37033333333333
 10
128.8415
 20
84.28566666666667
 10
128.8415
 20
84.074
 10
128.8415
 20
84.03166666666667
 10
128.82033333333334
 20
83.73533333333333
 10
128.82033333333334
 20
83.67183333333332
 10
128.79916666666665
 20
83.46016666666667
 10
128.79916666666665
 20
83.39666666666666
 10
128.82033333333334
 20
83.185
 10
128.778
 20
82.84633333333333
 10
128.778
 20
82.63466666666666
 10
128.79916666666665
 20
82.38066666666667
 10
128.75683333333333
 20
82.19016666666667
 10
128.73566666666667
 20
81.91499999999999
 10
128.73566666666667
 20
81.788
 10
128.75683333333333
 20
81.61866666666667
 10
128.73566666666667
 20
81.30116666666666
 10
128.75683333333333
 20
81.17416666666666
 10
128.79916666666665
 20
81.06833333333333
 10
128.778
 20
81.026
 10
128.7145
 20
80.96249999999999
 10
128.7145
 20
80.77199999999999
 10
128.7145
 20
80.53916666666666
 10
128.7145
 20
80.4545
 10
128.73566666666667
 20
80.264
 10
128.69333333333333
 20
80.17933333333333
 10
128.69333333333333
 20
80.11583333333333
 10
128.7145
 20
79.77716666666666
 10
128.67216666666667
 20
79.41733333333333
 10
128.651
 20
78.90933333333334
 10
128.67216666666667
 20
78.63416666666666
 10
128.67216666666667
 20
78.52833333333334
 10
128.62983333333332
 20
78.359
 10
128.62983333333332
 20
77.851
 10
128.60866666666666
 20
77.51233333333333
 10
128.56633333333332
 20
77.19483333333334
 10
128.56633333333332
 20
76.66566666666667
 10
128.524
 20
76.49633333333333
 10
128.524
 20
76.28466666666667
 10
128.48166666666665
 20
76.2
 10
128.48166666666665
 20
76.0095
 10
128.54516666666666
 20
75.90366666666667
 10
128.56633333333332
 20
75.84016666666666
 10
128.56633333333332
 20
75.67083333333333
 10
128.524
 20
75.58616666666667
 10
128.524
 20
75.438
 10
128.54516666666666
 20
75.07816666666666
 10
128.50283333333334
 20
74.97233333333332
 10
128.50283333333334
 20
74.54899999999999
 10
128.4605
 20
74.40083333333334
 10
128.4605
 20
74.295
 10
128.48166666666665
 20
74.01983333333334
 10
128.43933333333334
 20
73.8505
 10
128.43933333333334
 20
73.70233333333333
 10
128.4605
 20
73.533
 10
128.397
 20
73.42716666666666
 10
128.397
 20
73.30016666666667
 10
128.41816666666665
 20
72.87683333333334
 10
128.41816666666665
 20
72.81333333333333
 10
128.41816666666665
 20
72.41116666666666
 10
128.397
 20
72.136
 10
128.397
 20
72.07249999999999
 10
128.397
 20
71.92433333333334
 10
128.397
 20
71.86083333333333
 10
128.37583333333333
 20
71.755
 10
128.35466666666667
 20
71.20466666666667
 10
128.35466666666667
 20
70.52733333333333
 10
128.31233333333333
 20
70.20983333333334
 10
128.31233333333333
 20
69.76533333333333
 10
128.27
 20
69.49016666666667
 10
128.27
 20
69.36316666666667
 10
128.29116666666667
 20
69.215
 10
128.27
 20
68.707
 10
128.22766666666666
 20
68.62233333333333
 10
128.22766666666666
 20
68.5165
 10
128.27
 20
68.11433333333333
 10
128.27
 20
68.02966666666667
 10
128.24883333333332
 20
67.5005
 10
128.2065
 20
67.18299999999999
 10
128.2065
 20
66.84433333333334
 10
128.2065
 20
66.78083333333333
 10
128.2065
 20
66.4845
 10
128.18533333333332
 20
66.3575
 10
128.143
 20
66.27283333333334
 10
128.12183333333334
 20
66.20933333333333
 10
128.10066666666665
 20
65.93416666666667
 10
128.10066666666665
 20
65.84949999999999
 10
128.12183333333334
 20
65.786
 10
128.18533333333332
 20
65.68016666666666
 10
128.2065
 20
65.5955
 10
128.2065
 20
65.55316666666667
 10
128.16416666666666
 20
65.42616666666666
 10
128.16416666666666
 20
65.29916666666666
 10
128.18533333333332
 20
65.10866666666666
 10
128.143
 20
64.89699999999999
 10
128.16416666666666
 20
64.68533333333333
 10
128.16416666666666
 20
64.643
 10
128.12183333333334
 20
64.53716666666666
 10
128.10066666666665
 20
64.15616666666666
 10
128.10066666666665
 20
64.11383333333333
 10
128.143
 20
63.754
 10
128.143
 20
63.60583333333333
 10
128.10066666666665
 20
63.436499999999995
 10
128.10066666666665
 20
62.97083333333333
 10
128.12183333333334
 20
62.864999999999995
 10
128.143
 20
62.759166666666665
 10
128.16416666666666
 20
62.69566666666667
 10
128.2065
 20
62.63216666666666
 10
128.2065
 20
62.46283333333333
 10
128.16416666666666
 20
62.4205
 10
128.143
 20
62.357
 10
128.143
 20
62.2935
 10
128.143
 20
62.25116666666666
 10
128.18533333333332
 20
62.20883333333333
 10
128.22766666666666
 20
62.12416666666667
 10
128.24883333333332
 20
62.06066666666666
 10
128.24883333333332
 20
61.74316666666667
 10
128.27
 20
61.63733333333333
 10
128.29116666666667
 20
61.55266666666667
 10
128.37583333333333
 20
61.4045
 10
128.397
 20
61.341
 10
128.41816666666665
 20
61.25633333333333
 10
128.41816666666665
 20
61.19283333333333
 10
128.43933333333334
 20
61.10816666666666
 10
128.4605
 20
61.044666666666664
 10
128.50283333333334
 20
60.98116666666667
 10
128.50283333333334
 20
60.938833333333335
 10
128.524
 20
60.87533333333333
 10
128.54516666666666
 20
60.833
 10
128.73566666666667
 20
60.6425
 10
128.82033333333334
 20
60.53666666666666
 10
128.8415
 20
60.49433333333333
 10
128.86266666666666
 20
60.409666666666666
 10
128.86266666666666
 20
60.24033333333333
 10
128.88383333333334
 20
60.198
 10
128.9685
 20
60.15566666666666
 10
129.07433333333333
 20
60.04983333333333
 10
129.11666666666667
 20
59.986333333333334
 10
129.13783333333333
 20
59.92283333333333
 10
129.11666666666667
 20
59.85933333333333
 10
129.13783333333333
 20
59.753499999999995
 10
129.159
 20
59.711166666666664
 10
129.20133333333334
 20
59.647666666666666
 10
129.37066666666666
 20
59.47833333333333
 10
129.41299999999998
 20
59.372499999999995
 10
129.49766666666667
 20
59.28783333333333
 10
129.56116666666665
 20
59.16083333333333
 10
129.58233333333334
 20
59.09733333333333
 10
129.58233333333334
 20
59.033833333333334
 10
129.6035
 20
58.97033333333333
 10
129.64583333333334
 20
58.885666666666665
 10
129.70933333333332
 20
58.82216666666667
 10
129.83633333333333
 20
58.71633333333333
 10
129.8575
 20
58.652833333333334
 10
129.8575
 20
58.56816666666666
 10
129.921
 20
58.44116666666667
 10
129.9845
 20
58.37766666666666
 10
130.00566666666666
 20
58.314166666666665
 10
130.048
 20
58.27183333333333
 10
130.06916666666666
 20
58.20833333333333
 10
130.1115
 20
58.14483333333333
 10
130.15383333333332
 20
58.08133333333333
 10
130.19616666666667
 20
58.01783333333333
 10
130.2385
 20
57.95433333333333
 10
130.28083333333333
 20
57.89083333333333
 10
130.32316666666665
 20
57.82733333333333
 10
130.3655
 20
57.785
 10
130.40783333333334
 20
57.7215
 10
130.45016666666666
 20
57.658
 10
130.4925
 20
57.5945
 10
130.53483333333332
 20
57.531
 10
130.57716666666667
 20
57.4675
 10
130.59833333333333
 20
57.403999999999996
 10
130.64066666666668
 20
57.361666666666665
 10
130.66183333333333
 20
57.29816666666667
 10
130.70416666666665
 20
57.23466666666666
 10
130.7465
 20
57.19233333333333
 10
130.76766666666666
 20
57.12883333333333
 10
130.81
 20
57.0865
 10
130.83116666666666
 20
57.022999999999996
 10
130.8735
 20
56.980666666666664
 10
130.89466666666667
 20
56.91716666666667
 10
130.93699999999998
 20
56.85366666666666
 10
130.97933333333333
 20
56.790166666666664
 10
131.02166666666668
 20
56.72666666666667
 10
131.08516666666665
 20
56.641999999999996
 10
131.14866666666666
 20
56.55733333333333
 10
131.21216666666666
 20
56.493833333333335
 10
131.2545
 20
56.43033333333333
 10
131.29683333333332
 20
56.36683333333333
 10
131.33916666666667
 20
56.28216666666666
 10
131.3815
 20
56.23983333333333
 10
131.40266666666668
 20
56.17633333333333
 10
131.445
 20
56.112833333333334
 10
131.572
 20
55.98583333333333
 10
131.65666666666667
 20
55.79533333333333
 10
131.69899999999998
 20
55.731833333333334
 10
131.74133333333333
 20
55.66833333333333
 10
131.86833333333334
 20
55.5625
 10
131.93183333333332
 20
55.498999999999995
 10
131.953
 20
55.45666666666666
 10
131.953
 20
55.41433333333333
 10
132.05883333333333
 20
55.22383333333333
 10
132.05883333333333
 20
55.1815
 10
132.10116666666667
 20
55.09683333333333
 10
132.29166666666666
 20
54.90633333333333
 10
132.29166666666666
 20
54.864
 10
132.31283333333332
 20
54.8005
 10
132.334
 20
54.75816666666667
 10
132.50333333333333
 20
54.58883333333333
 10
132.54566666666668
 20
54.50416666666666
 10
132.54566666666668
 20
54.46183333333333
 10
132.56683333333334
 20
54.4195
 10
132.60916666666665
 20
54.356
 10
132.67266666666666
 20
54.2925
 10
132.69383333333332
 20
54.229
 10
132.73616666666666
 20
54.18666666666667
 10
132.75733333333332
 20
54.14433333333333
 10
132.75733333333332
 20
54.08083333333333
 10
132.7785
 20
54.01733333333333
 10
132.82083333333333
 20
53.95383333333333
 10
132.86316666666667
 20
53.89033333333333
 10
132.9055
 20
53.82683333333333
 10
132.94783333333334
 20
53.76333333333333
 10
132.99016666666665
 20
53.69983333333333
 10
133.07483333333332
 20
53.61516666666667
 10
133.13833333333332
 20
53.530499999999996
 10
133.18066666666667
 20
53.467
 10
133.22299999999998
 20
53.382333333333335
 10
133.22299999999998
 20
53.339999999999996
 10
133.24416666666667
 20
53.297666666666665
 10
133.2865
 20
53.23416666666667
 10
133.32883333333334
 20
53.17066666666666
 10
133.37116666666665
 20
53.107166666666664
 10
133.4135
 20
53.04366666666667
 10
133.477
 20
52.958999999999996
 10
133.5405
 20
52.8955
 10
133.64633333333333
 20
52.810833333333335
 10
133.64633333333333
 20
52.74733333333333
 10
133.6675
 20
52.68383333333333
 10
133.70983333333334
 20
52.59916666666666
 10
133.75216666666665
 20
52.535666666666664
 10
133.7945
 20
52.472166666666666
 10
133.83683333333332
 20
52.429833333333335
 10
133.858
 20
52.36633333333333
 10
133.90033333333332
 20
52.324
 10
133.9215
 20
52.2605
 10
133.96383333333333
 20
52.196999999999996
 10
134.00616666666667
 20
52.1335
 10
134.0485
 20
52.091166666666666
 10
134.06966666666665
 20
52.02766666666667
 10
134.112
 20
51.98533333333333
 10
134.13316666666665
 20
51.92183333333333
 10
134.1755
 20
51.858333333333334
 10
134.239
 20
51.773666666666664
 10
134.28133333333332
 20
51.710166666666666
 10
134.32366666666667
 20
51.64666666666667
 10
134.36599999999999
 20
51.58316666666666
 10
134.40833333333333
 20
51.519666666666666
 10
134.47183333333334
 20
51.434999999999995
 10
134.57766666666666
 20
51.308
 10
134.66233333333332
 20
51.22333333333333
 10
134.74699999999999
 20
51.181
 10
134.8105
 20
51.15983333333333
 10
134.85283333333334
 20
51.15983333333333
 10
134.89516666666665
 20
51.138666666666666
 10
135.02216666666666
 20
51.01166666666666
 10
135.10683333333333
 20
50.96933333333333
 10
135.17033333333333
 20
50.948166666666665
 10
135.21266666666665
 20
50.948166666666665
 10
135.255
 20
50.927
 10
135.29733333333334
 20
50.88466666666667
 10
135.36083333333332
 20
50.8635
 10
135.42433333333332
 20
50.82116666666666
 10
135.53016666666667
 20
50.715333333333334
 10
135.5725
 20
50.69416666666667
 10
135.636
 20
50.673
 10
135.6995
 20
50.65183333333333
 10
135.89
 20
50.63066666666666
 10
136.10166666666666
 20
50.6095
 10
136.37683333333334
 20
50.58833333333333
 10
136.75783333333334
 20
50.58833333333333
 10
136.86366666666666
 20
50.6095
 10
136.92716666666666
 20
50.63066666666666
 10
136.99066666666667
 20
50.69416666666667
 10
137.033
 20
50.7365
 10
137.0965
 20
50.77883333333333
 10
137.13883333333334
 20
50.82116666666666
 10
137.2235
 20
50.9905
 10
137.24466666666666
 20
51.054
 10
137.24466666666666
 20
51.138666666666666
 10
137.2235
 20
51.308
 10
137.26583333333332
 20
51.3715
 10
137.287
 20
51.434999999999995
 10
137.287
 20
51.815999999999995
 10
137.32933333333332
 20
52.07
 10
137.35049999999998
 20
52.451
 10
137.37166666666667
 20
52.958999999999996
 10
137.37166666666667
 20
53.086
 10
137.35049999999998
 20
53.339999999999996
 10
137.39283333333333
 20
53.42466666666667
 10
137.45633333333333
 20
53.488166666666665
 10
137.49866666666665
 20
53.50933333333333
 10
137.6045
 20
53.50933333333333
 10
137.71033333333332
 20
53.55166666666666
 10
137.81616666666667
 20
53.572833333333335
 10
137.90083333333334
 20
53.572833333333335
 10
138.02783333333332
 20
53.572833333333335
 10
138.09133333333332
 20
53.572833333333335
 10
138.51466666666667
 20
53.530499999999996
 10
138.95916666666668
 20
53.530499999999996
 10
139.08616666666666
 20
53.488166666666665
 10
139.25549999999998
 20
53.467
 10
139.67883333333333
 20
53.488166666666665
 10
139.72116666666668
 20
53.488166666666665
 10
139.99633333333333
 20
53.467
 10
140.2715
 20
53.488166666666665
 10
140.462
 20
53.44583333333333
 10
140.61016666666666
 20
53.42466666666667
 10
140.6525
 20
53.42466666666667
 10
140.97
 20
53.44583333333333
 10
141.07583333333332
 20
53.42466666666667
 10
141.20283333333333
 20
53.382333333333335
 10
141.49916666666667
 20
53.36116666666666
 10
141.88016666666667
 20
53.339999999999996
 10
142.113
 20
53.339999999999996
 10
142.24
 20
53.382333333333335
 10
142.40933333333334
 20
53.382333333333335
 10
142.47283333333334
 20
53.36116666666666
 10
142.5575
 20
53.31883333333333
 10
142.64216666666667
 20
53.23416666666667
 10
142.64216666666667
 20
52.68383333333333
 10
142.59983333333332
 20
52.196999999999996
 10
142.57866666666666
 20
51.26566666666667
 10
142.57866666666666
 20
50.82116666666666
 10
142.59983333333332
 20
50.65183333333333
 10
142.621
 20
50.58833333333333
 10
142.68449999999999
 20
50.46133333333333
 10
142.748
 20
50.39783333333333
 10
142.83266666666665
 20
50.3555
 10
142.91733333333332
 20
50.33433333333333
 10
143.15016666666665
 20
50.31316666666667
 10
143.42533333333333
 20
50.292
 10
143.99683333333334
 20
50.292
 10
144.12383333333332
 20
50.27083333333333
 10
144.2085
 20
50.2285
 10
144.29316666666665
 20
50.20733333333333
 10
144.52599999999998
 20
50.20733333333333
 10
144.63183333333333
 20
50.24966666666666
 10
144.94933333333333
 20
50.27083333333333
 10
145.24566666666666
 20
50.24966666666666
 10
145.43616666666665
 20
50.27083333333333
 10
145.58433333333332
 20
50.27083333333333
 10
145.75366666666667
 20
50.2285
 10
146.4945
 20
50.2285
 10
146.6215
 20
50.186166666666665
 10
147.3835
 20
50.186166666666665
 10
147.87033333333332
 20
50.165
 10
148.10316666666665
 20
50.14383333333333
 10
148.209
 20
50.1015
 10
148.61116666666666
 20
50.1015
 10
148.75933333333333
 20
50.14383333333333
 10
149.1615
 20
50.14383333333333
 10
149.47899999999998
 20
50.12266666666667
 10
149.62716666666665
 20
50.08033333333333
 10
149.90233333333333
 20
50.08033333333333
 10
149.96583333333334
 20
50.1015
 10
150.0505
 20
50.14383333333333
 10
150.13516666666666
 20
50.2285
 10
150.15633333333332
 20
50.27083333333333
 10
150.1775
 20
50.33433333333333
 10
150.19866666666667
 20
50.39783333333333
 10
150.19866666666667
 20
50.69416666666667
 10
150.24099999999999
 20
50.8
 10
150.26216666666667
 20
51.054
 10
150.24099999999999
 20
51.58316666666666
 10
150.24099999999999
 20
51.73133333333333
 10
150.28333333333333
 20
51.83716666666667
 10
150.3045
 20
52.006499999999996
 10
150.28333333333333
 20
52.59916666666666
 10
150.28333333333333
 20
52.916666666666664
 10
150.368
 20
53.001333333333335
 10
150.41033333333334
 20
53.0225
 10
150.47383333333332
 20
53.04366666666667
 10
150.64316666666667
 20
53.04366666666667
 10
151.97666666666666
 20
53.0225
 10
152.06133333333332
 20
53.04366666666667
 10
152.10366666666667
 20
53.06483333333333
 10
152.16716666666667
 20
53.12833333333333
 10
152.273
 20
53.339999999999996
 10
152.273
 20
53.55166666666666
 10
152.31533333333334
 20
53.6575
 10
152.3365
 20
53.721
 10
152.3365
 20
53.9115
 10
152.29416666666665
 20
53.99616666666667
 10
152.29416666666665
 20
54.39833333333333
 10
152.31533333333334
 20
54.440666666666665
 10
152.35766666666666
 20
54.483
 10
152.37883333333332
 20
54.5465
 10
152.37883333333332
 20
54.631166666666665
 10
152.35766666666666
 20
54.75816666666667
 10
152.4
 20
54.84283333333333
 10
152.42116666666666
 20
55.0545
 10
152.42116666666666
 20
55.26616666666666
 10
152.37883333333332
 20
55.393166666666666
 10
152.37883333333332
 20
55.498999999999995
 10
152.4
 20
55.79533333333333
 10
152.44233333333332
 20
55.90116666666667
 10
152.46349999999998
 20
56.515
 10
152.44233333333332
 20
57.0865
 10
152.44233333333332
 20
57.23466666666666
 10
152.48466666666667
 20
57.31933333333333
 10
152.46349999999998
 20
57.552166666666665
 10
152.46349999999998
 20
57.70033333333333
 10
152.50583333333333
 20
57.80616666666666
 10
152.527
 20
58.2295
 10
152.527
 20
58.314166666666665
 10
152.527
 20
58.6105
 10
152.50583333333333
 20
58.800999999999995
 10
152.54816666666667
 20
59.055
 10
152.54816666666667
 20
59.13966666666666
 10
152.527
 20
59.2455
 10
152.50583333333333
 20
59.28783333333333
 10
152.50583333333333
 20
59.605333333333334
 10
152.50583333333333
 20
59.69
 10
152.54816666666667
 20
59.77466666666667
 10
152.56933333333333
 20
59.838166666666666
 10
152.56933333333333
 20
59.901666666666664
 10
152.527
 20
60.0075
 10
152.54816666666667
 20
60.24033333333333
 10
152.527
 20
60.43083333333333
 10
152.527
 20
60.515499999999996
 10
152.54816666666667
 20
60.91766666666666
 10
152.5905
 20
60.98116666666667
 10
152.5905
 20
61.044666666666664
 10
152.5905
 20
61.10816666666666
 10
152.5905
 20
61.1505
 10
152.54816666666667
 20
61.235166666666665
 10
152.50583333333333
 20
61.277499999999996
 10
152.48466666666667
 20
61.31983333333333
 10
152.48466666666667
 20
61.51033333333333
 10
152.42116666666666
 20
61.616166666666665
 10
152.4
 20
61.67966666666666
 10
152.4
 20
61.76433333333333
 10
152.35766666666666
 20
61.82783333333333
 10
152.29416666666665
 20
61.89133333333333
 10
152.25183333333334
 20
61.997166666666665
 10
152.16716666666667
 20
62.08183333333333
 10
152.10366666666667
 20
62.12416666666667
 10
152.019
 20
62.1665
 10
151.97666666666666
 20
62.1665
 10
151.91316666666665
 20
62.20883333333333
 10
151.8285
 20
62.23
 10
151.638
 20
62.23
 10
151.48983333333334
 20
62.25116666666666
 10
151.34166666666667
 20
62.27233333333333
 10
151.21466666666666
 20
62.31466666666667
 10
150.495
 20
62.33583333333333
 10
150.32566666666665
 20
62.31466666666667
 10
150.28333333333333
 20
62.31466666666667
 10
149.987
 20
62.33583333333333
 10
149.56366666666665
 20
62.31466666666667
 10
149.225
 20
62.33583333333333
 10
149.09799999999998
 20
62.378166666666665
 10
148.844
 20
62.357
 10
148.6535
 20
62.357
 10
148.33599999999998
 20
62.378166666666665
 10
148.209
 20
62.4205
 10
148.082
 20
62.39933333333333
 10
148.0185
 20
62.39933333333333
 10
147.93383333333333
 20
62.4205
 10
147.828
 20
62.46283333333333
 10
147.34116666666665
 20
62.44166666666666
 10
147.2565
 20
62.44166666666666
 10
146.64266666666666
 20
62.484
 10
146.2405
 20
62.46283333333333
 10
146.13466666666667
 20
62.46283333333333
 10
145.542
 20
62.484
 10
145.45733333333334
 20
62.52633333333333
 10
145.3515
 20
62.5475
 10
144.54716666666667
 20
62.568666666666665
 10
144.50483333333332
 20
62.568666666666665
 10
144.18733333333333
 20
62.5475
 10
143.74283333333332
 20
62.58983333333333
 10
143.4465
 20
62.58983333333333
 10
143.27716666666666
 20
62.5475
 10
142.91733333333332
 20
62.5475
 10
142.70566666666667
 20
62.568666666666665
 10
142.47283333333334
 20
62.58983333333333
 10
142.28233333333333
 20
62.63216666666666
 10
142.24
 20
62.63216666666666
 10
141.58383333333333
 20
62.611
 10
141.49916666666667
 20
62.65333333333333
 10
141.26633333333334
 20
62.674499999999995
 10
141.05466666666666
 20
62.674499999999995
 10
140.92766666666665
 20
62.716833333333334
 10
140.44083333333333
 20
62.716833333333334
 10
140.03866666666667
 20
62.674499999999995
 10
139.78466666666665
 20
62.674499999999995
 10
139.67883333333333
 20
62.716833333333334
 10
139.17083333333332
 20
62.716833333333334
 10
138.98033333333333
 20
62.759166666666665
 10
138.87449999999998
 20
62.759166666666665
 10
138.72633333333334
 20
62.738
 10
138.51466666666667
 20
62.759166666666665
 10
138.28183333333334
 20
62.8015
 10
138.09133333333332
 20
62.82266666666666
 10
137.16
 20
62.82266666666666
 10
137.07533333333333
 20
62.864999999999995
 10
136.94833333333332
 20
62.97083333333333
 10
136.88483333333332
 20
63.03433333333333
 10
136.779
 20
63.245999999999995
 10
136.75783333333334
 20
63.35183333333333
 10
136.75783333333334
 20
63.9445
 10
136.7155
 20
64.05033333333333
 10
136.7155
 20
64.643
 10
136.75783333333334
 20
65.19333333333333
 10
136.75783333333334
 20
65.913
 10
136.80016666666666
 20
66.31516666666667
 10
136.80016666666666
 20
66.39983333333333
 10
136.779
 20
66.46333333333334
 10
136.73666666666665
 20
66.56916666666666
 10
136.73666666666665
 20
66.63266666666667
 10
136.75783333333334
 20
66.71733333333333
 10
136.80016666666666
 20
66.80199999999999
 10
136.82133333333334
 20
66.8655
 10
136.8425
 20
66.99249999999999
 10
136.8425
 20
67.2465
 10
136.8425
 20
67.31
 10
136.8425
 20
67.47933333333333
 10
136.8425
 20
67.54283333333333
 10
136.86366666666666
 20
67.6275
 10
136.86366666666666
 20
67.77566666666667
 10
136.86366666666666
 20
68.09316666666666
 10
136.86366666666666
 20
68.22016666666667
 10
136.8425
 20
68.47416666666666
 10
136.88483333333332
 20
68.55883333333333
 10
136.88483333333332
 20
68.68583333333333
 10
136.8425
 20
68.7705
 10
136.8425
 20
68.81283333333333
 10
136.86366666666666
 20
68.87633333333333
 10
136.906
 20
68.93983333333333
 10
136.906
 20
69.06683333333334
 10
136.86366666666666
 20
69.17266666666667
 10
136.86366666666666
 20
69.49016666666667
 10
136.88483333333332
 20
69.68066666666667
 10
136.906
 20
69.85
 10
136.94833333333332
 20
69.99816666666666
 10
136.94833333333332
 20
70.14633333333333
 10
136.92716666666666
 20
70.50616666666666
 10
136.94833333333332
 20
70.56966666666666
 10
136.99066666666667
 20
70.65433333333333
 10
137.01183333333333
 20
70.88716666666666
 10
136.99066666666667
 20
71.92433333333334
 10
136.99066666666667
 20
72.09366666666666
 10
137.033
 20
72.17833333333333
 10
137.033
 20
72.24183333333333
 10
137.033
 20
72.30533333333334
 10
137.01183333333333
 20
72.39
 10
137.01183333333333
 20
72.47466666666666
 10
137.05416666666667
 20
72.55933333333333
 10
137.05416666666667
 20
72.64399999999999
 10
136.99066666666667
 20
72.74983333333333
 10
136.99066666666667
 20
72.83449999999999
 10
137.033
 20
72.94033333333333
 10
137.01183333333333
 20
73.4695
 10
137.01183333333333
 20
73.533
 10
137.05416666666667
 20
73.66
 10
137.05416666666667
 20
73.74466666666666
 10
137.033
 20
74.08333333333333
 10
137.033
 20
74.14683333333333
 10
137.033
 20
74.44316666666667
 10
137.07533333333333
 20
74.52783333333333
 10
137.0965
 20
74.59133333333332
 10
137.0965
 20
74.63366666666667
 10
137.05416666666667
 20
74.71833333333333
 10
137.05416666666667
 20
74.8665
 10
137.07533333333333
 20
74.92999999999999
 10
137.0965
 20
74.9935
 10
137.13883333333334
 20
75.057
 10
137.11766666666665
 20
75.54383333333332
 10
137.11766666666665
 20
75.692
 10
137.16
 20
75.77666666666667
 10
137.16
 20
75.8825
 10
137.11766666666665
 20
76.1365
 10
137.11766666666665
 20
76.28466666666667
 10
137.16
 20
76.41166666666666
 10
137.16
 20
76.5175
 10
137.11766666666665
 20
76.72916666666667
 10
137.11766666666665
 20
76.98316666666666
 10
137.16
 20
77.19483333333334
 10
137.16
 20
77.343
 10
137.11766666666665
 20
77.47
 10
137.11766666666665
 20
77.63933333333333
 10
137.13883333333334
 20
77.724
 10
137.16
 20
77.82983333333333
 10
137.20233333333334
 20
77.9145
 10
137.20233333333334
 20
78.18966666666667
 10
137.20233333333334
 20
78.613
 10
137.18116666666666
 20
78.74
 10
137.18116666666666
 20
78.82466666666666
 10
137.20233333333334
 20
78.867
 10
137.24466666666666
 20
78.9305
 10
137.26583333333332
 20
78.994
 10
137.2235
 20
79.09983333333334
 10
137.20233333333334
 20
79.248
 10
137.20233333333334
 20
79.77716666666666
 10
137.24466666666666
 20
79.883
 10
137.24466666666666
 20
80.03116666666666
 10
137.26583333333332
 20
80.11583333333333
 10
137.30816666666666
 20
80.17933333333333
 10
137.32933333333332
 20
80.24283333333334
 10
137.35049999999998
 20
80.75083333333333
 10
137.35049999999998
 20
80.92016666666666
 10
137.30816666666666
 20
81.04716666666667
 10
137.30816666666666
 20
81.0895
 10
137.32933333333332
 20
81.23766666666667
 10
137.30816666666666
 20
81.38583333333334
 10
137.35049999999998
 20
81.44933333333333
 10
137.35049999999998
 20
81.57633333333334
 10
137.30816666666666
 20
81.63983333333333
 10
137.30816666666666
 20
81.788
 10
137.30816666666666
 20
81.8515
 10
137.30816666666666
 20
82.14783333333332
 10
137.35049999999998
 20
82.76166666666667
 10
137.35049999999998
 20
83.98933333333333
 10
137.39283333333333
 20
84.11633333333333
 10
137.39283333333333
 20
84.37033333333333
 10
137.43516666666667
 20
84.47616666666667
 10
137.43516666666667
 20
84.582
 10
137.414
 20
84.75133333333333
 10
137.45633333333333
 20
84.81483333333333
 10
137.4775
 20
84.8995
 10
137.49866666666665
 20
85.11116666666666
 10
137.49866666666665
 20
85.19583333333333
 10
137.49866666666665
 20
85.4075
 10
137.49866666666665
 20
85.471
 10
137.49866666666665
 20
85.68266666666666
 10
137.49866666666665
 20
85.74616666666667
 10
137.45633333333333
 20
85.852
 10
137.45633333333333
 20
85.9155
 10
137.4775
 20
85.979
 10
137.49866666666665
 20
86.0425
 10
137.56216666666666
 20
86.14833333333333
 10
137.56216666666666
 20
86.19066666666666
 10
137.58333333333334
 20
86.25416666666666
 10
137.62566666666666
 20
86.33883333333333
 10
137.68916666666667
 20
86.40233333333333
 10
137.73149999999998
 20
86.4235
 10
137.922
 20
86.4235
 10
137.9855
 20
86.44466666666666
 10
138.07016666666667
 20
86.487
 10
138.13366666666667
 20
86.50816666666667
 10
139.0015
 20
86.50816666666667
 10
139.53066666666666
 20
86.487
 10
139.7
 20
86.44466666666666
 10
139.80583333333334
 20
86.44466666666666
 10
139.97516666666667
 20
86.46583333333334
 10
140.716
 20
86.4235
 10
141.90133333333333
 20
86.4235
 10
142.07066666666665
 20
86.38116666666666
 10
142.53633333333332
 20
86.36
 10
143.002
 20
86.36
 10
143.36183333333332
 20
86.31766666666667
 10
144.78
 20
86.31766666666667
 10
145.2245
 20
86.27533333333334
 10
146.09233333333333
 20
86.27533333333334
 10
146.53683333333333
 20
86.25416666666666
 10
146.7485
 20
86.21183333333333
 10
147.42583333333332
 20
86.19066666666666
 10
148.209
 20
86.1695
 10
148.29366666666667
 20
86.1695
 10
148.5265
 20
86.19066666666666
 10
148.67466666666667
 20
86.14833333333333
 10
149.14033333333333
 20
86.12716666666667
 10
149.6695
 20
86.12716666666667
 10
150.13516666666666
 20
86.08483333333334
 10
150.89716666666666
 20
86.08483333333334
 10
151.48983333333334
 20
86.06366666666666
 10
151.91316666666665
 20
86.02133333333333
 10
152.73866666666666
 20
86.02133333333333
 10
152.84449999999998
 20
86.0425
 10
152.908
 20
86.06366666666666
 10
152.9715
 20
86.08483333333334
 10
153.05616666666666
 20
86.12716666666667
 10
153.11966666666666
 20
86.1695
 10
153.24666666666667
 20
86.2965
 10
153.289
 20
86.36
 10
153.33133333333333
 20
86.44466666666666
 10
153.3525
 20
86.50816666666667
 10
153.37366666666665
 20
86.57166666666666
 10
153.37366666666665
 20
86.741
 10
153.39483333333334
 20
86.84683333333334
 10
153.43716666666666
 20
86.9315
 10
153.45833333333334
 20
86.995
 10
153.45833333333334
 20
87.18549999999999
 10
153.50066666666666
 20
87.37599999999999
 10
153.4795
 20
87.63
 10
153.4795
 20
87.77816666666666
 10
153.52183333333332
 20
87.92633333333333
 10
153.543
 20
88.28616666666666
 10
153.52183333333332
 20
89.04816666666666
 10
153.52183333333332
 20
89.09049999999999
 10
153.56416666666667
 20
89.23866666666666
 10
153.58533333333332
 20
89.45033333333333
 10
153.56416666666667
 20
89.64083333333333
 10
153.56416666666667
 20
89.74666666666667
 10
153.60649999999998
 20
90.04299999999999
 10
153.60649999999998
 20
90.12766666666667
 10
153.56416666666667
 20
90.23349999999999
 10
153.56416666666667
 20
90.33933333333333
 10
153.60649999999998
 20
90.46633333333332
 10
153.58533333333332
 20
90.95316666666666
 10
153.58533333333332
 20
91.08016666666667
 10
153.60649999999998
 20
91.14366666666666
 10
153.64883333333333
 20
91.2495
 10
153.64883333333333
 20
92.202
 10
153.69116666666667
 20
92.329
 10
153.69116666666667
 20
92.6465
 10
153.64883333333333
 20
92.73116666666667
 10
153.64883333333333
 20
92.94283333333333
 10
153.71233333333333
 20
93.04866666666666
 10
153.7335
 20
93.1545
 10
153.75466666666665
 20
93.30266666666667
 10
153.75466666666665
 20
93.38733333333333
 10
153.71233333333333
 20
93.472
 10
153.71233333333333
 20
93.57783333333333
 10
153.75466666666665
 20
93.70483333333333
 10
153.75466666666665
 20
94.02233333333334
 10
153.7335
 20
94.12816666666666
 10
153.69116666666667
 20
94.21283333333334
 10
153.69116666666667
 20
94.2975
 10
153.71233333333333
 20
94.361
 10
153.75466666666665
 20
94.4245
 10
153.77583333333334
 20
94.53033333333333
 10
153.77583333333334
 20
94.65733333333333
 10
153.75466666666665
 20
95.08066666666666
 10
153.797
 20
95.16533333333334
 10
153.797
 20
95.27116666666666
 10
153.797
 20
95.33466666666666
 10
153.77583333333334
 20
95.631
 10
153.77583333333334
 20
95.71566666666666
 10
153.81816666666666
 20
95.80033333333333
 10
153.924
 20
95.90616666666666
 10
153.98749999999998
 20
95.92733333333334
 10
154.19916666666666
 20
95.92733333333334
 10
154.34733333333332
 20
95.88499999999999
 10
154.45316666666668
 20
95.88499999999999
 10
154.686
 20
95.92733333333334
 10
154.72833333333332
 20
95.92733333333334
 10
155.321
 20
95.88499999999999
 10
155.99833333333333
 20
95.86383333333333
 10
156.21
 20
95.86383333333333
 10
156.27349999999998
 20
95.88499999999999
 10
156.337
 20
95.92733333333334
 10
156.37933333333334
 20
95.99083333333333
 10
156.44283333333334
 20
96.11783333333334
 10
156.464
 20
96.18133333333333
 10
156.48516666666666
 20
96.28716666666666
 10
156.50633333333332
 20
96.43533333333333
 10
156.50633333333332
 20
96.49883333333334
 10
156.48516666666666
 20
96.62583333333333
 10
156.50633333333332
 20
97.23966666666666
 10
156.54866666666666
 20
97.64183333333332
 10
156.54866666666666
 20
98.57316666666667
 10
156.54866666666666
 20
98.63666666666667
 10
156.54866666666666
 20
98.74249999999999
 10
156.591
 20
98.806
 10
156.61216666666667
 20
98.8695
 10
156.63333333333333
 20
98.93299999999999
 10
156.65449999999998
 20
98.9965
 10
156.65449999999998
 20
99.54683333333332
 10
156.69683333333333
 20
99.65266666666666
 10
156.69683333333333
 20
99.86433333333333
 10
156.65449999999998
 20
100.0125
 10
156.65449999999998
 20
100.457
 10
156.69683333333333
 20
100.54166666666666
 10
156.69683333333333
 20
100.66866666666667
 10
156.67566666666667
 20
101.11316666666666
 10
156.65449999999998
 20
101.17666666666666
 10
156.63333333333333
 20
101.219
 10
156.54866666666666
 20
101.30366666666666
 10
156.50633333333332
 20
101.36716666666666
 10
156.44283333333334
 20
101.43066666666667
 10
156.4005
 20
101.43066666666667
 10
156.31583333333333
 20
101.51533333333333
 10
156.25233333333333
 20
101.57883333333334
 10
155.80783333333332
 20
101.6
 10
155.7655
 20
101.6
 10
155.59616666666668
 20
101.57883333333334
 10
155.15166666666667
 20
101.6
 10
155.04583333333332
 20
101.64233333333333
 10
154.96116666666666
 20
101.64233333333333
 10
154.83416666666668
 20
101.62116666666667
 10
154.45316666666668
 20
101.64233333333333
 10
154.32616666666667
 20
101.68466666666666
 10
154.178
 20
101.68466666666666
 10
154.13566666666665
 20
101.70583333333333
 10
154.09333333333333
 20
101.74816666666666
 10
154.051
 20
101.83283333333333
 10
154.02983333333333
 20
101.89633333333333
 10
154.02983333333333
 20
102.00216666666667
 10
154.051
 20
102.34083333333334
 10
154.09333333333333
 20
102.51016666666666
 10
154.1145
 20
102.72183333333334
 10
154.09333333333333
 20
102.84883333333333
 10
154.09333333333333
 20
102.91233333333334
 10
154.1145
 20
103.27216666666666
 10
154.07216666666667
 20
103.35683333333333
 10
154.07216666666667
 20
103.39916666666666
 10
154.1145
 20
103.48383333333334
 10
154.1145
 20
103.61083333333333
 10
154.1145
 20
103.80133333333333
 10
154.09333333333333
 20
103.90716666666667
 10
154.1145
 20
103.97066666666666
 10
154.15683333333334
 20
104.05533333333334
 10
154.15683333333334
 20
104.24583333333334
 10
154.1145
 20
104.3305
 10
154.13566666666665
 20
104.47866666666667
 10
154.13566666666665
 20
104.56333333333333
 10
154.09333333333333
 20
104.66916666666667
 10
154.09333333333333
 20
104.7115
 10
154.1145
 20
104.77499999999999
 10
154.15683333333334
 20
104.8385
 10
154.15683333333334
 20
105.00783333333332
 10
154.1145
 20
105.07133333333333
 10
154.1145
 20
105.15599999999999
 10
154.13566666666665
 20
105.2195
 10
154.178
 20
105.283
 10
154.178
 20
105.38883333333332
 10
154.15683333333334
 20
105.45233333333333
 10
154.1145
 20
105.51583333333333
 10
154.1145
 20
105.55816666666666
 10
154.051
 20
105.664
 10
154.02983333333333
 20
105.72749999999999
 10
154.02983333333333
 20
105.81216666666667
 10
154.00866666666667
 20
105.87566666666666
 10
153.98749999999998
 20
105.93916666666667
 10
153.924
 20
106.00266666666667
 10
153.88166666666666
 20
106.02383333333333
 10
153.797
 20
106.045
 10
153.69116666666667
 20
106.045
 10
153.62766666666667
 20
106.06616666666666
 10
153.56416666666667
 20
106.10849999999999
 10
153.50066666666666
 20
106.12966666666667
 10
153.43716666666666
 20
106.15083333333332
 10
153.22549999999998
 20
106.15083333333332
 10
153.11966666666666
 20
106.19316666666667
 10
153.01383333333334
 20
106.19316666666667
 10
152.95033333333333
 20
106.21433333333333
 10
152.88683333333333
 20
106.25666666666666
 10
152.82333333333332
 20
106.27783333333333
 10
152.75983333333332
 20
106.27783333333333
 10
152.67516666666666
 20
106.29899999999999
 10
152.5905
 20
106.34133333333332
 10
152.54816666666667
 20
106.38366666666667
 10
152.48466666666667
 20
106.40483333333333
 10
152.4
 20
106.48949999999999
 10
152.37883333333332
 20
106.553
 10
152.37883333333332
 20
106.6165
 10
152.4
 20
106.65883333333333
 10
152.44233333333332
 20
106.70116666666667
 10
152.48466666666667
 20
106.78583333333333
 10
152.50583333333333
 20
106.84933333333333
 10
152.527
 20
106.91283333333332
 10
152.54816666666667
 20
106.97633333333333
 10
152.56933333333333
 20
107.03983333333333
 10
152.5905
 20
107.10333333333332
 10
152.61166666666665
 20
107.16683333333333
 10
152.63283333333334
 20
107.2515
 10
152.63283333333334
 20
107.315
 10
152.654
 20
107.3785
 10
152.69633333333334
 20
107.442
 10
152.7175
 20
107.5055
 10
152.73866666666666
 20
107.569
 10
152.75983333333332
 20
107.6325
 10
152.781
 20
107.71716666666666
 10
152.781
 20
107.90766666666666
 10
152.82333333333332
 20
107.97116666666666
 10
152.84449999999998
 20
108.03466666666667
 10
152.84449999999998
 20
108.11933333333333
 10
152.86566666666667
 20
108.204
 10
152.88683333333333
 20
108.24633333333333
 10
152.92916666666667
 20
108.28866666666666
 10
152.9715
 20
108.35216666666666
 10
152.99266666666665
 20
108.41566666666667
 10
153.01383333333334
 20
108.47916666666666
 10
153.035
 20
108.54266666666666
 10
153.035
 20
109.07183333333333
 10
153.01383333333334
 20
109.13533333333334
 10
152.99266666666665
 20
109.17766666666667
 10
152.86566666666667
 20
109.2835
 10
152.82333333333332
 20
109.32583333333334
 10
152.781
 20
109.36816666666667
 10
152.73866666666666
 20
109.4105
 10
152.61166666666665
 20
109.474
 10
152.50583333333333
 20
109.49516666666666
 10
152.44233333333332
 20
109.49516666666666
 10
152.37883333333332
 20
109.51633333333334
 10
152.29416666666665
 20
109.5375
 10
152.23066666666665
 20
109.55866666666667
 10
152.12483333333333
 20
109.62216666666666
 10
152.06133333333332
 20
109.64333333333333
 10
152.019
 20
109.64333333333333
 10
151.91316666666665
 20
109.70683333333334
 10
151.8285
 20
109.728
 10
151.78616666666667
 20
109.728
 10
151.5745
 20
109.70683333333334
 10
151.46866666666665
 20
109.77033333333333
 10
151.42633333333333
 20
109.77033333333333
 10
151.34166666666667
 20
109.81266666666666
 10
151.29933333333332
 20
109.855
 10
151.257
 20
109.87616666666666
 10
151.1935
 20
109.89733333333334
 10
151.10883333333334
 20
109.9185
 10
151.02416666666667
 20
109.93966666666667
 10
150.9395
 20
109.96083333333333
 10
150.85483333333332
 20
109.982
 10
150.749
 20
109.982
 10
150.6855
 20
110.00316666666666
 10
150.53733333333332
 20
110.08783333333334
 10
150.495
 20
110.08783333333334
 10
150.4315
 20
110.109
 10
150.368
 20
110.15133333333333
 10
150.32566666666665
 20
110.15133333333333
 10
150.26216666666667
 20
110.19366666666666
 10
150.19866666666667
 20
110.21483333333333
 10
150.13516666666666
 20
110.23599999999999
 10
150.02933333333334
 20
110.23599999999999
 10
149.90233333333333
 20
110.25716666666666
 10
149.83883333333333
 20
110.2995
 10
149.7965
 20
110.2995
 10
149.733
 20
110.32066666666667
 10
149.6695
 20
110.34183333333333
 10
149.52133333333333
 20
110.42649999999999
 10
149.45783333333333
 20
110.44766666666666
 10
149.37316666666666
 20
110.46883333333334
 10
149.225
 20
110.46883333333334
 10
149.14033333333333
 20
110.49
 10
149.07683333333333
 20
110.51116666666667
 10
148.971
 20
110.57466666666666
 10
148.9075
 20
110.59583333333333
 10
148.7805
 20
110.59583333333333
 10
148.67466666666667
 20
110.61699999999999
 10
148.61116666666666
 20
110.63816666666666
 10
148.54766666666666
 20
110.65933333333334
 10
148.48416666666665
 20
110.6805
 10
148.3995
 20
110.70166666666667
 10
148.33599999999998
 20
110.72283333333333
 10
148.29366666666667
 20
110.744
 10
148.25133333333332
 20
110.78633333333333
 10
148.16666666666666
 20
110.82866666666666
 10
148.10316666666665
 20
110.84983333333334
 10
147.828
 20
110.84983333333334
 10
147.74333333333334
 20
110.871
 10
147.6375
 20
110.9345
 10
147.59516666666667
 20
110.9345
 10
147.447
 20
111.01916666666666
 10
147.36233333333334
 20
111.04033333333334
 10
147.23533333333333
 20
111.0615
 10
147.15066666666667
 20
111.0615
 10
147.066
 20
111.08266666666667
 10
147.0025
 20
111.10383333333333
 10
146.91783333333333
 20
111.14616666666666
 10
146.83316666666667
 20
111.14616666666666
 10
146.7485
 20
111.18849999999999
 10
146.66383333333332
 20
111.20966666666666
 10
146.4945
 20
111.20966666666666
 10
146.40983333333332
 20
111.252
 10
146.34633333333332
 20
111.27316666666667
 10
146.02883333333332
 20
111.27316666666667
 10
145.96533333333332
 20
111.252
 10
145.8595
 20
111.14616666666666
 10
145.796
 20
111.01916666666666
 10
145.796
 20
110.97683333333333
 10
145.75366666666667
 20
110.91333333333333
 10
145.75366666666667
 20
110.82866666666666
 10
145.7325
 20
110.744
 10
145.64783333333332
 20
110.59583333333333
 10
145.64783333333332
 20
110.5535
 10
145.58433333333332
 20
110.44766666666666
 10
145.56316666666666
 20
110.38416666666666
 10
145.56316666666666
 20
110.34183333333333
 10
145.52083333333334
 20
110.27833333333334
 10
145.49966666666666
 20
110.21483333333333
 10
145.4785
 20
110.13016666666667
 10
145.4785
 20
110.04549999999999
 10
145.45733333333334
 20
109.982
 10
145.43616666666665
 20
109.9185
 10
145.37266666666667
 20
109.7915
 10
145.30916666666667
 20
109.728
 10
145.28799999999998
 20
109.68566666666666
 10
145.26683333333332
 20
109.62216666666666
 10
145.26683333333332
 20
109.49516666666666
 10
145.2245
 20
109.4105
 10
145.18216666666666
 20
109.36816666666667
 10
145.161
 20
109.32583333333334
 10
145.13983333333334
 20
109.26233333333333
 10
145.11866666666666
 20
109.19883333333333
 10
145.11866666666666
 20
109.0295
 10
145.0975
 20
108.839
 10
145.01283333333333
 20
108.75433333333334
 10
144.9705
 20
108.73316666666666
 10
144.8435
 20
108.73316666666666
 10
144.78
 20
108.7755
 10
144.69533333333334
 20
108.79666666666667
 10
144.52599999999998
 20
108.79666666666667
 10
144.42016666666666
 20
108.81783333333333
 10
144.272
 20
108.9025
 10
144.22966666666667
 20
108.9025
 10
144.16616666666667
 20
108.92366666666666
 10
144.10266666666666
 20
108.966
 10
144.06033333333332
 20
108.966
 10
143.9545
 20
109.0295
 10
143.80633333333333
 20
109.0295
 10
143.72166666666666
 20
109.05066666666666
 10
143.5735
 20
109.13533333333334
 10
143.48883333333333
 20
109.1565
 10
143.383
 20
109.1565
 10
143.29833333333332
 20
109.17766666666667
 10
143.23483333333334
 20
109.19883333333333
 10
143.15016666666665
 20
109.24116666666666
 10
143.0655
 20
109.24116666666666
 10
142.95966666666666
 20
109.26233333333333
 10
142.875
 20
109.2835
 10
142.72683333333333
 20
109.36816666666667
 10
142.66333333333333
 20
109.36816666666667
 10
142.57866666666666
 20
109.38933333333333
 10
142.47283333333334
 20
109.45283333333333
 10
142.40933333333334
 20
109.474
 10
142.367
 20
109.474
 10
142.30349999999999
 20
109.49516666666666
 10
142.24
 20
109.51633333333334
 10
142.19766666666666
 20
109.5375
 10
142.15533333333332
 20
109.57983333333333
 10
142.113
 20
109.601
 10
142.0495
 20
109.62216666666666
 10
141.81666666666666
 20
109.62216666666666
 10
141.6685
 20
109.70683333333334
 10
141.605
 20
109.728
 10
141.52033333333333
 20
109.74916666666667
 10
141.26633333333334
 20
109.74916666666667
 10
141.20283333333333
 20
109.77033333333333
 10
141.11816666666667
 20
109.81266666666666
 10
141.0335
 20
109.89733333333334
 10
141.01233333333332
 20
109.93966666666667
 10
140.99116666666666
 20
110.02433333333333
 10
140.99116666666666
 20
110.06666666666666
 10
141.01233333333332
 20
110.21483333333333
 10
141.05466666666666
 20
110.32066666666667
 10
141.07583333333332
 20
110.38416666666666
 10
141.07583333333332
 20
110.78633333333333
 10
141.18166666666667
 20
110.97683333333333
 10
141.20283333333333
 20
111.04033333333334
 10
141.224
 20
111.14616666666666
 10
141.224
 20
111.23083333333334
 10
141.24516666666668
 20
111.29433333333333
 10
141.26633333333334
 20
111.37899999999999
 10
141.2875
 20
111.4425
 10
141.32983333333334
 20
111.506
 10
141.351
 20
111.56949999999999
 10
141.351
 20
111.6965
 10
141.4145
 20
111.80233333333334
 10
141.43566666666666
 20
111.86583333333333
 10
141.45683333333332
 20
111.92933333333333
 10
141.478
 20
111.99283333333334
 10
141.49916666666667
 20
112.0775
 10
141.52033333333333
 20
112.16216666666666
 10
141.54149999999998
 20
112.43733333333333
 10
141.54149999999998
 20
112.62783333333333
 10
141.52033333333333
 20
112.67016666666666
 10
141.45683333333332
 20
112.75483333333332
 10
141.37216666666666
 20
112.8395
 10
141.32983333333334
 20
112.86066666666666
 10
141.2875
 20
112.86066666666666
 10
141.13933333333333
 20
112.94533333333332
 10
141.05466666666666
 20
112.94533333333332
 10
140.99116666666666
 20
112.98766666666667
 10
140.94883333333334
 20
112.98766666666667
 10
140.9065
 20
113.03
 10
140.843
 20
113.05116666666666
 10
140.77949999999998
 20
113.07233333333333
 10
140.67366666666666
 20
113.07233333333333
 10
140.61016666666666
 20
113.09349999999999
 10
140.54666666666665
 20
113.13583333333332
 10
140.48316666666668
 20
113.13583333333332
 10
140.41966666666667
 20
113.17816666666667
 10
140.35616666666667
 20
113.19933333333333
 10
140.29266666666666
 20
113.2205
 10
140.1445
 20
113.2205
 10
140.05983333333333
 20
113.24166666666666
 10
139.99633333333333
 20
113.28399999999999
 10
139.93283333333332
 20
113.30516666666666
 10
139.827
 20
113.30516666666666
 10
139.72116666666668
 20
113.32633333333332
 10
139.61533333333333
 20
113.38983333333333
 10
139.55183333333332
 20
113.411
 10
139.42483333333334
 20
113.43216666666666
 10
139.319
 20
113.43216666666666
 10
139.21316666666667
 20
113.47449999999999
 10
139.08616666666666
 20
113.49566666666666
 10
138.98033333333333
 20
113.51683333333332
 10
138.85333333333332
 20
113.538
 10
138.3665
 20
113.55916666666667
  0
LWPOLYLINE
  5
3B
330
17
100
AcDbEntity
  8
0
100
AcDbPolyline
 90
79
 70
1
 10
132.12233333333333
 20
97.40899999999999
 10
132.18583333333333
 20
97.40899999999999
 10
132.29166666666666
 20
97.40899999999999
 10
132.35516666666666
 20
97.38783333333333
 10
132.50333333333333
 20
97.30316666666667
 10
132.54566666666668
 20
97.30316666666667
 10
132.63033333333334
 20
97.26083333333332
 10
132.69383333333332
 20
97.21849999999999
 10
132.7785
 20
97.155
 10
132.86316666666667
 20
97.0915
 10
132.92666666666668
 20
97.04916666666666
 10
132.969
 20
97.00683333333333
 10
133.01133333333334
 20
96.94333333333333
 10
133.07483333333332
 20
96.85866666666666
 10
133.11716666666666
 20
96.79516666666666
 10
133.13833333333332
 20
96.73166666666667
 10
133.20183333333333
 20
96.66816666666666
 10
133.24416666666667
 20
96.60466666666666
 10
133.26533333333333
 20
96.49883333333334
 10
133.26533333333333
 20
96.26599999999999
 10
133.30766666666668
 20
96.16016666666667
 10
133.2865
 20
95.90616666666666
 10
133.30766666666668
 20
95.73683333333334
 10
133.30766666666668
 20
95.631
 10
133.2865
 20
95.5675
 10
133.18066666666667
 20
95.35583333333334
 10
133.11716666666666
 20
95.27116666666666
 10
133.0325
 20
95.16533333333334
 10
132.86316666666667
 20
94.97483333333334
 10
132.79966666666667
 20
94.91133333333333
 10
132.63033333333334
 20
94.82666666666667
 10
132.56683333333334
 20
94.8055
 10
132.50333333333333
 20
94.78433333333334
 10
132.41866666666667
 20
94.76316666666666
 10
132.2705
 20
94.74199999999999
 10
131.953
 20
94.72083333333333
 10
131.84716666666665
 20
94.72083333333333
 10
131.80483333333333
 20
94.74199999999999
 10
131.7625
 20
94.78433333333334
 10
131.72016666666667
 20
94.8055
 10
131.61433333333332
 20
94.82666666666667
 10
131.48733333333334
 20
94.82666666666667
 10
131.42383333333333
 20
94.869
 10
131.36033333333333
 20
94.89016666666666
 10
131.31799999999998
 20
94.89016666666666
 10
131.23333333333332
 20
94.91133333333333
 10
131.191
 20
94.93249999999999
 10
131.04283333333333
 20
95.08066666666666
 10
130.97933333333333
 20
95.16533333333334
 10
130.89466666666667
 20
95.27116666666666
 10
130.78883333333334
 20
95.39816666666667
 10
130.7465
 20
95.48283333333333
 10
130.7465
 20
95.52516666666666
 10
130.683
 20
95.631
 10
130.66183333333333
 20
95.71566666666666
 10
130.66183333333333
 20
95.86383333333333
 10
130.64066666666668
 20
95.99083333333333
 10
130.59833333333333
 20
96.07549999999999
 10
130.59833333333333
 20
96.16016666666667
 10
130.6195
 20
96.22366666666666
 10
130.64066666666668
 20
96.30833333333334
 10
130.66183333333333
 20
96.37183333333333
 10
130.70416666666665
 20
96.43533333333333
 10
130.70416666666665
 20
96.54116666666667
 10
130.72533333333334
 20
96.62583333333333
 10
130.76766666666666
 20
96.7105
 10
130.81
 20
96.774
 10
130.93699999999998
 20
96.901
 10
131.0005
 20
97.00683333333333
 10
131.04283333333333
 20
97.07033333333334
 10
131.08516666666665
 20
97.11266666666667
 10
131.14866666666666
 20
97.155
 10
131.21216666666666
 20
97.19733333333333
 10
131.27566666666667
 20
97.21849999999999
 10
131.31799999999998
 20
97.26083333333332
 10
131.42383333333333
 20
97.30316666666667
 10
131.46616666666665
 20
97.3455
 10
131.55083333333332
 20
97.38783333333333
 10
131.61433333333332
 20
97.40899999999999
  0
LWPOLYLINE
  5
3C
330
17
100
AcDbEntity
  8
0
100
AcDbPolyline
 90
168
 70
1
 10
143.7005
 20
105.70633333333333
 10
144.06033333333332
 20
105.70633333333333
 10
144.14499999999998
 20
105.68516666666666
 10
144.2085
 20
105.664
 10
144.42016666666666
 20
105.55816666666666
 10
144.48366666666666
 20
105.51583333333333
 10
144.5895
 20
105.43116666666667
 10
144.653
 20
105.36766666666666
 10
144.73766666666666
 20
105.30416666666666
 10
144.80116666666666
 20
105.26183333333333
 10
144.90699999999998
 20
105.2195
 10
144.99166666666667
 20
105.13483333333333
 10
145.05516666666665
 20
105.05016666666667
 10
145.11866666666666
 20
104.902
 10
145.43616666666665
 20
104.58449999999999
 10
145.4785
 20
104.49983333333333
 10
145.71133333333333
 20
104.267
 10
145.81716666666665
 20
104.11883333333333
 10
145.90183333333334
 20
104.03416666666666
 10
146.26166666666666
 20
103.6955
 10
146.34633333333332
 20
103.5685
 10
146.7485
 20
103.16633333333333
 10
146.85433333333333
 20
103.124
 10
146.96016666666665
 20
103.01816666666666
 10
146.98133333333334
 20
102.95466666666667
 10
147.02366666666666
 20
102.91233333333334
 10
147.04483333333332
 20
102.84883333333333
 10
147.10833333333332
 20
102.76416666666667
 10
147.2565
 20
102.59483333333333
 10
147.55283333333333
 20
102.27733333333333
 10
147.80683333333332
 20
102.0445
 10
147.91266666666667
 20
101.93866666666666
 10
148.35716666666667
 20
101.473
 10
148.42066666666668
 20
101.36716666666666
 10
148.71699999999998
 20
101.07083333333333
 10
148.92866666666666
 20
100.81683333333334
 10
149.09799999999998
 20
100.6475
 10
149.18266666666665
 20
100.584
 10
149.225
 20
100.54166666666666
 10
149.26733333333334
 20
100.47816666666667
 10
149.52133333333333
 20
100.22416666666666
 10
149.56366666666665
 20
100.1395
 10
149.64833333333334
 20
100.05483333333333
 10
149.69066666666666
 20
99.97016666666666
 10
149.71183333333332
 20
99.90666666666667
 10
149.733
 20
99.822
 10
149.75416666666666
 20
99.7585
 10
149.77533333333332
 20
99.67383333333333
 10
149.77533333333332
 20
99.33516666666667
 10
149.81766666666667
 20
99.29283333333333
 10
149.81766666666667
 20
99.22933333333333
 10
149.75416666666666
 20
99.16583333333332
 10
149.69066666666666
 20
99.10233333333333
 10
149.69066666666666
 20
98.95416666666667
 10
149.6695
 20
98.89066666666666
 10
149.56366666666665
 20
98.76366666666667
 10
149.43666666666667
 20
98.63666666666667
 10
149.39433333333332
 20
98.55199999999999
 10
149.352
 20
98.50966666666666
 10
149.26733333333334
 20
98.44616666666667
 10
149.1615
 20
98.38266666666667
 10
149.01333333333332
 20
98.2345
 10
148.86516666666665
 20
98.12866666666666
 10
148.82283333333334
 20
98.08633333333333
 10
148.75933333333333
 20
97.98049999999999
 10
148.50533333333334
 20
97.7265
 10
148.44183333333334
 20
97.68416666666667
 10
148.37833333333333
 20
97.663
 10
148.29366666666667
 20
97.59949999999999
 10
148.18783333333332
 20
97.51483333333333
 10
148.03966666666668
 20
97.36666666666666
 10
148.0185
 20
97.30316666666667
 10
147.87033333333332
 20
97.155
 10
147.701
 20
97.07033333333334
 10
147.6375
 20
97.04916666666666
 10
147.57399999999998
 20
97.02799999999999
 10
147.53166666666667
 20
97.02799999999999
 10
147.42583333333332
 20
96.9645
 10
147.32
 20
96.94333333333333
 10
147.10833333333332
 20
96.9645
 10
147.02366666666666
 20
96.98566666666666
 10
146.939
 20
97.00683333333333
 10
146.8755
 20
97.02799999999999
 10
146.81199999999998
 20
97.07033333333334
 10
146.76966666666667
 20
97.07033333333334
 10
146.685
 20
97.0915
 10
146.558
 20
97.155
 10
146.43099999999998
 20
97.26083333333332
 10
146.34633333333332
 20
97.3455
 10
146.2405
 20
97.4725
 10
146.04999999999998
 20
97.64183333333332
 10
145.88066666666666
 20
97.83233333333332
 10
145.796
 20
97.95933333333333
 10
145.6055
 20
98.12866666666666
 10
145.4785
 20
98.25566666666667
 10
145.45733333333334
 20
98.31916666666666
 10
145.415
 20
98.38266666666667
 10
145.3515
 20
98.44616666666667
 10
145.01283333333333
 20
98.74249999999999
 10
144.90699999999998
 20
98.84833333333333
 10
144.86466666666666
 20
98.91183333333333
 10
144.82233333333332
 20
99.01766666666667
 10
144.78
 20
99.06
 10
144.69533333333334
 20
99.10233333333333
 10
144.5895
 20
99.20816666666667
 10
144.54716666666667
 20
99.27166666666666
 10
144.52599999999998
 20
99.33516666666667
 10
144.29316666666665
 20
99.54683333333332
 10
144.18733333333333
 20
99.65266666666666
 10
144.16616666666667
 20
99.695
 10
144.16616666666667
 20
99.73733333333332
 10
144.14499999999998
 20
99.77966666666666
 10
144.10266666666666
 20
99.84316666666666
 10
144.06033333333332
 20
99.8855
 10
143.93333333333334
 20
99.99133333333333
 10
143.8275
 20
100.05483333333333
 10
143.78516666666667
 20
100.09716666666667
 10
143.7005
 20
100.22416666666666
 10
143.61583333333334
 20
100.30883333333333
 10
143.48883333333333
 20
100.43583333333333
 10
143.40416666666667
 20
100.5205
 10
143.34066666666666
 20
100.56283333333333
 10
143.27716666666666
 20
100.584
 10
143.21366666666665
 20
100.6475
 10
143.1925
 20
100.711
 10
143.08666666666667
 20
100.81683333333334
 10
143.0655
 20
100.85916666666667
 10
143.0655
 20
100.94383333333333
 10
143.04433333333333
 20
100.98616666666666
 10
142.91733333333332
 20
101.11316666666666
 10
142.83266666666665
 20
101.1555
 10
142.68449999999999
 20
101.2825
 10
142.494
 20
101.473
 10
142.26116666666667
 20
101.727
 10
141.88016666666667
 20
102.08683333333333
 10
141.81666666666666
 20
102.1715
 10
141.75316666666666
 20
102.27733333333333
 10
141.64733333333334
 20
102.40433333333333
 10
141.56266666666667
 20
102.51016666666666
 10
141.43566666666666
 20
102.63716666666666
 10
141.4145
 20
102.67949999999999
 10
141.39333333333332
 20
102.743
 10
141.37216666666666
 20
102.8065
 10
141.351
 20
102.89116666666666
 10
141.32983333333334
 20
102.95466666666667
 10
141.30866666666665
 20
103.06049999999999
 10
141.2875
 20
103.16633333333333
 10
141.2875
 20
103.29333333333334
 10
141.30866666666665
 20
103.39916666666666
 10
141.351
 20
103.48383333333334
 10
141.351
 20
103.63199999999999
 10
141.37216666666666
 20
103.71666666666667
 10
141.4145
 20
103.759
 10
141.43566666666666
 20
103.82249999999999
 10
141.478
 20
103.886
 10
141.52033333333333
 20
103.9495
 10
141.77433333333332
 20
104.18233333333333
 10
141.83783333333332
 20
104.24583333333334
 10
142.15533333333332
 20
104.58449999999999
 10
142.51516666666666
 20
104.92316666666666
 10
142.66333333333333
 20
105.029
 10
142.85383333333334
 20
105.2195
 10
143.02316666666667
 20
105.36766666666666
 10
143.17133333333334
 20
105.49466666666666
 10
143.23483333333334
 20
105.53699999999999
 10
143.3195
 20
105.6005
 10
143.4465
 20
105.664
 10
143.51
 20
105.68516666666666
  0
LWPOLYLINE
  5
3D
330
17
100
AcDbEntity
  8
0
100
AcDbPolyline
 90
1442
 70
1
 10
21.103166666666667
 20
114.53283333333333
 10
21.082
 20
114.51166666666667
 10
21.06083333333333
 20
114.51166666666667
 10
20.997333333333334
 20
114.44816666666667
 10
20.976166666666668
 20
114.38466666666666
 10
20.912666666666667
 20
114.32116666666667
 10
20.764499999999998
 20
114.32116666666667
 10
20.531666666666666
 20
114.34233333333333
 10
20.425833333333333
 20
114.25766666666667
 10
20.383499999999998
 20
114.21533333333333
 10
20.341166666666666
 20
114.19416666666666
 10
20.298833333333334
 20
114.19416666666666
 10
20.235333333333333
 20
114.23649999999999
 10
20.150666666666666
 20
114.23649999999999
 10
20.023666666666667
 20
114.1095
 10
19.960166666666666
 20
114.1095
 10
19.8755
 20
114.13066666666667
 10
19.812
 20
114.1095
 10
19.727333333333334
 20
114.06716666666667
 10
19.579166666666666
 20
114.06716666666667
 10
19.536833333333334
 20
114.04599999999999
 10
19.40983333333333
 20
113.919
 10
19.346333333333334
 20
113.89783333333332
 10
19.304
 20
113.89783333333332
 10
19.1135
 20
113.792
 10
19.071166666666667
 20
113.792
 10
18.9865
 20
113.74966666666667
 10
18.923
 20
113.68616666666667
 10
18.880666666666666
 20
113.58033333333333
 10
18.817166666666665
 20
113.51683333333332
 10
18.774833333333333
 20
113.51683333333332
 10
18.669
 20
113.538
 10
18.626666666666665
 20
113.49566666666666
 10
18.626666666666665
 20
113.43216666666666
 10
18.584333333333333
 20
113.3475
 10
18.520833333333332
 20
113.28399999999999
 10
18.4785
 20
113.26283333333333
 10
18.436166666666665
 20
113.26283333333333
 10
18.372666666666667
 20
113.2205
 10
18.309166666666666
 20
113.13583333333332
 10
18.266833333333334
 20
113.03
 10
18.139833333333332
 20
112.92416666666666
 10
18.076333333333334
 20
112.86066666666666
 10
18.034
 20
112.776
 10
18.034
 20
112.73366666666666
 10
17.928166666666666
 20
112.52199999999999
 10
17.864666666666665
 20
112.4585
 10
17.8435
 20
112.395
 10
17.7165
 20
112.268
 10
17.695333333333334
 20
112.22566666666667
 10
17.695333333333334
 20
111.99283333333334
 10
17.674166666666665
 20
111.92933333333333
 10
17.631833333333333
 20
111.887
 10
17.5895
 20
111.84466666666667
 10
17.526
 20
111.80233333333334
 10
17.483666666666664
 20
111.75999999999999
 10
17.4625
 20
111.6965
 10
17.4625
 20
111.54833333333333
 10
17.4625
 20
111.48483333333333
 10
17.4625
 20
111.42133333333334
 10
17.420166666666667
 20
111.37899999999999
 10
17.399
 20
111.33666666666666
 10
17.37783333333333
 20
111.14616666666666
 10
17.399
 20
109.96083333333333
 10
17.399
 20
109.83383333333333
 10
17.37783333333333
 20
109.601
 10
17.399
 20
109.474
 10
17.420166666666667
 20
109.32583333333334
 10
17.441333333333333
 20
109.24116666666666
 10
17.4625
 20
109.17766666666667
 10
17.504833333333334
 20
109.093
 10
17.5895
 20
109.00833333333333
 10
17.610666666666667
 20
108.966
 10
17.610666666666667
 20
108.839
 10
17.631833333333333
 20
108.7755
 10
17.695333333333334
 20
108.66966666666666
 10
17.695333333333334
 20
108.62733333333333
 10
17.737666666666666
 20
108.54266666666666
 10
17.78
 20
108.50033333333333
 10
17.907
 20
108.24633333333333
 10
17.928166666666666
 20
108.1405
 10
17.928166666666666
 20
108.077
 10
17.949333333333332
 20
108.0135
 10
17.9705
 20
107.95
 10
17.991666666666667
 20
107.8865
 10
18.012833333333333
 20
107.823
 10
18.034
 20
107.7595
 10
18.055166666666665
 20
107.696
 10
18.076333333333334
 20
107.6325
 10
18.0975
 20
107.569
 10
18.160999999999998
 20
107.46316666666667
 10
18.182166666666667
 20
107.39966666666666
 10
18.160999999999998
 20
107.27266666666667
 10
18.160999999999998
 20
107.188
 10
18.203333333333333
 20
107.03983333333333
 10
18.2245
 20
106.76466666666667
 10
18.2245
 20
106.32016666666667
 10
18.266833333333334
 20
105.9815
 10
18.266833333333334
 20
105.62166666666667
 10
18.2245
 20
105.53699999999999
 10
18.203333333333333
 20
105.4735
 10
18.203333333333333
 20
105.43116666666667
 10
18.245666666666665
 20
104.58449999999999
 10
18.245666666666665
 20
104.39399999999999
 10
18.245666666666665
 20
104.05533333333334
 10
18.245666666666665
 20
103.82249999999999
 10
18.203333333333333
 20
103.67433333333334
 10
18.203333333333333
 20
103.61083333333333
 10
18.2245
 20
103.39916666666666
 10
18.203333333333333
 20
102.72183333333334
 10
18.160999999999998
 20
102.63716666666666
 10
18.139833333333332
 20
102.5525
 10
18.139833333333332
 20
102.51016666666666
 10
18.182166666666667
 20
102.34083333333334
 10
18.203333333333333
 20
102.15033333333334
 10
18.203333333333333
 20
101.727
 10
18.160999999999998
 20
101.43066666666667
 10
18.160999999999998
 20
101.1555
 10
18.203333333333333
 20
100.92266666666666
 10
18.2245
 20
100.6475
 10
18.2245
 20
100.584
 10
18.182166666666667
 20
100.5205
 10
18.203333333333333
 20
100.37233333333333
 10
18.203333333333333
 20
100.2665
 10
18.203333333333333
 20
100.203
 10
18.2245
 20
100.1395
 10
18.2245
 20
100.03366666666666
 10
18.160999999999998
 20
99.92783333333333
 10
18.160999999999998
 20
99.8855
 10
18.160999999999998
 20
99.822
 10
18.182166666666667
 20
99.08116666666666
 10
18.182166666666667
 20
99.01766666666667
 10
18.182166666666667
 20
98.806
 10
18.182166666666667
 20
98.70016666666666
 10
18.139833333333332
 20
98.53083333333333
 10
18.139833333333332
 20
98.044
 10
18.160999999999998
 20
97.98049999999999
 10
18.203333333333333
 20
97.93816666666666
 10
18.2245
 20
97.89583333333333
 10
18.2245
 20
97.8535
 10
18.182166666666667
 20
97.81116666666667
 10
18.160999999999998
 20
97.74766666666666
 10
18.160999999999998
 20
97.68416666666667
 10
18.160999999999998
 20
97.155
 10
18.118666666666666
 20
97.00683333333333
 10
18.0975
 20
96.83749999999999
 10
18.076333333333334
 20
96.5835
 10
18.076333333333334
 20
96.43533333333333
 10
18.118666666666666
 20
96.35066666666667
 10
18.118666666666666
 20
96.16016666666667
 10
18.160999999999998
 20
96.05433333333333
 10
18.160999999999998
 20
95.84266666666666
 10
18.160999999999998
 20
95.77916666666667
 10
18.118666666666666
 20
95.69449999999999
 10
18.139833333333332
 20
95.1865
 10
18.139833333333332
 20
94.84783333333333
 10
18.0975
 20
94.76316666666666
 10
18.0975
 20
94.57266666666666
 10
18.139833333333332
 20
94.46683333333333
 10
18.139833333333332
 20
94.2975
 10
18.0975
 20
94.21283333333334
 10
18.0975
 20
94.12816666666666
 10
18.118666666666666
 20
94.00116666666666
 10
18.076333333333334
 20
93.87416666666667
 10
18.076333333333334
 20
93.81066666666666
 10
18.118666666666666
 20
93.218
 10
18.118666666666666
 20
93.1545
 10
18.076333333333334
 20
93.04866666666666
 10
18.076333333333334
 20
92.9005
 10
18.0975
 20
92.47716666666666
 10
18.118666666666666
 20
92.41366666666666
 10
18.160999999999998
 20
92.35016666666667
 10
18.160999999999998
 20
92.28666666666666
 10
18.118666666666666
 20
92.24433333333333
 10
18.0975
 20
92.202
 10
18.076333333333334
 20
92.05383333333333
 10
18.076333333333334
 20
91.79983333333332
 10
18.0975
 20
91.7575
 10
18.139833333333332
 20
91.71516666666666
 10
18.139833333333332
 20
91.67283333333333
 10
18.076333333333334
 20
91.567
 10
18.0975
 20
91.03783333333332
 10
18.0975
 20
90.91083333333333
 10
18.076333333333334
 20
90.84733333333332
 10
18.034
 20
90.76266666666666
 10
18.012833333333333
 20
90.678
 10
17.991666666666667
 20
90.59333333333333
 10
17.9705
 20
90.38166666666666
 10
17.949333333333332
 20
90.08533333333332
 10
17.949333333333332
 20
90.04299999999999
 10
17.991666666666667
 20
89.87366666666667
 10
17.991666666666667
 20
89.76783333333333
 10
17.949333333333332
 20
89.68316666666666
 10
17.949333333333332
 20
89.3445
 10
17.9705
 20
89.2175
 10
17.9705
 20
89.154
 10
17.991666666666667
 20
88.94233333333334
 10
17.991666666666667
 20
88.79416666666667
 10
17.9705
 20
88.41316666666667
 10
17.991666666666667
 20
88.34966666666666
 10
17.991666666666667
 20
88.28616666666666
 10
17.991666666666667
 20
88.2015
 10
17.949333333333332
 20
88.09566666666666
 10
17.9705
 20
87.92633333333333
 10
17.9705
 20
87.79933333333334
 10
17.9705
 20
87.54533333333333
 10
17.9705
 20
87.4395
 10
17.949333333333332
 20
87.27016666666667
 10
17.991666666666667
 20
87.16433333333333
 10
17.991666666666667
 20
87.07966666666667
 10
17.949333333333332
 20
86.995
 10
17.949333333333332
 20
86.57166666666666
 10
17.991666666666667
 20
86.38116666666666
 10
17.991666666666667
 20
86.2965
 10
17.949333333333332
 20
86.1695
 10
17.949333333333332
 20
85.93666666666667
 10
17.9705
 20
85.4075
 10
17.9705
 20
84.7725
 10
17.9705
 20
84.68783333333333
 10
17.928166666666666
 20
84.53966666666666
 10
17.928166666666666
 20
84.41266666666667
 10
17.949333333333332
 20
83.8835
 10
17.907
 20
83.77766666666666
 10
17.907
 20
83.58716666666666
 10
17.928166666666666
 20
83.41783333333333
 10
17.9705
 20
83.26966666666667
 10
17.9705
 20
83.14266666666667
 10
17.928166666666666
 20
83.05799999999999
 10
17.928166666666666
 20
82.86749999999999
 10
17.885833333333334
 20
82.76166666666667
 10
17.928166666666666
 20
82.63466666666666
 10
17.928166666666666
 20
82.59233333333333
 10
17.928166666666666
 20
82.2325
 10
17.928166666666666
 20
82.19016666666667
 10
17.885833333333334
 20
82.08433333333333
 10
17.885833333333334
 20
81.87266666666666
 10
17.8435
 20
81.788
 10
17.8435
 20
81.25883333333333
 10
17.885833333333334
 20
81.15299999999999
 10
17.885833333333334
 20
81.11066666666666
 10
17.885833333333334
 20
80.77199999999999
 10
17.864666666666665
 20
80.58149999999999
 10
17.864666666666665
 20
80.47566666666667
 10
17.885833333333334
 20
80.3275
 10
17.885833333333334
 20
80.0735
 10
17.885833333333334
 20
79.90416666666667
 10
17.864666666666665
 20
79.54433333333333
 10
17.822333333333333
 20
79.4385
 10
17.822333333333333
 20
79.29033333333334
 10
17.822333333333333
 20
79.01516666666666
 10
17.822333333333333
 20
78.9305
 10
17.8435
 20
78.82466666666666
 10
17.885833333333334
 20
78.74
 10
17.864666666666665
 20
78.486
 10
17.864666666666665
 20
78.40133333333333
 10
17.885833333333334
 20
78.1685
 10
17.8435
 20
77.93566666666666
 10
17.8435
 20
77.7875
 10
17.885833333333334
 20
77.70283333333333
 10
17.885833333333334
 20
77.55466666666666
 10
17.8435
 20
77.44883333333333
 10
17.822333333333333
 20
77.38533333333334
 10
17.822333333333333
 20
77.23716666666667
 10
17.8435
 20
77.04666666666667
 10
17.822333333333333
 20
76.79266666666666
 10
17.864666666666665
 20
76.68683333333333
 10
17.885833333333334
 20
76.60216666666666
 10
17.885833333333334
 20
76.55983333333333
 10
17.8435
 20
76.41166666666666
 10
17.822333333333333
 20
75.6285
 10
17.822333333333333
 20
75.31099999999999
 10
17.8435
 20
74.90883333333333
 10
17.801166666666667
 20
74.82416666666667
 10
17.801166666666667
 20
74.78183333333332
 10
17.801166666666667
 20
74.57016666666667
 10
17.801166666666667
 20
74.46433333333333
 10
17.822333333333333
 20
74.31616666666666
 10
17.78
 20
74.2315
 10
17.78
 20
74.08333333333333
 10
17.801166666666667
 20
73.7235
 10
17.801166666666667
 20
73.10966666666667
 10
17.801166666666667
 20
72.9615
 10
17.801166666666667
 20
72.66516666666666
 10
17.801166666666667
 20
72.62283333333333
 10
17.75883333333333
 20
72.517
 10
17.75883333333333
 20
72.22066666666666
 10
17.801166666666667
 20
72.11483333333334
 10
17.801166666666667
 20
71.628
 10
17.801166666666667
 20
71.5645
 10
17.801166666666667
 20
71.374
 10
17.75883333333333
 20
71.28933333333333
 10
17.75883333333333
 20
71.14116666666666
 10
17.801166666666667
 20
71.0565
 10
17.801166666666667
 20
70.993
 10
17.78
 20
70.90833333333333
 10
17.75883333333333
 20
70.82366666666667
 10
17.7165
 20
70.739
 10
17.695333333333334
 20
70.65433333333333
 10
17.674166666666665
 20
70.5485
 10
17.653
 20
70.46383333333333
 10
17.653
 20
70.4215
 10
17.695333333333334
 20
70.33683333333333
 10
17.695333333333334
 20
70.14633333333333
 10
17.7165
 20
70.08283333333333
 10
17.75883333333333
 20
70.01933333333334
 10
17.75883333333333
 20
69.95583333333333
 10
17.75883333333333
 20
69.89233333333333
 10
17.737666666666666
 20
69.80766666666666
 10
17.737666666666666
 20
69.32083333333333
 10
17.737666666666666
 20
69.25733333333334
 10
17.737666666666666
 20
69.13033333333333
 10
17.78
 20
69.00333333333333
 10
17.75883333333333
 20
68.91866666666667
 10
17.7165
 20
68.85516666666666
 10
17.695333333333334
 20
68.74933333333333
 10
17.695333333333334
 20
68.58
 10
17.7165
 20
68.41066666666667
 10
17.737666666666666
 20
68.2625
 10
17.78
 20
68.199
 10
17.78
 20
68.09316666666666
 10
17.737666666666666
 20
68.02966666666667
 10
17.7165
 20
67.96616666666667
 10
17.695333333333334
 20
67.8815
 10
17.695333333333334
 20
67.83916666666667
 10
17.737666666666666
 20
67.691
 10
17.737666666666666
 20
67.39466666666667
 10
17.7165
 20
66.88666666666667
 10
17.695333333333334
 20
66.65383333333334
 10
17.695333333333334
 20
66.59033333333333
 10
17.695333333333334
 20
66.50566666666667
 10
17.737666666666666
 20
66.42099999999999
 10
17.75883333333333
 20
66.33633333333333
 10
17.75883333333333
 20
66.294
 10
17.737666666666666
 20
66.167
 10
17.695333333333334
 20
66.06116666666667
 10
17.674166666666665
 20
65.9765
 10
17.653
 20
65.80716666666666
 10
17.653
 20
65.70133333333334
 10
17.674166666666665
 20
65.5955
 10
17.7165
 20
65.46849999999999
 10
17.695333333333334
 20
65.25683333333333
 10
17.7165
 20
65.06633333333333
 10
17.7165
 20
64.9605
 10
17.674166666666665
 20
64.5795
 10
17.674166666666665
 20
64.47366666666666
 10
17.695333333333334
 20
64.389
 10
17.737666666666666
 20
64.262
 10
17.737666666666666
 20
64.135
 10
17.7165
 20
63.965666666666664
 10
17.695333333333334
 20
63.775166666666664
 10
17.653
 20
63.626999999999995
 10
17.653
 20
63.5635
 10
17.695333333333334
 20
63.436499999999995
 10
17.674166666666665
 20
63.245999999999995
 10
17.674166666666665
 20
63.119
 10
17.695333333333334
 20
62.907333333333334
 10
17.695333333333334
 20
62.50516666666667
 10
17.695333333333334
 20
62.4205
 10
17.674166666666665
 20
62.2935
 10
17.674166666666665
 20
61.997166666666665
 10
17.674166666666665
 20
61.7855
 10
17.7165
 20
61.6585
 10
17.695333333333334
 20
61.48916666666666
 10
17.695333333333334
 20
61.36216666666667
 10
17.695333333333334
 20
61.29866666666666
 10
17.653
 20
61.129333333333335
 10
17.674166666666665
 20
60.96
 10
17.631833333333333
 20
60.87533333333333
 10
17.631833333333333
 20
60.6425
 10
17.674166666666665
 20
60.49433333333333
 10
17.695333333333334
 20
60.11333333333333
 10
17.695333333333334
 20
60.04983333333333
 10
17.653
 20
59.77466666666667
 10
17.653
 20
59.711166666666664
 10
17.695333333333334
 20
59.54183333333333
 10
17.695333333333334
 20
59.457166666666666
 10
17.653
 20
58.928
 10
17.653
 20
58.843333333333334
 10
17.695333333333334
 20
58.674
 10
17.695333333333334
 20
58.46233333333333
 10
17.653
 20
58.37766666666666
 10
17.653
 20
58.314166666666665
 10
17.674166666666665
 20
58.1025
 10
17.674166666666665
 20
57.67916666666667
 10
17.674166666666665
 20
57.5945
 10
17.631833333333333
 20
57.50983333333333
 10
17.631833333333333
 20
57.38283333333333
 10
17.653
 20
57.10766666666667
 10
17.610666666666667
 20
56.896
 10
17.610666666666667
 20
56.72666666666667
 10
17.653
 20
56.599666666666664
 10
17.653
 20
56.23983333333333
 10
17.653
 20
55.350833333333334
 10
17.653
 20
55.245
 10
17.631833333333333
 20
54.46183333333333
 10
17.5895
 20
54.1655
 10
17.5895
 20
53.975
 10
17.631833333333333
 20
53.89033333333333
 10
17.631833333333333
 20
53.721
 10
17.5895
 20
53.6575
 10
17.5895
 20
53.55166666666666
 10
17.631833333333333
 20
53.44583333333333
 10
17.631833333333333
 20
53.36116666666666
 10
17.610666666666667
 20
53.213
 10
17.653
 20
53.12833333333333
 10
17.631833333333333
 20
53.001333333333335
 10
17.631833333333333
 20
52.958999999999996
 10
17.653
 20
52.832
 10
17.631833333333333
 20
52.768499999999996
 10
17.5895
 20
52.705
 10
17.56833333333333
 20
52.535666666666664
 10
17.56833333333333
 20
52.324
 10
17.610666666666667
 20
52.17583333333333
 10
17.56833333333333
 20
52.07
 10
17.5895
 20
51.689
 10
17.5895
 20
51.60433333333333
 10
17.547166666666666
 20
51.477333333333334
 10
17.547166666666666
 20
51.244499999999995
 10
17.56833333333333
 20
51.181
 10
17.56833333333333
 20
51.096333333333334
 10
17.526
 20
51.054
 10
17.504833333333334
 20
51.01166666666666
 10
17.526
 20
50.8635
 10
17.526
 20
50.8
 10
17.504833333333334
 20
50.7365
 10
17.4625
 20
50.63066666666666
 10
17.441333333333333
 20
50.4825
 10
17.441333333333333
 20
50.3555
 10
17.483666666666664
 20
50.27083333333333
 10
17.483666666666664
 20
50.08033333333333
 10
17.526
 20
49.9745
 10
17.504833333333334
 20
49.657
 10
17.526
 20
49.614666666666665
 10
17.5895
 20
49.55116666666667
 10
17.5895
 20
49.44533333333333
 10
17.56833333333333
 20
49.38183333333333
 10
17.526
 20
49.318333333333335
 10
17.504833333333334
 20
49.19133333333333
 10
17.504833333333334
 20
49.085499999999996
 10
17.547166666666666
 20
49.022
 10
17.56833333333333
 20
48.9585
 10
17.56833333333333
 20
48.87383333333333
 10
17.526
 20
48.81033333333333
 10
17.504833333333334
 20
48.68333333333333
 10
17.504833333333334
 20
48.641
 10
17.547166666666666
 20
48.53516666666667
 10
17.56833333333333
 20
48.471666666666664
 10
17.56833333333333
 20
48.42933333333333
 10
17.526
 20
48.30233333333333
 10
17.504833333333334
 20
48.006
 10
17.504833333333334
 20
47.85783333333333
 10
17.547166666666666
 20
47.751999999999995
 10
17.504833333333334
 20
47.625
 10
17.504833333333334
 20
47.34983333333333
 10
17.504833333333334
 20
47.244
 10
17.526
 20
47.09583333333333
 10
17.483666666666664
 20
46.96883333333333
 10
17.483666666666664
 20
46.77833333333333
 10
17.504833333333334
 20
46.6725
 10
17.504833333333334
 20
46.609
 10
17.504833333333334
 20
46.33383333333333
 10
17.526
 20
45.974
 10
17.483666666666664
 20
45.825833333333335
 10
17.483666666666664
 20
45.76233333333333
 10
17.526
 20
45.6565
 10
17.526
 20
45.57183333333333
 10
17.483666666666664
 20
45.444833333333335
 10
17.483666666666664
 20
45.29666666666667
 10
17.504833333333334
 20
45.10616666666667
 10
17.483666666666664
 20
44.788666666666664
 10
17.504833333333334
 20
44.407666666666664
 10
17.4625
 20
43.772666666666666
 10
17.483666666666664
 20
43.582166666666666
 10
17.483666666666664
 20
43.4975
 10
17.4625
 20
43.3705
 10
17.4625
 20
43.07416666666666
 10
17.4625
 20
42.88366666666666
 10
17.483666666666664
 20
41.82533333333333
 10
17.441333333333333
 20
41.69833333333333
 10
17.441333333333333
 20
41.571333333333335
 10
17.483666666666664
 20
41.35966666666666
 10
17.483666666666664
 20
41.105666666666664
 10
17.483666666666664
 20
40.809333333333335
 10
17.483666666666664
 20
40.618833333333335
 10
17.441333333333333
 20
40.259
 10
17.441333333333333
 20
40.02616666666667
 10
17.483666666666664
 20
39.9415
 10
17.483666666666664
 20
39.856833333333334
 10
17.441333333333333
 20
39.6875
 10
17.420166666666667
 20
39.41233333333333
 10
17.420166666666667
 20
39.327666666666666
 10
17.4625
 20
39.243
 10
17.4625
 20
39.15833333333333
 10
17.399
 20
39.0525
 10
17.399
 20
38.9255
 10
17.441333333333333
 20
38.81966666666666
 10
17.441333333333333
 20
38.756166666666665
 10
17.441333333333333
 20
38.69266666666667
 10
17.420166666666667
 20
38.62916666666666
 10
17.420166666666667
 20
38.39633333333333
 10
17.4625
 20
38.2905
 10
17.4625
 20
38.227
 10
17.4625
 20
38.1635
 10
17.441333333333333
 20
38.078833333333336
 10
17.441333333333333
 20
37.48616666666666
 10
17.399
 20
37.422666666666665
 10
17.399
 20
37.35916666666667
 10
17.441333333333333
 20
37.29566666666666
 10
17.441333333333333
 20
37.1475
 10
17.399
 20
37.041666666666664
 10
17.420166666666667
 20
36.23733333333333
 10
17.420166666666667
 20
36.195
 10
17.37783333333333
 20
36.068
 10
17.37783333333333
 20
35.941
 10
17.420166666666667
 20
35.814
 10
17.399
 20
35.4965
 10
17.420166666666667
 20
35.030833333333334
 10
17.37783333333333
 20
34.96733333333333
 10
17.356666666666666
 20
34.882666666666665
 10
17.356666666666666
 20
34.840333333333334
 10
17.37783333333333
 20
34.6075
 10
17.356666666666666
 20
34.205333333333336
 10
17.3355
 20
33.8455
 10
17.293166666666668
 20
33.76083333333333
 10
17.293166666666668
 20
33.591499999999996
 10
17.272
 20
33.50683333333333
 10
17.229666666666667
 20
33.443333333333335
 10
17.2085
 20
33.37983333333333
 10
17.18733333333333
 20
33.29516666666667
 10
17.18733333333333
 20
33.168166666666664
 10
17.145
 20
33.0835
 10
17.145
 20
32.99883333333333
 10
17.123833333333334
 20
32.93533333333333
 10
17.102666666666668
 20
32.893
 10
17.060333333333332
 20
32.829499999999996
 10
16.99683333333333
 20
32.766
 10
16.9545
 20
32.66016666666667
 10
16.912166666666668
 20
32.61783333333333
 10
16.912166666666668
 20
32.5755
 10
16.8275
 20
32.42733333333333
 10
16.80633333333333
 20
32.36383333333333
 10
16.80633333333333
 20
32.3215
 10
16.764
 20
32.257999999999996
 10
16.764
 20
32.215666666666664
 10
16.637
 20
31.982833333333332
 10
16.615833333333335
 20
31.91933333333333
 10
16.594666666666665
 20
31.855833333333333
 10
16.5735
 20
31.792333333333332
 10
16.552333333333333
 20
31.728833333333334
 10
16.531166666666667
 20
31.644166666666667
 10
16.509999999999998
 20
31.580666666666666
 10
16.488833333333332
 20
31.496
 10
16.467666666666666
 20
31.369
 10
16.4465
 20
31.263166666666667
 10
16.425333333333334
 20
30.861
 10
16.425333333333334
 20
30.310666666666666
 10
16.467666666666666
 20
30.07783333333333
 10
16.467666666666666
 20
29.802666666666667
 10
16.488833333333332
 20
29.696833333333334
 10
16.509999999999998
 20
29.612166666666667
 10
16.531166666666667
 20
29.548666666666666
 10
16.552333333333333
 20
29.485166666666665
 10
16.5735
 20
29.421666666666667
 10
16.615833333333335
 20
29.337
 10
16.679333333333332
 20
29.2735
 10
16.721666666666668
 20
29.18883333333333
 10
16.721666666666668
 20
29.040666666666667
 10
16.764
 20
28.956
 10
16.764
 20
28.871333333333332
 10
16.785166666666665
 20
28.7655
 10
16.8275
 20
28.680833333333332
 10
16.869833333333332
 20
28.6385
 10
16.912166666666668
 20
28.532666666666668
 10
16.975666666666665
 20
28.469166666666666
 10
17.039166666666667
 20
28.342166666666667
 10
17.039166666666667
 20
28.299833333333332
 10
17.060333333333332
 20
28.23633333333333
 10
17.102666666666668
 20
28.172833333333333
 10
17.145
 20
28.130499999999998
 10
17.18733333333333
 20
28.088166666666666
 10
17.250833333333333
 20
28.045833333333334
 10
17.356666666666666
 20
27.939999999999998
 10
17.399
 20
27.855333333333334
 10
17.483666666666664
 20
27.770666666666667
 10
17.674166666666665
 20
27.601333333333333
 10
17.737666666666666
 20
27.516666666666666
 10
17.75883333333333
 20
27.453166666666664
 10
17.822333333333333
 20
27.389666666666667
 10
17.864666666666665
 20
27.3685
 10
17.907
 20
27.3685
 10
17.9705
 20
27.326166666666666
 10
18.034
 20
27.262666666666664
 10
18.076333333333334
 20
27.2415
 10
18.139833333333332
 20
27.220333333333333
 10
18.182166666666667
 20
27.220333333333333
 10
18.499666666666666
 20
27.051
 10
18.541999999999998
 20
27.051
 10
18.6055
 20
27.008666666666667
 10
18.711333333333332
 20
26.902833333333334
 10
18.732499999999998
 20
26.8605
 10
18.732499999999998
 20
26.818166666666666
 10
18.796
 20
26.754666666666665
 10
19.007666666666665
 20
26.648833333333332
 10
19.092333333333332
 20
26.627666666666666
 10
19.198166666666665
 20
26.627666666666666
 10
19.261666666666667
 20
26.6065
 10
19.325166666666664
 20
26.58533333333333
 10
19.40983333333333
 20
26.564166666666665
 10
19.473333333333333
 20
26.543
 10
19.515666666666664
 20
26.500666666666667
 10
19.558
 20
26.479499999999998
 10
19.706166666666665
 20
26.479499999999998
 10
19.79083333333333
 20
26.458333333333332
 10
19.854333333333333
 20
26.437166666666666
 10
19.917833333333334
 20
26.39483333333333
 10
19.981333333333332
 20
26.373666666666665
 10
20.277666666666665
 20
26.373666666666665
 10
20.32
 20
26.39483333333333
 10
20.362333333333332
 20
26.437166666666666
 10
20.404666666666667
 20
26.437166666666666
 10
20.468166666666665
 20
26.39483333333333
 10
20.531666666666666
 20
26.373666666666665
 10
20.806833333333334
 20
26.373666666666665
 10
20.87033333333333
 20
26.39483333333333
 10
20.912666666666667
 20
26.416
 10
20.976166666666668
 20
26.479499999999998
 10
21.06083333333333
 20
26.543
 10
21.1455
 20
26.58533333333333
 10
21.209
 20
26.6065
 10
21.357166666666664
 20
26.58533333333333
 10
21.44183333333333
 20
26.58533333333333
 10
21.759333333333334
 20
26.6065
 10
21.843999999999998
 20
26.627666666666666
 10
21.9075
 20
26.648833333333332
 10
21.971
 20
26.669999999999998
 10
22.098
 20
26.7335
 10
22.140333333333334
 20
26.77583333333333
 10
22.246166666666667
 20
26.818166666666666
 10
22.2885
 20
26.8605
 10
22.352
 20
26.881666666666664
 10
22.436666666666667
 20
26.96633333333333
 10
22.563666666666666
 20
27.093333333333334
 10
22.605999999999998
 20
27.093333333333334
 10
22.648333333333333
 20
27.1145
 10
22.71183333333333
 20
27.15683333333333
 10
22.817666666666668
 20
27.283833333333334
 10
22.86
 20
27.326166666666666
 10
23.0505
 20
27.410833333333333
 10
23.114
 20
27.453166666666664
 10
23.262166666666666
 20
27.601333333333333
 10
23.3045
 20
27.686
 10
23.368
 20
27.749499999999998
 10
23.47383333333333
 20
27.791833333333333
 10
23.600833333333334
 20
27.918833333333332
 10
23.66433333333333
 20
28.0035
 10
23.706666666666667
 20
28.088166666666666
 10
23.749
 20
28.151666666666667
 10
23.854833333333332
 20
28.2575
 10
23.875999999999998
 20
28.320999999999998
 10
23.918333333333333
 20
28.363333333333333
 10
23.9395
 20
28.42683333333333
 10
24.003
 20
28.511499999999998
 10
24.108833333333333
 20
28.61733333333333
 10
24.13
 20
28.659666666666666
 10
24.13
 20
28.701999999999998
 10
24.172333333333334
 20
28.7655
 10
24.1935
 20
28.829
 10
24.1935
 20
28.871333333333332
 10
24.278166666666667
 20
29.0195
 10
24.278166666666667
 20
29.083
 10
24.299333333333333
 20
29.167666666666666
 10
24.341666666666665
 20
29.252333333333333
 10
24.405166666666666
 20
29.315833333333334
 10
24.426333333333332
 20
29.37933333333333
 10
24.426333333333332
 20
29.633333333333333
 10
24.447499999999998
 20
29.718
 10
24.468666666666667
 20
29.781499999999998
 10
24.511
 20
29.845
 10
24.511
 20
29.887333333333334
 10
24.468666666666667
 20
29.971999999999998
 10
24.468666666666667
 20
30.0355
 10
24.532166666666665
 20
30.141333333333332
 10
24.55333333333333
 20
30.204833333333333
 10
24.5745
 20
30.310666666666666
 10
24.5745
 20
30.712833333333332
 10
24.532166666666665
 20
30.945666666666664
 10
24.532166666666665
 20
31.22083333333333
 10
24.511
 20
31.326666666666664
 10
24.468666666666667
 20
31.41133333333333
 10
24.447499999999998
 20
31.538333333333334
 10
24.447499999999998
 20
31.6865
 10
24.426333333333332
 20
31.855833333333333
 10
24.405166666666666
 20
31.91933333333333
 10
24.384
 20
31.982833333333332
 10
24.341666666666665
 20
32.025166666666664
 10
24.278166666666667
 20
32.152166666666666
 10
24.278166666666667
 20
32.215666666666664
 10
24.172333333333334
 20
32.406166666666664
 10
24.172333333333334
 20
32.448499999999996
 10
24.151166666666665
 20
32.533166666666666
 10
24.066499999999998
 20
32.7025
 10
24.024166666666666
 20
32.74483333333333
 10
24.003
 20
32.80833333333333
 10
23.960666666666665
 20
32.871833333333335
 10
23.918333333333333
 20
32.91416666666667
 10
23.8125
 20
33.147
 10
23.749
 20
33.210499999999996
 10
23.727833333333333
 20
33.252833333333335
 10
23.727833333333333
 20
33.31633333333333
 10
23.791333333333334
 20
33.42216666666667
 10
23.791333333333334
 20
33.528
 10
23.727833333333333
 20
33.633833333333335
 10
23.706666666666667
 20
33.7185
 10
23.706666666666667
 20
33.782
 10
23.66433333333333
 20
33.86666666666667
 10
23.643166666666666
 20
33.930166666666665
 10
23.622
 20
34.311166666666665
 10
23.622
 20
34.52283333333333
 10
23.66433333333333
 20
34.64983333333333
 10
23.66433333333333
 20
34.7345
 10
23.622
 20
34.77683333333333
 10
23.600833333333334
 20
34.81916666666667
 10
23.600833333333334
 20
34.8615
 10
23.622
 20
34.925
 10
23.66433333333333
 20
35.030833333333334
 10
23.66433333333333
 20
35.073166666666665
 10
23.643166666666666
 20
35.179
 10
23.685499999999998
 20
35.306
 10
23.685499999999998
 20
35.39066666666667
 10
23.66433333333333
 20
35.454166666666666
 10
23.622
 20
35.51766666666666
 10
23.622
 20
35.6235
 10
23.622
 20
35.835166666666666
 10
23.622
 20
35.898666666666664
 10
23.643166666666666
 20
36.089166666666664
 10
23.600833333333334
 20
36.3855
 10
23.600833333333334
 20
36.87233333333333
 10
23.643166666666666
 20
36.957
 10
23.66433333333333
 20
37.44383333333333
 10
23.66433333333333
 20
37.57083333333333
 10
23.643166666666666
 20
37.74016666666667
 10
23.66433333333333
 20
37.95183333333333
 10
23.643166666666666
 20
38.05766666666666
 10
23.643166666666666
 20
38.12116666666667
 10
23.66433333333333
 20
38.24816666666666
 10
23.66433333333333
 20
38.459833333333336
 10
23.622
 20
38.565666666666665
 10
23.622
 20
38.756166666666665
 10
23.66433333333333
 20
38.862
 10
23.643166666666666
 20
38.946666666666665
 10
23.685499999999998
 20
39.116
 10
23.685499999999998
 20
39.39116666666666
 10
23.66433333333333
 20
39.45466666666667
 10
23.622
 20
39.53933333333333
 10
23.600833333333334
 20
39.708666666666666
 10
23.600833333333334
 20
39.79333333333333
 10
23.66433333333333
 20
39.899166666666666
 10
23.66433333333333
 20
40.004999999999995
 10
23.622
 20
40.0685
 10
23.622
 20
40.132
 10
23.66433333333333
 20
40.195499999999996
 10
23.685499999999998
 20
40.237833333333334
 10
23.706666666666667
 20
40.280166666666666
 10
23.727833333333333
 20
40.343666666666664
 10
23.685499999999998
 20
40.428333333333335
 10
23.66433333333333
 20
41.25383333333333
 10
23.66433333333333
 20
41.380833333333335
 10
23.706666666666667
 20
41.50783333333333
 10
23.706666666666667
 20
41.69833333333333
 10
23.66433333333333
 20
42.01583333333333
 10
23.66433333333333
 20
42.058166666666665
 10
23.706666666666667
 20
42.164
 10
23.706666666666667
 20
42.46033333333333
 10
23.66433333333333
 20
42.58733333333333
 10
23.66433333333333
 20
42.777833333333334
 10
23.706666666666667
 20
42.8625
 10
23.749
 20
42.90483333333333
 10
23.770166666666665
 20
42.968333333333334
 10
23.770166666666665
 20
43.09533333333333
 10
23.749
 20
43.18
 10
23.706666666666667
 20
43.2435
 10
23.706666666666667
 20
43.28583333333333
 10
23.706666666666667
 20
43.349333333333334
 10
23.727833333333333
 20
43.434
 10
23.706666666666667
 20
43.51866666666667
 10
23.66433333333333
 20
43.582166666666666
 10
23.66433333333333
 20
43.85733333333333
 10
23.685499999999998
 20
43.98433333333333
 10
23.727833333333333
 20
44.068999999999996
 10
23.727833333333333
 20
44.111333333333334
 10
23.727833333333333
 20
44.17483333333333
 10
23.706666666666667
 20
44.259499999999996
 10
23.706666666666667
 20
44.36533333333333
 10
23.727833333333333
 20
44.534666666666666
 10
23.685499999999998
 20
44.598166666666664
 10
23.706666666666667
 20
44.7675
 10
23.706666666666667
 20
44.80983333333333
 10
23.643166666666666
 20
44.91566666666667
 10
23.643166666666666
 20
45.021499999999996
 10
23.685499999999998
 20
45.063833333333335
 10
23.706666666666667
 20
45.10616666666667
 10
23.706666666666667
 20
45.61416666666666
 10
23.66433333333333
 20
45.69883333333333
 10
23.66433333333333
 20
45.76233333333333
 10
23.66433333333333
 20
45.825833333333335
 10
23.685499999999998
 20
45.88933333333333
 10
23.727833333333333
 20
45.931666666666665
 10
23.727833333333333
 20
46.0375
 10
23.685499999999998
 20
46.101
 10
23.706666666666667
 20
46.24916666666667
 10
23.706666666666667
 20
46.33383333333333
 10
23.685499999999998
 20
46.46083333333333
 10
23.727833333333333
 20
46.52433333333333
 10
23.727833333333333
 20
46.65133333333333
 10
23.706666666666667
 20
47.032333333333334
 10
23.749
 20
47.09583333333333
 10
23.770166666666665
 20
47.15933333333333
 10
23.770166666666665
 20
47.244
 10
23.706666666666667
 20
47.34983333333333
 10
23.706666666666667
 20
47.39216666666667
 10
23.727833333333333
 20
47.455666666666666
 10
23.727833333333333
 20
47.51916666666666
 10
23.706666666666667
 20
47.6885
 10
23.706666666666667
 20
47.92133333333333
 10
23.749
 20
48.04833333333333
 10
23.770166666666665
 20
48.132999999999996
 10
23.770166666666665
 20
48.1965
 10
23.749
 20
48.281166666666664
 10
23.706666666666667
 20
48.34466666666667
 10
23.685499999999998
 20
48.408166666666666
 10
23.66433333333333
 20
48.471666666666664
 10
23.66433333333333
 20
48.53516666666667
 10
23.727833333333333
 20
48.641
 10
23.749
 20
48.72566666666666
 10
23.749
 20
48.852666666666664
 10
23.727833333333333
 20
48.91616666666666
 10
23.685499999999998
 20
48.97966666666667
 10
23.685499999999998
 20
49.043166666666664
 10
23.749
 20
49.149
 10
23.749
 20
49.29716666666666
 10
23.706666666666667
 20
49.3395
 10
23.685499999999998
 20
49.38183333333333
 10
23.685499999999998
 20
49.44533333333333
 10
23.727833333333333
 20
49.508833333333335
 10
23.727833333333333
 20
49.55116666666667
 10
23.727833333333333
 20
49.614666666666665
 10
23.727833333333333
 20
49.784
 10
23.770166666666665
 20
49.8475
 10
23.770166666666665
 20
49.995666666666665
 10
23.727833333333333
 20
50.08033333333333
 10
23.727833333333333
 20
50.186166666666665
 10
23.749
 20
50.27083333333333
 10
23.791333333333334
 20
50.376666666666665
 10
23.770166666666665
 20
50.69416666666667
 10
23.791333333333334
 20
50.7365
 10
23.833666666666666
 20
50.77883333333333
 10
23.833666666666666
 20
50.905833333333334
 10
23.770166666666665
 20
51.01166666666666
 10
23.770166666666665
 20
51.07516666666667
 10
23.8125
 20
51.15983333333333
 10
23.833666666666666
 20
51.45616666666667
 10
23.833666666666666
 20
51.58316666666666
 10
23.791333333333334
 20
51.710166666666666
 10
23.791333333333334
 20
51.7525
 10
23.8125
 20
51.900666666666666
 10
23.854833333333332
 20
52.02766666666667
 10
23.875999999999998
 20
52.154666666666664
 10
23.875999999999998
 20
52.21816666666667
 10
23.833666666666666
 20
52.472166666666666
 10
23.833666666666666
 20
52.85316666666667
 10
23.875999999999998
 20
52.958999999999996
 10
23.897166666666667
 20
53.04366666666667
 10
23.897166666666667
 20
53.23416666666667
 10
23.854833333333332
 20
53.339999999999996
 10
23.875999999999998
 20
53.488166666666665
 10
23.875999999999998
 20
53.530499999999996
 10
23.833666666666666
 20
53.7845
 10
23.833666666666666
 20
53.93266666666666
 10
23.875999999999998
 20
54.01733333333333
 10
23.875999999999998
 20
54.102
 10
23.833666666666666
 20
54.18666666666667
 10
23.833666666666666
 20
54.250166666666665
 10
23.897166666666667
 20
54.31366666666666
 10
23.918333333333333
 20
54.356
 10
23.918333333333333
 20
54.440666666666665
 10
23.897166666666667
 20
54.821666666666665
 10
23.854833333333332
 20
54.90633333333333
 10
23.854833333333332
 20
55.160333333333334
 10
23.854833333333332
 20
55.90116666666667
 10
23.854833333333332
 20
56.028166666666664
 10
23.897166666666667
 20
56.09166666666667
 10
23.897166666666667
 20
56.28216666666666
 10
23.854833333333332
 20
56.409166666666664
 10
23.854833333333332
 20
56.53616666666667
 10
23.875999999999998
 20
56.72666666666667
 10
23.875999999999998
 20
56.790166666666664
 10
23.897166666666667
 20
57.00183333333333
 10
23.897166666666667
 20
57.10766666666667
 10
23.854833333333332
 20
57.19233333333333
 10
23.854833333333332
 20
57.23466666666666
 10
23.897166666666667
 20
57.277
 10
23.918333333333333
 20
57.3405
 10
23.918333333333333
 20
57.552166666666665
 10
23.875999999999998
 20
57.67916666666667
 10
23.875999999999998
 20
57.742666666666665
 10
23.918333333333333
 20
57.9755
 10
23.918333333333333
 20
58.08133333333333
 10
23.897166666666667
 20
58.293
 10
23.9395
 20
58.843333333333334
 10
23.9395
 20
58.94916666666666
 10
23.875999999999998
 20
59.01266666666667
 10
23.854833333333332
 20
59.055
 10
23.854833333333332
 20
59.09733333333333
 10
23.897166666666667
 20
59.181999999999995
 10
23.918333333333333
 20
59.39366666666667
 10
23.918333333333333
 20
59.47833333333333
 10
23.897166666666667
 20
59.605333333333334
 10
23.9395
 20
59.69
 10
23.9395
 20
59.795833333333334
 10
23.9395
 20
59.85933333333333
 10
23.9395
 20
59.901666666666664
 10
23.854833333333332
 20
59.986333333333334
 10
23.854833333333332
 20
60.028666666666666
 10
23.897166666666667
 20
60.071
 10
23.9395
 20
60.134499999999996
 10
23.9395
 20
60.176833333333335
 10
23.981833333333334
 20
60.24033333333333
 10
23.981833333333334
 20
60.3885
 10
23.960666666666665
 20
60.557833333333335
 10
23.918333333333333
 20
60.748333333333335
 10
23.918333333333333
 20
60.91766666666666
 10
23.918333333333333
 20
61.25633333333333
 10
23.918333333333333
 20
61.31983333333333
 10
23.9395
 20
61.67966666666666
 10
23.897166666666667
 20
61.76433333333333
 10
23.833666666666666
 20
61.76433333333333
 10
23.727833333333333
 20
61.806666666666665
 10
23.727833333333333
 20
61.87016666666666
 10
23.770166666666665
 20
61.9125
 10
23.8125
 20
61.9125
 10
23.875999999999998
 20
61.93366666666667
 10
23.918333333333333
 20
61.976
 10
23.9395
 20
62.01833333333333
 10
23.960666666666665
 20
62.12416666666667
 10
23.960666666666665
 20
62.50516666666667
 10
23.918333333333333
 20
62.63216666666666
 10
23.897166666666667
 20
62.82266666666666
 10
23.897166666666667
 20
62.949666666666666
 10
23.9395
 20
63.01316666666666
 10
23.960666666666665
 20
63.07666666666667
 10
23.981833333333334
 20
63.245999999999995
 10
23.981833333333334
 20
63.3095
 10
23.9395
 20
63.436499999999995
 10
23.9395
 20
63.5635
 10
23.981833333333334
 20
63.83866666666666
 10
23.981833333333334
 20
63.902166666666666
 10
23.960666666666665
 20
64.008
 10
23.981833333333334
 20
64.43133333333333
 10
23.9395
 20
64.51599999999999
 10
23.9395
 20
64.5795
 10
23.981833333333334
 20
64.66416666666666
 10
23.981833333333334
 20
64.77
 10
23.9395
 20
64.85466666666666
 10
23.9395
 20
64.91816666666666
 10
23.9395
 20
64.98166666666667
 10
23.9395
 20
65.04516666666666
 10
23.981833333333334
 20
65.17216666666667
 10
23.981833333333334
 20
65.27799999999999
 10
23.960666666666665
 20
65.3415
 10
23.918333333333333
 20
65.405
 10
23.918333333333333
 20
65.51083333333334
 10
23.960666666666665
 20
65.55316666666667
 10
23.981833333333334
 20
65.5955
 10
23.981833333333334
 20
65.68016666666666
 10
23.9395
 20
65.786
 10
23.9395
 20
65.87066666666666
 10
23.981833333333334
 20
65.99766666666666
 10
23.981833333333334
 20
66.42099999999999
 10
23.9395
 20
66.52683333333333
 10
23.9395
 20
66.59033333333333
 10
23.981833333333334
 20
66.675
 10
23.981833333333334
 20
66.78083333333333
 10
23.9395
 20
66.8655
 10
23.960666666666665
 20
67.18299999999999
 10
23.9395
 20
67.41583333333332
 10
23.9395
 20
67.564
 10
23.981833333333334
 20
67.64866666666667
 10
23.981833333333334
 20
67.71216666666666
 10
23.960666666666665
 20
67.90266666666666
 10
24.003
 20
68.2625
 10
24.003
 20
68.43183333333333
 10
23.960666666666665
 20
68.55883333333333
 10
23.960666666666665
 20
68.6435
 10
23.960666666666665
 20
68.87633333333333
 10
23.960666666666665
 20
68.91866666666667
 10
23.981833333333334
 20
69.10916666666667
 10
23.960666666666665
 20
69.1515
 10
23.918333333333333
 20
69.19383333333333
 10
23.918333333333333
 20
69.2785
 10
24.003
 20
69.42666666666666
 10
24.003
 20
69.469
 10
23.960666666666665
 20
69.55366666666666
 10
23.960666666666665
 20
69.70183333333333
 10
24.003
 20
69.7865
 10
24.003
 20
69.99816666666666
 10
24.024166666666666
 20
70.0405
 10
24.066499999999998
 20
70.104
 10
24.108833333333333
 20
70.14633333333333
 10
24.13
 20
70.18866666666666
 10
24.13
 20
70.31566666666666
 10
24.108833333333333
 20
70.37916666666666
 10
24.066499999999998
 20
70.46383333333333
 10
24.066499999999998
 20
70.69666666666666
 10
24.045333333333332
 20
70.76016666666666
 10
24.003
 20
70.82366666666667
 10
24.003
 20
71.01416666666667
 10
23.981833333333334
 20
71.1835
 10
23.9395
 20
71.247
 10
23.9395
 20
71.3105
 10
23.981833333333334
 20
71.374
 10
23.960666666666665
 20
71.501
 10
23.960666666666665
 20
71.54333333333334
 10
23.981833333333334
 20
71.58566666666667
 10
23.960666666666665
 20
71.86083333333333
 10
24.003
 20
72.05133333333333
 10
24.024166666666666
 20
72.30533333333334
 10
24.024166666666666
 20
72.62283333333333
 10
23.981833333333334
 20
72.68633333333334
 10
23.981833333333334
 20
72.83449999999999
 10
24.024166666666666
 20
72.898
 10
24.024166666666666
 20
72.98266666666666
 10
24.003
 20
73.02499999999999
 10
23.960666666666665
 20
73.06733333333334
 10
23.960666666666665
 20
73.10966666666667
 10
23.981833333333334
 20
73.17316666666666
 10
24.024166666666666
 20
73.23666666666666
 10
24.003
 20
73.42716666666666
 10
24.003
 20
73.4695
 10
24.045333333333332
 20
73.57533333333333
 10
24.045333333333332
 20
73.70233333333333
 10
24.003
 20
73.80816666666666
 10
24.003
 20
74.35849999999999
 10
24.045333333333332
 20
74.46433333333333
 10
24.045333333333332
 20
74.65483333333333
 10
24.045333333333332
 20
74.71833333333333
 10
24.045333333333332
 20
74.78183333333332
 10
24.045333333333332
 20
74.8665
 10
24.003
 20
74.90883333333333
 10
24.003
 20
75.03583333333333
 10
24.066499999999998
 20
75.14166666666667
 10
24.066499999999998
 20
75.20516666666667
 10
24.003
 20
75.31099999999999
 10
23.981833333333334
 20
75.3745
 10
23.981833333333334
 20
75.45916666666666
 10
24.003
 20
75.52266666666667
 10
24.024166666666666
 20
75.58616666666667
 10
24.066499999999998
 20
75.64966666666666
 10
24.066499999999998
 20
75.77666666666667
 10
24.024166666666666
 20
75.8825
 10
24.003
 20
75.946
 10
24.003
 20
76.0095
 10
24.045333333333332
 20
76.073
 10
24.045333333333332
 20
76.1365
 10
24.024166666666666
 20
76.17883333333333
 10
23.981833333333334
 20
76.22116666666666
 10
23.981833333333334
 20
76.327
 10
24.024166666666666
 20
76.41166666666666
 10
24.024166666666666
 20
76.49633333333333
 10
24.087666666666667
 20
76.60216666666666
 10
24.087666666666667
 20
76.66566666666667
 10
24.045333333333332
 20
76.75033333333333
 10
24.045333333333332
 20
76.81383333333333
 10
24.045333333333332
 20
76.85616666666667
 10
24.087666666666667
 20
76.91966666666667
 10
24.087666666666667
 20
77.06783333333333
 10
24.003
 20
77.1525
 10
23.981833333333334
 20
77.19483333333334
 10
23.981833333333334
 20
77.23716666666667
 10
24.003
 20
77.2795
 10
24.066499999999998
 20
77.343
 10
24.087666666666667
 20
77.51233333333333
 10
24.087666666666667
 20
77.851
 10
24.066499999999998
 20
77.89333333333333
 10
23.960666666666665
 20
77.93566666666666
 10
23.897166666666667
 20
77.95683333333334
 10
23.918333333333333
 20
78.0415
 10
24.024166666666666
 20
78.08383333333333
 10
24.087666666666667
 20
78.14733333333334
 10
24.108833333333333
 20
78.21083333333333
 10
24.108833333333333
 20
78.4225
 10
24.066499999999998
 20
78.5495
 10
24.066499999999998
 20
78.69766666666666
 10
24.066499999999998
 20
78.76116666666667
 10
24.066499999999998
 20
78.82466666666666
 10
23.981833333333334
 20
78.97283333333333
 10
23.981833333333334
 20
79.03633333333333
 10
24.066499999999998
 20
79.121
 10
24.087666666666667
 20
79.16333333333333
 10
24.108833333333333
 20
79.22683333333333
 10
24.13
 20
79.39616666666666
 10
24.13
 20
79.4385
 10
24.108833333333333
 20
79.65016666666666
 10
24.087666666666667
 20
79.73483333333333
 10
24.087666666666667
 20
79.79833333333333
 10
24.108833333333333
 20
79.883
 10
24.087666666666667
 20
80.05233333333334
 10
24.087666666666667
 20
80.17933333333333
 10
24.087666666666667
 20
80.34866666666666
 10
24.087666666666667
 20
80.41216666666666
 10
24.108833333333333
 20
80.518
 10
24.108833333333333
 20
80.68733333333333
 10
24.108833333333333
 20
80.72966666666666
 10
24.087666666666667
 20
80.77199999999999
 10
24.024166666666666
 20
80.8355
 10
23.981833333333334
 20
80.92016666666666
 10
23.981833333333334
 20
80.96249999999999
 10
24.003
 20
81.026
 10
24.045333333333332
 20
81.11066666666666
 10
24.108833333333333
 20
81.17416666666666
 10
24.13
 20
81.2165
 10
24.151166666666665
 20
81.30116666666666
 10
24.151166666666665
 20
81.36466666666666
 10
24.108833333333333
 20
81.661
 10
24.108833333333333
 20
81.8515
 10
24.151166666666665
 20
82.14783333333332
 10
24.151166666666665
 20
82.3595
 10
24.13
 20
82.48649999999999
 10
24.108833333333333
 20
82.55
 10
24.066499999999998
 20
82.59233333333333
 10
24.045333333333332
 20
82.63466666666666
 10
24.045333333333332
 20
82.67699999999999
 10
24.108833333333333
 20
82.78283333333333
 10
24.087666666666667
 20
82.90983333333332
 10
24.087666666666667
 20
82.9945
 10
24.108833333333333
 20
83.05799999999999
 10
24.151166666666665
 20
83.1215
 10
24.172333333333334
 20
83.185
 10
24.172333333333334
 20
83.35433333333333
 10
24.151166666666665
 20
83.39666666666666
 10
24.087666666666667
 20
83.46016666666667
 10
24.087666666666667
 20
83.58716666666666
 10
24.13
 20
83.71416666666667
 10
24.13
 20
83.77766666666666
 10
24.13
 20
83.84116666666667
 10
24.108833333333333
 20
83.8835
 10
24.108833333333333
 20
83.96816666666666
 10
24.172333333333334
 20
84.074
 10
24.151166666666665
 20
84.24333333333333
 10
24.172333333333334
 20
84.37033333333333
 10
24.172333333333334
 20
84.455
 10
24.13
 20
84.53966666666666
 10
24.13
 20
84.60316666666667
 10
24.172333333333334
 20
84.66666666666666
 10
24.172333333333334
 20
84.73016666666666
 10
24.087666666666667
 20
84.87833333333333
 10
24.087666666666667
 20
84.98416666666667
 10
24.172333333333334
 20
85.13233333333334
 10
24.172333333333334
 20
85.17466666666667
 10
24.151166666666665
 20
85.2805
 10
24.172333333333334
 20
85.51333333333334
 10
24.172333333333334
 20
85.57683333333333
 10
24.151166666666665
 20
85.76733333333333
 10
24.151166666666665
 20
85.80966666666666
 10
24.1935
 20
85.93666666666667
 10
24.1935
 20
86.0425
 10
24.172333333333334
 20
86.19066666666666
 10
24.151166666666665
 20
86.25416666666666
 10
24.13
 20
86.2965
 10
24.087666666666667
 20
86.33883333333333
 10
24.066499999999998
 20
86.38116666666666
 10
24.045333333333332
 20
86.44466666666666
 10
24.066499999999998
 20
86.487
 10
24.151166666666665
 20
86.57166666666666
 10
24.172333333333334
 20
86.614
 10
24.151166666666665
 20
86.78333333333333
 10
24.151166666666665
 20
86.88916666666667
 10
24.1935
 20
86.95266666666666
 10
24.1935
 20
87.503
 10
24.151166666666665
 20
87.58766666666666
 10
24.151166666666665
 20
87.65116666666667
 10
24.151166666666665
 20
87.6935
 10
24.1935
 20
87.75699999999999
 10
24.1935
 20
87.86283333333333
 10
24.151166666666665
 20
87.90516666666666
 10
24.087666666666667
 20
87.94749999999999
 10
24.087666666666667
 20
87.98983333333334
 10
24.172333333333334
 20
88.0745
 10
24.1935
 20
88.11683333333333
 10
24.214666666666666
 20
88.18033333333334
 10
24.214666666666666
 20
88.73066666666666
 10
24.172333333333334
 20
88.773
 10
24.151166666666665
 20
88.81533333333333
 10
24.151166666666665
 20
88.89999999999999
 10
24.1935
 20
88.98466666666667
 10
24.214666666666666
 20
89.25983333333333
 10
24.214666666666666
 20
89.49266666666666
 10
24.172333333333334
 20
89.535
 10
24.151166666666665
 20
89.57733333333333
 10
24.151166666666665
 20
89.66199999999999
 10
24.172333333333334
 20
89.7255
 10
24.214666666666666
 20
89.83133333333333
 10
24.214666666666666
 20
90.31816666666667
 10
24.256999999999998
 20
90.42399999999999
 10
24.278166666666667
 20
90.59333333333333
 10
24.299333333333333
 20
90.91083333333333
 10
24.299333333333333
 20
91.03783333333332
 10
24.256999999999998
 20
91.35533333333333
 10
24.278166666666667
 20
91.54583333333333
 10
24.278166666666667
 20
91.6305
 10
24.256999999999998
 20
91.90566666666666
 10
24.278166666666667
 20
92.28666666666666
 10
24.256999999999998
 20
92.43483333333333
 10
24.235833333333332
 20
92.5195
 10
24.235833333333332
 20
92.583
 10
24.235833333333332
 20
92.6465
 10
24.278166666666667
 20
92.73116666666667
 10
24.278166666666667
 20
92.7735
 10
24.235833333333332
 20
92.87933333333334
 10
24.235833333333332
 20
92.92166666666667
 10
24.278166666666667
 20
93.091
 10
24.278166666666667
 20
93.57783333333333
 10
24.235833333333332
 20
93.853
 10
24.235833333333332
 20
94.0435
 10
24.278166666666667
 20
94.12816666666666
 10
24.278166666666667
 20
94.27633333333333
 10
24.235833333333332
 20
94.361
 10
24.235833333333332
 20
94.4245
 10
24.235833333333332
 20
94.488
 10
24.256999999999998
 20
94.57266666666666
 10
24.256999999999998
 20
94.63616666666667
 10
24.256999999999998
 20
94.84783333333333
 10
24.256999999999998
 20
94.91133333333333
 10
24.235833333333332
 20
95.0595
 10
24.278166666666667
 20
95.14416666666666
 10
24.278166666666667
 20
95.20766666666667
 10
24.256999999999998
 20
95.39816666666667
 10
24.235833333333332
 20
95.46166666666666
 10
24.1935
 20
95.52516666666666
 10
24.1935
 20
95.60983333333333
 10
24.235833333333332
 20
95.67333333333333
 10
24.235833333333332
 20
95.71566666666666
 10
24.235833333333332
 20
95.77916666666667
 10
24.235833333333332
 20
95.92733333333334
 10
24.278166666666667
 20
96.05433333333333
 10
24.278166666666667
 20
96.11783333333334
 10
24.256999999999998
 20
96.43533333333333
 10
24.1935
 20
96.49883333333334
 10
24.1935
 20
96.5835
 10
24.256999999999998
 20
96.68933333333334
 10
24.278166666666667
 20
96.774
 10
24.278166666666667
 20
96.98566666666666
 10
24.235833333333332
 20
97.11266666666667
 10
24.235833333333332
 20
97.26083333333332
 10
24.278166666666667
 20
97.3455
 10
24.256999999999998
 20
97.57833333333333
 10
24.256999999999998
 20
97.7265
 10
24.299333333333333
 20
97.87466666666667
 10
24.299333333333333
 20
97.98049999999999
 10
24.256999999999998
 20
98.1075
 10
24.256999999999998
 20
98.298
 10
24.299333333333333
 20
98.36149999999999
 10
24.3205
 20
98.65783333333333
 10
24.3205
 20
98.806
 10
24.299333333333333
 20
98.89066666666666
 10
24.256999999999998
 20
98.95416666666667
 10
24.256999999999998
 20
99.06
 10
24.299333333333333
 20
99.12349999999999
 10
24.278166666666667
 20
99.52566666666667
 10
24.278166666666667
 20
99.58916666666667
 10
24.299333333333333
 20
99.65266666666666
 10
24.341666666666665
 20
99.695
 10
24.36283333333333
 20
99.7585
 10
24.36283333333333
 20
99.84316666666666
 10
24.3205
 20
99.97016666666666
 10
24.3205
 20
100.16066666666666
 10
24.278166666666667
 20
100.28766666666667
 10
24.278166666666667
 20
100.33
 10
24.299333333333333
 20
100.3935
 10
24.341666666666665
 20
100.457
 10
24.36283333333333
 20
100.5205
 10
24.384
 20
100.62633333333333
 10
24.384
 20
101.11316666666666
 10
24.36283333333333
 20
101.219
 10
24.36283333333333
 20
101.2825
 10
24.36283333333333
 20
101.4095
 10
24.3205
 20
101.64233333333333
 10
24.3205
 20
101.74816666666666
 10
24.36283333333333
 20
101.83283333333333
 10
24.36283333333333
 20
102.108
 10
24.36283333333333
 20
102.1715
 10
24.384
 20
102.362
 10
24.384
 20
102.51016666666666
 10
24.341666666666665
 20
102.63716666666666
 10
24.341666666666665
 20
102.86999999999999
 10
24.384
 20
103.03933333333333
 10
24.384
 20
103.08166666666666
 10
24.36283333333333
 20
103.14516666666667
 10
24.3205
 20
103.20866666666666
 10
24.3205
 20
103.3145
 10
24.36283333333333
 20
103.39916666666666
 10
24.384
 20
103.61083333333333
 10
24.36283333333333
 20
103.6955
 10
24.3205
 20
103.78016666666666
 10
24.3205
 20
103.86483333333334
 10
24.341666666666665
 20
103.99183333333333
 10
24.299333333333333
 20
104.20349999999999
 10
24.299333333333333
 20
104.30933333333333
 10
24.384
 20
104.4575
 10
24.405166666666666
 20
104.56333333333333
 10
24.426333333333332
 20
105.00783333333332
 10
24.405166666666666
 20
105.15599999999999
 10
24.426333333333332
 20
105.283
 10
24.405166666666666
 20
105.49466666666666
 10
24.36283333333333
 20
105.64283333333333
 10
24.36283333333333
 20
105.68516666666666
 10
24.384
 20
105.76983333333332
 10
24.426333333333332
 20
105.89683333333333
 10
24.426333333333332
 20
106.00266666666667
 10
24.405166666666666
 20
106.08733333333333
 10
24.405166666666666
 20
106.15083333333332
 10
24.426333333333332
 20
106.21433333333333
 10
24.426333333333332
 20
106.3625
 10
24.405166666666666
 20
106.426
 10
24.36283333333333
 20
106.48949999999999
 10
24.36283333333333
 20
106.59533333333333
 10
24.447499999999998
 20
106.7435
 10
24.447499999999998
 20
106.9975
 10
24.489833333333333
 20
107.06099999999999
 10
24.511
 20
107.14566666666667
 10
24.511
 20
107.315
 10
24.55333333333333
 20
107.42083333333333
 10
24.55333333333333
 20
107.46316666666667
 10
24.511
 20
107.54783333333333
 10
24.511
 20
107.65366666666667
 10
24.532166666666665
 20
107.696
 10
24.5745
 20
107.73833333333333
 10
24.595666666666666
 20
107.823
 10
24.595666666666666
 20
107.90766666666666
 10
24.616833333333332
 20
107.97116666666666
 10
24.637999999999998
 20
108.0135
 10
24.74383333333333
 20
108.11933333333333
 10
24.765
 20
108.204
 10
24.765
 20
108.35216666666666
 10
24.786166666666666
 20
108.41566666666667
 10
24.807333333333332
 20
108.458
 10
24.870833333333334
 20
108.5215
 10
24.892
 20
108.56383333333333
 10
24.892
 20
108.75433333333334
 10
24.9555
 20
108.81783333333333
 10
24.997833333333332
 20
108.839
 10
25.019
 20
108.88133333333333
 10
25.019
 20
109.00833333333333
 10
25.146
 20
109.11416666666666
 10
25.167166666666667
 20
109.1565
 10
25.188333333333333
 20
109.26233333333333
 10
25.2095
 20
109.36816666666667
 10
25.230666666666664
 20
109.49516666666666
 10
25.230666666666664
 20
109.70683333333334
 10
25.294166666666666
 20
109.81266666666666
 10
25.31533333333333
 20
109.87616666666666
 10
25.3365
 20
109.93966666666667
 10
25.357666666666667
 20
110.00316666666666
 10
25.378833333333333
 20
110.08783333333334
 10
25.4
 20
110.21483333333333
 10
25.4
 20
110.34183333333333
 10
25.378833333333333
 20
110.40533333333333
 10
25.357666666666667
 20
110.44766666666666
 10
25.273
 20
110.53233333333333
 10
25.273
 20
110.59583333333333
 10
25.31533333333333
 20
110.63816666666666
 10
25.357666666666667
 20
110.72283333333333
 10
25.378833333333333
 20
110.78633333333333
 10
25.378833333333333
 20
110.89216666666667
 10
25.3365
 20
110.95566666666666
 10
25.3365
 20
111.08266666666667
 10
25.251833333333334
 20
111.252
 10
25.2095
 20
111.29433333333333
 10
25.2095
 20
111.33666666666666
 10
25.2095
 20
111.40016666666666
 10
25.230666666666664
 20
111.506
 10
25.230666666666664
 20
111.56949999999999
 10
25.2095
 20
111.61183333333334
 10
25.146
 20
111.67533333333333
 10
25.12483333333333
 20
111.71766666666666
 10
25.146
 20
111.8235
 10
25.12483333333333
 20
111.887
 10
25.0825
 20
111.92933333333333
 10
25.061333333333334
 20
111.97166666666666
 10
25.061333333333334
 20
112.0775
 10
24.976666666666667
 20
112.16216666666666
 10
24.849666666666668
 20
112.268
 10
24.8285
 20
112.31033333333333
 10
24.8285
 20
112.37383333333334
 10
24.870833333333334
 20
112.43733333333333
 10
24.870833333333334
 20
112.56433333333332
 10
24.765
 20
112.69133333333333
 10
24.680333333333333
 20
112.69133333333333
 10
24.616833333333332
 20
112.71249999999999
 10
24.5745
 20
112.75483333333332
 10
24.55333333333333
 20
112.79716666666667
 10
24.55333333333333
 20
113.00883333333333
 10
24.532166666666665
 20
113.05116666666666
 10
24.489833333333333
 20
113.11466666666666
 10
24.447499999999998
 20
113.157
 10
24.384
 20
113.17816666666667
 10
24.299333333333333
 20
113.26283333333333
 10
24.13
 20
113.47449999999999
 10
24.045333333333332
 20
113.47449999999999
 10
24.003
 20
113.49566666666666
 10
23.960666666666665
 20
113.538
 10
23.918333333333333
 20
113.6015
 10
23.875999999999998
 20
113.62266666666666
 10
23.8125
 20
113.62266666666666
 10
23.66433333333333
 20
113.77083333333333
 10
23.66433333333333
 20
113.83433333333333
 10
23.643166666666666
 20
113.87666666666667
 10
23.579666666666665
 20
113.94016666666667
 10
23.516166666666667
 20
113.96133333333333
 10
23.389166666666664
 20
113.96133333333333
 10
23.28333333333333
 20
114.06716666666667
 10
23.219833333333334
 20
114.08833333333332
 10
23.09283333333333
 20
114.08833333333332
 10
23.029333333333334
 20
114.13066666666667
 10
22.9235
 20
114.15183333333333
 10
22.817666666666668
 20
114.15183333333333
 10
22.733
 20
114.19416666666666
 10
22.6695
 20
114.21533333333333
 10
22.627166666666668
 20
114.21533333333333
 10
22.5425
 20
114.19416666666666
 10
22.479
 20
114.21533333333333
 10
22.373166666666666
 20
114.34233333333333
 10
22.309666666666665
 20
114.40583333333333
 10
22.203833333333332
 20
114.40583333333333
 10
22.119166666666665
 20
114.42699999999999
 10
22.076833333333333
 20
114.46933333333332
 10
22.034499999999998
 20
114.4905
 10
21.801666666666666
 20
114.51166666666667
 10
21.611166666666666
 20
114.4905
 10
21.547666666666665
 20
114.4905
 10
21.420666666666666
 20
114.53283333333333
 10
21.293666666666667
 20
114.51166666666667
 10
21.25133333333333
 20
114.51166666666667
  0
LWPOLYLINE
  5
3E
330
17
100
AcDbEntity
  8
0
100
AcDbPolyline
 90
93
 70
1
 10
20.044833333333333
 20
32.215666666666664
 10
20.87033333333333
 20
32.215666666666664
 10
20.976166666666668
 20
32.1945
 10
21.039666666666665
 20
32.17333333333333
 10
21.124333333333333
 20
32.152166666666666
 10
21.187833333333334
 20
32.131
 10
21.314833333333333
 20
32.0675
 10
21.378333333333334
 20
32.025166666666664
 10
21.44183333333333
 20
31.982833333333332
 10
21.505333333333333
 20
31.9405
 10
21.568833333333334
 20
31.898166666666665
 10
21.717
 20
31.75
 10
21.738166666666665
 20
31.6865
 10
21.7805
 20
31.622999999999998
 10
21.865166666666667
 20
31.538333333333334
 10
21.971
 20
31.474833333333333
 10
22.013333333333332
 20
31.432499999999997
 10
22.034499999999998
 20
31.390166666666666
 10
22.055666666666667
 20
31.284333333333333
 10
22.055666666666667
 20
31.22083333333333
 10
22.098
 20
31.136166666666664
 10
22.119166666666665
 20
31.072666666666667
 10
22.140333333333334
 20
30.966833333333334
 10
22.1615
 20
30.882166666666667
 10
22.182666666666666
 20
30.7975
 10
22.203833333333332
 20
30.712833333333332
 10
22.182666666666666
 20
30.374166666666667
 10
22.203833333333332
 20
30.162499999999998
 10
22.203833333333332
 20
30.014333333333333
 10
22.182666666666666
 20
29.950833333333332
 10
22.1615
 20
29.887333333333334
 10
22.140333333333334
 20
29.802666666666667
 10
22.055666666666667
 20
29.633333333333333
 10
22.013333333333332
 20
29.56983333333333
 10
21.971
 20
29.506333333333334
 10
21.9075
 20
29.421666666666667
 10
21.674666666666667
 20
29.18883333333333
 10
21.611166666666666
 20
29.1465
 10
21.547666666666665
 20
29.104166666666664
 10
21.484166666666667
 20
29.083
 10
21.44183333333333
 20
29.040666666666667
 10
21.378333333333334
 20
28.99833333333333
 10
21.082
 20
28.850166666666667
 10
20.997333333333334
 20
28.829
 10
20.912666666666667
 20
28.80783333333333
 10
20.785666666666668
 20
28.786666666666665
 10
20.6375
 20
28.7655
 10
20.404666666666667
 20
28.7655
 10
20.298833333333334
 20
28.80783333333333
 10
20.171833333333332
 20
28.80783333333333
 10
20.066
 20
28.829
 10
20.002499999999998
 20
28.850166666666667
 10
19.7485
 20
28.977166666666665
 10
19.685
 20
29.0195
 10
19.642666666666667
 20
29.061833333333333
 10
19.579166666666666
 20
29.083
 10
19.473333333333333
 20
29.167666666666666
 10
19.3675
 20
29.252333333333333
 10
19.21933333333333
 20
29.400499999999997
 10
19.177
 20
29.464
 10
19.134666666666668
 20
29.5275
 10
19.05
 20
29.718
 10
19.007666666666665
 20
29.76033333333333
 10
18.965333333333334
 20
29.823833333333333
 10
18.944166666666668
 20
29.9085
 10
18.923
 20
29.993166666666667
 10
18.901833333333332
 20
30.056666666666665
 10
18.923
 20
30.331833333333332
 10
18.923
 20
30.4165
 10
18.880666666666666
 20
30.501166666666666
 10
18.880666666666666
 20
30.564666666666668
 10
18.923
 20
30.6705
 10
18.923
 20
30.988
 10
18.944166666666668
 20
31.072666666666667
 10
18.965333333333334
 20
31.115
 10
19.007666666666665
 20
31.1785
 10
19.05
 20
31.22083333333333
 10
19.092333333333332
 20
31.3055
 10
19.092333333333332
 20
31.347833333333334
 10
19.155833333333334
 20
31.474833333333333
 10
19.21933333333333
 20
31.538333333333334
 10
19.261666666666667
 20
31.60183333333333
 10
19.282833333333333
 20
31.644166666666667
 10
19.282833333333333
 20
31.6865
 10
19.304
 20
31.728833333333334
 10
19.388666666666666
 20
31.813499999999998
 10
19.452166666666667
 20
31.834666666666667
 10
19.6215
 20
32.004
 10
19.727333333333334
 20
32.04633333333333
 10
19.769666666666666
 20
32.08866666666667
 10
19.833166666666667
 20
32.109833333333334
 10
19.8755
 20
32.152166666666666
 10
19.960166666666666
 20
32.1945
  0
LWPOLYLINE
  5
3F
330
17
100
AcDbEntity
  8
0
100
AcDbPolyline
 90
96
 70
1
 10
21.187833333333334
 20
112.05633333333333
 10
21.3995
 20
112.05633333333333
 10
21.59
 20
112.014
 10
21.843999999999998
 20
112.014
 10
21.886333333333333
 20
111.99283333333334
 10
21.928666666666665
 20
111.95049999999999
 10
22.055666666666667
 20
111.887
 10
22.119166666666665
 20
111.86583333333333
 10
22.1615
 20
111.86583333333333
 10
22.309666666666665
 20
111.78116666666666
 10
22.352
 20
111.78116666666666
 10
22.394333333333332
 20
111.75999999999999
 10
22.479
 20
111.65416666666667
 10
22.5425
 20
111.59066666666666
 10
22.733
 20
111.42133333333334
 10
22.775333333333332
 20
111.33666666666666
 10
22.775333333333332
 20
111.29433333333333
 10
22.817666666666668
 20
111.252
 10
22.86
 20
111.20966666666666
 10
23.0505
 20
111.01916666666666
 10
23.071666666666665
 20
110.97683333333333
 10
23.071666666666665
 20
110.871
 10
23.114
 20
110.76516666666666
 10
23.09283333333333
 20
110.53233333333333
 10
23.09283333333333
 20
110.49
 10
23.114
 20
110.1725
 10
23.09283333333333
 20
110.109
 10
23.0505
 20
110.04549999999999
 10
23.0505
 20
110.00316666666666
 10
23.029333333333334
 20
109.93966666666667
 10
23.008166666666668
 20
109.87616666666666
 10
22.987
 20
109.81266666666666
 10
22.944666666666667
 20
109.728
 10
22.90233333333333
 20
109.68566666666666
 10
22.838833333333334
 20
109.55866666666667
 10
22.838833333333334
 20
109.51633333333334
 10
22.796499999999998
 20
109.43166666666666
 10
22.754166666666666
 20
109.36816666666667
 10
22.690666666666665
 20
109.2835
 10
22.648333333333333
 20
109.24116666666666
 10
22.457833333333333
 20
109.07183333333333
 10
22.373166666666666
 20
109.00833333333333
 10
22.309666666666665
 20
108.966
 10
22.055666666666667
 20
108.839
 10
22.013333333333332
 20
108.839
 10
21.949833333333334
 20
108.79666666666667
 10
21.886333333333333
 20
108.7755
 10
21.759333333333334
 20
108.75433333333334
 10
21.1455
 20
108.75433333333334
 10
21.039666666666665
 20
108.79666666666667
 10
20.933833333333332
 20
108.79666666666667
 10
20.828
 20
108.81783333333333
 10
20.764499999999998
 20
108.839
 10
20.701
 20
108.88133333333333
 10
20.658666666666665
 20
108.88133333333333
 10
20.531666666666666
 20
108.94483333333334
 10
20.489333333333335
 20
108.98716666666667
 10
20.341166666666666
 20
109.05066666666666
 10
20.277666666666665
 20
109.093
 10
20.044833333333333
 20
109.32583333333334
 10
20.002499999999998
 20
109.38933333333333
 10
19.960166666666666
 20
109.474
 10
19.8755
 20
109.55866666666667
 10
19.833166666666667
 20
109.64333333333333
 10
19.833166666666667
 20
109.68566666666666
 10
19.79083333333333
 20
109.74916666666667
 10
19.706166666666665
 20
109.83383333333333
 10
19.706166666666665
 20
109.93966666666667
 10
19.663833333333333
 20
110.04549999999999
 10
19.685
 20
110.46883333333334
 10
19.663833333333333
 20
110.70166666666667
 10
19.663833333333333
 20
110.78633333333333
 10
19.685
 20
110.871
 10
19.706166666666665
 20
110.9345
 10
19.727333333333334
 20
110.99799999999999
 10
19.7485
 20
111.04033333333334
 10
19.79083333333333
 20
111.10383333333333
 10
19.833166666666667
 20
111.16733333333333
 10
19.8755
 20
111.23083333333334
 10
19.917833333333334
 20
111.29433333333333
 10
19.981333333333332
 20
111.37899999999999
 10
20.023666666666667
 20
111.4425
 10
20.108333333333334
 20
111.54833333333333
 10
20.192999999999998
 20
111.65416666666667
 10
20.235333333333333
 20
111.6965
 10
20.341166666666666
 20
111.78116666666666
 10
20.404666666666667
 20
111.80233333333334
 10
20.447
 20
111.84466666666667
 10
20.531666666666666
 20
111.887
 10
20.616333333333333
 20
111.90816666666666
 10
20.658666666666665
 20
111.90816666666666
 10
20.722166666666666
 20
111.95049999999999
 10
20.764499999999998
 20
111.95049999999999
 10
20.828
 20
111.99283333333334
 10
20.8915
 20
112.014
 10
21.039666666666665
 20
112.03516666666667
  0
LWPOLYLINE
  5
40
330
17
100
AcDbEntity
  8
0
100
AcDbPolyline
 90
1223
 70
1
 10
41.761833333333335
 20
114.8715
 10
41.50783333333333
 20
114.85033333333332
 10
41.44433333333333
 20
114.82916666666667
 10
41.338499999999996
 20
114.78683333333333
 10
41.23266666666667
 20
114.78683333333333
 10
41.190333333333335
 20
114.76566666666666
 10
41.0845
 20
114.65983333333332
 10
41.021
 20
114.63866666666667
 10
40.957499999999996
 20
114.61749999999999
 10
40.915166666666664
 20
114.61749999999999
 10
40.87283333333333
 20
114.59633333333333
 10
40.8305
 20
114.554
 10
40.68233333333333
 20
114.554
 10
40.618833333333335
 20
114.53283333333333
 10
40.470666666666666
 20
114.38466666666666
 10
40.40716666666667
 20
114.34233333333333
 10
40.30133333333333
 20
114.3
 10
40.237833333333334
 20
114.23649999999999
 10
40.153166666666664
 20
114.173
 10
40.11083333333333
 20
114.173
 10
40.02616666666667
 20
114.13066666666667
 10
39.878
 20
113.9825
 10
39.79333333333333
 20
113.94016666666667
 10
39.708666666666666
 20
113.85549999999999
 10
39.666333333333334
 20
113.792
 10
39.60283333333333
 20
113.64383333333333
 10
39.5605
 20
113.6015
 10
39.4335
 20
113.51683333333332
 10
39.39116666666666
 20
113.47449999999999
 10
39.327666666666666
 20
113.32633333333332
 10
39.26416666666667
 20
113.26283333333333
 10
39.22183333333333
 20
113.17816666666667
 10
39.22183333333333
 20
113.13583333333332
 10
39.20066666666666
 20
113.09349999999999
 10
39.094833333333334
 20
112.98766666666667
 10
39.03133333333333
 20
112.86066666666666
 10
39.01016666666666
 20
112.776
 10
39.01016666666666
 20
112.71249999999999
 10
38.96783333333333
 20
112.649
 10
38.96783333333333
 20
112.54316666666666
 10
39.03133333333333
 20
112.47966666666666
 10
39.03133333333333
 20
112.33149999999999
 10
39.01016666666666
 20
112.24683333333333
 10
38.989
 20
112.18333333333334
 10
38.96783333333333
 20
112.14099999999999
 10
38.904333333333334
 20
112.11983333333333
 10
38.84083333333333
 20
112.09866666666666
 10
38.7985
 20
112.0775
 10
38.756166666666665
 20
112.03516666666667
 10
38.735
 20
111.99283333333334
 10
38.735
 20
111.52716666666666
 10
38.69266666666667
 20
111.42133333333334
 10
38.69266666666667
 20
111.3155
 10
38.69266666666667
 20
111.125
 10
38.69266666666667
 20
111.08266666666667
 10
38.71383333333333
 20
110.9345
 10
38.6715
 20
110.61699999999999
 10
38.6715
 20
110.5535
 10
38.69266666666667
 20
110.2995
 10
38.65033333333333
 20
110.00316666666666
 10
38.65033333333333
 20
109.96083333333333
 10
38.65033333333333
 20
109.728
 10
38.65033333333333
 20
109.64333333333333
 10
38.6715
 20
109.43166666666666
 10
38.71383333333333
 20
109.24116666666666
 10
38.71383333333333
 20
109.093
 10
38.69266666666667
 20
109.0295
 10
38.65033333333333
 20
108.966
 10
38.62916666666666
 20
108.9025
 10
38.62916666666666
 20
108.75433333333334
 10
38.6715
 20
108.712
 10
38.71383333333333
 20
108.62733333333333
 10
38.71383333333333
 20
108.585
 10
38.6715
 20
108.50033333333333
 10
38.62916666666666
 20
108.458
 10
38.608
 20
108.41566666666667
 10
38.608
 20
108.24633333333333
 10
38.62916666666666
 20
108.03466666666667
 10
38.62916666666666
 20
107.78066666666666
 10
38.62916666666666
 20
107.61133333333333
 10
38.58683333333333
 20
107.54783333333333
 10
38.58683333333333
 20
107.48433333333332
 10
38.608
 20
107.33616666666666
 10
38.5445
 20
107.23033333333333
 10
38.52333333333333
 20
107.14566666666667
 10
38.52333333333333
 20
106.84933333333333
 10
38.565666666666665
 20
106.70116666666667
 10
38.565666666666665
 20
106.553
 10
38.565666666666665
 20
106.19316666666667
 10
38.565666666666665
 20
106.10849999999999
 10
38.565666666666665
 20
105.8545
 10
38.565666666666665
 20
105.74866666666667
 10
38.5445
 20
105.68516666666666
 10
38.50216666666667
 20
105.6005
 10
38.50216666666667
 20
105.45233333333333
 10
38.52333333333333
 20
105.38883333333332
 10
38.5445
 20
105.34649999999999
 10
38.58683333333333
 20
105.30416666666666
 10
38.608
 20
105.26183333333333
 10
38.58683333333333
 20
105.2195
 10
38.5445
 20
105.17716666666666
 10
38.52333333333333
 20
105.13483333333333
 10
38.50216666666667
 20
105.0925
 10
38.50216666666667
 20
105.00783333333332
 10
38.52333333333333
 20
104.77499999999999
 10
38.481
 20
104.41516666666666
 10
38.50216666666667
 20
104.11883333333333
 10
38.50216666666667
 20
103.9495
 10
38.481
 20
103.35683333333333
 10
38.43866666666666
 20
102.95466666666667
 10
38.43866666666666
 20
102.91233333333334
 10
38.459833333333336
 20
102.616
 10
38.4175
 20
102.44666666666666
 10
38.4175
 20
102.362
 10
38.43866666666666
 20
102.08683333333333
 10
38.39633333333333
 20
101.93866666666666
 10
38.4175
 20
101.57883333333334
 10
38.39633333333333
 20
101.49416666666666
 10
38.39633333333333
 20
100.9015
 10
38.4175
 20
100.6475
 10
38.39633333333333
 20
100.43583333333333
 10
38.39633333333333
 20
100.30883333333333
 10
38.4175
 20
100.05483333333333
 10
38.4175
 20
99.65266666666666
 10
38.4175
 20
99.5045
 10
38.375166666666665
 20
98.97533333333332
 10
38.375166666666665
 20
98.93299999999999
 10
38.4175
 20
98.84833333333333
 10
38.459833333333336
 20
98.806
 10
38.459833333333336
 20
98.74249999999999
 10
38.39633333333333
 20
98.63666666666667
 10
38.375166666666665
 20
98.298
 10
38.39633333333333
 20
97.36666666666666
 10
38.375166666666665
 20
96.54116666666667
 10
38.375166666666665
 20
96.47766666666666
 10
38.375166666666665
 20
96.11783333333334
 10
38.375166666666665
 20
96.012
 10
38.4175
 20
95.8215
 10
38.4175
 20
95.71566666666666
 10
38.39633333333333
 20
95.14416666666666
 10
38.375166666666665
 20
94.91133333333333
 10
38.354
 20
94.84783333333333
 10
38.31166666666667
 20
94.78433333333334
 10
38.33283333333333
 20
94.65733333333333
 10
38.33283333333333
 20
94.57266666666666
 10
38.2905
 20
94.46683333333333
 10
38.2905
 20
94.40333333333334
 10
38.33283333333333
 20
94.27633333333333
 10
38.33283333333333
 20
94.21283333333334
 10
38.31166666666667
 20
93.98
 10
38.354
 20
93.83183333333334
 10
38.354
 20
93.70483333333333
 10
38.31166666666667
 20
93.62016666666666
 10
38.31166666666667
 20
93.5355
 10
38.31166666666667
 20
93.472
 10
38.33283333333333
 20
93.36616666666666
 10
38.33283333333333
 20
93.30266666666667
 10
38.2905
 20
93.17566666666666
 10
38.31166666666667
 20
92.94283333333333
 10
38.31166666666667
 20
92.81583333333333
 10
38.2905
 20
92.71
 10
38.24816666666666
 20
92.583
 10
38.227
 20
92.456
 10
38.24816666666666
 20
92.28666666666666
 10
38.24816666666666
 20
92.24433333333333
 10
38.227
 20
92.18083333333333
 10
38.184666666666665
 20
92.09616666666666
 10
38.20583333333333
 20
91.86333333333333
 10
38.20583333333333
 20
91.821
 10
38.14233333333333
 20
91.71516666666666
 10
38.14233333333333
 20
91.54583333333333
 10
38.1635
 20
91.44
 10
38.184666666666665
 20
91.35533333333333
 10
38.20583333333333
 20
91.29183333333333
 10
38.24816666666666
 20
91.22833333333332
 10
38.24816666666666
 20
91.16483333333333
 10
38.24816666666666
 20
91.10133333333333
 10
38.24816666666666
 20
91.03783333333332
 10
38.20583333333333
 20
90.95316666666666
 10
38.227
 20
90.82616666666667
 10
38.227
 20
90.76266666666666
 10
38.20583333333333
 20
90.40283333333333
 10
38.24816666666666
 20
90.297
 10
38.24816666666666
 20
90.19116666666666
 10
38.20583333333333
 20
90.1065
 10
38.20583333333333
 20
89.916
 10
38.1635
 20
89.83133333333333
 10
38.1635
 20
89.3445
 10
38.1635
 20
89.28099999999999
 10
38.1635
 20
89.13283333333334
 10
38.184666666666665
 20
89.04816666666666
 10
38.184666666666665
 20
88.98466666666667
 10
38.20583333333333
 20
88.8365
 10
38.20583333333333
 20
88.73066666666666
 10
38.14233333333333
 20
88.66716666666666
 10
38.12116666666667
 20
88.60366666666667
 10
38.12116666666667
 20
88.56133333333334
 10
38.12116666666667
 20
88.22266666666667
 10
38.12116666666667
 20
88.15916666666666
 10
38.1635
 20
88.0745
 10
38.1635
 20
88.03216666666667
 10
38.1635
 20
87.96866666666666
 10
38.14233333333333
 20
87.92633333333333
 10
38.12116666666667
 20
87.8205
 10
38.1
 20
87.67233333333333
 10
38.1
 20
87.63
 10
38.14233333333333
 20
87.54533333333333
 10
38.14233333333333
 20
87.39716666666666
 10
38.14233333333333
 20
87.33366666666666
 10
38.14233333333333
 20
87.22783333333334
 10
38.1
 20
87.14316666666666
 10
38.1
 20
86.868
 10
38.1
 20
86.8045
 10
38.078833333333336
 20
86.50816666666667
 10
38.078833333333336
 20
86.40233333333333
 10
38.12116666666667
 20
86.31766666666667
 10
38.12116666666667
 20
86.19066666666666
 10
38.078833333333336
 20
86.06366666666666
 10
38.078833333333336
 20
86.02133333333333
 10
38.12116666666667
 20
85.852
 10
38.12116666666667
 20
85.74616666666667
 10
38.078833333333336
 20
85.6615
 10
38.05766666666666
 20
85.32283333333334
 10
38.05766666666666
 20
85.0265
 10
38.078833333333336
 20
84.92066666666666
 10
38.14233333333333
 20
84.81483333333333
 10
38.14233333333333
 20
84.7725
 10
38.12116666666667
 20
84.73016666666666
 10
38.078833333333336
 20
84.68783333333333
 10
38.05766666666666
 20
84.6455
 10
38.0365
 20
84.56083333333333
 10
38.0365
 20
84.43383333333333
 10
38.05766666666666
 20
84.1375
 10
38.1
 20
84.05283333333333
 10
38.1
 20
83.92583333333333
 10
38.05766666666666
 20
83.67183333333332
 10
38.05766666666666
 20
83.48133333333332
 10
38.078833333333336
 20
83.20616666666666
 10
38.05766666666666
 20
82.67699999999999
 10
38.01533333333333
 20
82.59233333333333
 10
37.994166666666665
 20
82.52883333333332
 10
37.994166666666665
 20
82.38066666666667
 10
38.01533333333333
 20
82.31716666666667
 10
38.05766666666666
 20
82.25366666666666
 10
38.05766666666666
 20
82.14783333333332
 10
38.01533333333333
 20
82.08433333333333
 10
37.994166666666665
 20
82.02083333333333
 10
37.994166666666665
 20
81.95733333333334
 10
38.01533333333333
 20
81.83033333333333
 10
37.994166666666665
 20
81.76683333333334
 10
37.95183333333333
 20
81.661
 10
37.95183333333333
 20
81.42816666666667
 10
37.973
 20
81.34349999999999
 10
38.05766666666666
 20
81.25883333333333
 10
38.078833333333336
 20
81.2165
 10
38.078833333333336
 20
81.17416666666666
 10
38.0365
 20
81.11066666666666
 10
38.0365
 20
81.04716666666667
 10
38.01533333333333
 20
80.98366666666666
 10
37.973
 20
80.92016666666666
 10
37.95183333333333
 20
80.85666666666667
 10
37.93066666666667
 20
80.77199999999999
 10
37.93066666666667
 20
80.66616666666667
 10
37.93066666666667
 20
80.39099999999999
 10
37.93066666666667
 20
80.34866666666666
 10
37.95183333333333
 20
80.11583333333333
 10
37.9095
 20
79.81949999999999
 10
37.93066666666667
 20
79.71366666666667
 10
37.93066666666667
 20
79.65016666666666
 10
37.888333333333335
 20
79.52316666666667
 10
37.888333333333335
 20
79.39616666666666
 10
37.93066666666667
 20
78.994
 10
37.93066666666667
 20
78.84583333333333
 10
37.888333333333335
 20
78.76116666666667
 10
37.9095
 20
78.63416666666666
 10
37.9095
 20
78.57066666666667
 10
37.9095
 20
77.978
 10
37.9095
 20
77.87216666666666
 10
37.86716666666666
 20
77.42766666666667
 10
37.888333333333335
 20
77.25833333333333
 10
37.888333333333335
 20
77.1525
 10
37.846
 20
76.962
 10
37.846
 20
76.72916666666667
 10
37.888333333333335
 20
76.60216666666666
 10
37.86716666666666
 20
76.49633333333333
 10
37.82483333333333
 20
76.43283333333333
 10
37.803666666666665
 20
76.34816666666667
 10
37.803666666666665
 20
76.2635
 10
37.803666666666665
 20
75.79783333333333
 10
37.803666666666665
 20
75.64966666666666
 10
37.846
 20
75.54383333333332
 10
37.846
 20
75.438
 10
37.82483333333333
 20
75.3745
 10
37.7825
 20
75.28983333333333
 10
37.7825
 20
75.057
 10
37.803666666666665
 20
74.97233333333332
 10
37.86716666666666
 20
74.8665
 10
37.86716666666666
 20
74.73949999999999
 10
37.82483333333333
 20
74.676
 10
37.803666666666665
 20
74.6125
 10
37.7825
 20
74.50666666666666
 10
37.803666666666665
 20
74.31616666666666
 10
37.803666666666665
 20
74.21033333333334
 10
37.76133333333333
 20
73.49066666666667
 10
37.76133333333333
 20
73.40599999999999
 10
37.7825
 20
73.279
 10
37.76133333333333
 20
73.152
 10
37.7825
 20
72.98266666666666
 10
37.76133333333333
 20
72.45349999999999
 10
37.719
 20
72.11483333333334
 10
37.719
 20
72.07249999999999
 10
37.74016666666667
 20
71.9455
 10
37.719
 20
71.882
 10
37.67666666666666
 20
71.83966666666666
 10
37.613166666666665
 20
71.71266666666666
 10
37.592
 20
71.52216666666666
 10
37.592
 20
71.35283333333334
 10
37.613166666666665
 20
71.26816666666666
 10
37.719
 20
71.1835
 10
37.76133333333333
 20
71.14116666666666
 10
37.7825
 20
71.09883333333333
 10
37.7825
 20
71.0565
 10
37.76133333333333
 20
70.866
 10
37.803666666666665
 20
70.78133333333334
 10
37.803666666666665
 20
70.6755
 10
37.74016666666667
 20
70.56966666666666
 10
37.74016666666667
 20
70.25216666666667
 10
37.74016666666667
 20
70.18866666666666
 10
37.719
 20
70.104
 10
37.719
 20
69.977
 10
37.76133333333333
 20
69.93466666666666
 10
37.7825
 20
69.89233333333333
 10
37.803666666666665
 20
69.85
 10
37.7825
 20
69.80766666666666
 10
37.697833333333335
 20
69.723
 10
37.67666666666666
 20
69.68066666666667
 10
37.67666666666666
 20
69.63833333333334
 10
37.67666666666666
 20
69.29966666666667
 10
37.67666666666666
 20
69.13033333333333
 10
37.697833333333335
 20
68.8975
 10
37.655499999999996
 20
68.7705
 10
37.655499999999996
 20
68.72816666666667
 10
37.67666666666666
 20
68.55883333333333
 10
37.655499999999996
 20
68.34716666666667
 10
37.697833333333335
 20
68.1355
 10
37.697833333333335
 20
68.09316666666666
 10
37.613166666666665
 20
67.945
 10
37.63433333333333
 20
67.83916666666667
 10
37.63433333333333
 20
67.77566666666667
 10
37.613166666666665
 20
67.60633333333332
 10
37.63433333333333
 20
67.52166666666666
 10
37.74016666666667
 20
67.41583333333332
 10
37.74016666666667
 20
67.35233333333333
 10
37.63433333333333
 20
67.2465
 10
37.613166666666665
 20
67.16183333333333
 10
37.63433333333333
 20
66.99249999999999
 10
37.592
 20
66.88666666666667
 10
37.592
 20
66.80199999999999
 10
37.63433333333333
 20
66.69616666666667
 10
37.63433333333333
 20
66.59033333333333
 10
37.613166666666665
 20
66.52683333333333
 10
37.57083333333333
 20
66.42099999999999
 10
37.57083333333333
 20
66.25166666666667
 10
37.592
 20
65.57433333333333
 10
37.613166666666665
 20
65.532
 10
37.655499999999996
 20
65.48966666666666
 10
37.655499999999996
 20
65.38383333333333
 10
37.613166666666665
 20
65.3415
 10
37.592
 20
65.29916666666666
 10
37.57083333333333
 20
65.151
 10
37.54966666666667
 20
65.024
 10
37.57083333333333
 20
64.87583333333333
 10
37.57083333333333
 20
64.81233333333333
 10
37.5285
 20
64.643
 10
37.5285
 20
64.55833333333334
 10
37.57083333333333
 20
64.4525
 10
37.57083333333333
 20
64.36783333333334
 10
37.5285
 20
64.28316666666666
 10
37.5285
 20
64.17733333333334
 10
37.57083333333333
 20
64.02916666666667
 10
37.592
 20
63.881
 10
37.592
 20
63.83866666666666
 10
37.54966666666667
 20
63.73283333333333
 10
37.54966666666667
 20
63.54233333333333
 10
37.507333333333335
 20
63.41533333333333
 10
37.507333333333335
 20
63.35183333333333
 10
37.5285
 20
63.20366666666666
 10
37.54966666666667
 20
63.16133333333333
 10
37.592
 20
63.119
 10
37.592
 20
63.03433333333333
 10
37.54966666666667
 20
62.992
 10
37.5285
 20
62.759166666666665
 10
37.507333333333335
 20
62.4205
 10
37.5285
 20
62.20883333333333
 10
37.5285
 20
62.103
 10
37.507333333333335
 20
61.976
 10
37.5285
 20
61.849
 10
37.48616666666666
 20
61.6585
 10
37.48616666666666
 20
61.467999999999996
 10
37.5285
 20
61.341
 10
37.5285
 20
61.19283333333333
 10
37.48616666666666
 20
61.086999999999996
 10
37.48616666666666
 20
61.00233333333333
 10
37.48616666666666
 20
60.938833333333335
 10
37.48616666666666
 20
60.579
 10
37.5285
 20
60.515499999999996
 10
37.5285
 20
60.43083333333333
 10
37.507333333333335
 20
60.367333333333335
 10
37.464999999999996
 20
60.2615
 10
37.464999999999996
 20
59.92283333333333
 10
37.507333333333335
 20
59.817
 10
37.507333333333335
 20
59.73233333333333
 10
37.464999999999996
 20
59.647666666666666
 10
37.44383333333333
 20
59.457166666666666
 10
37.44383333333333
 20
59.309
 10
37.464999999999996
 20
58.6105
 10
37.48616666666666
 20
58.547
 10
37.48616666666666
 20
58.4835
 10
37.48616666666666
 20
58.44116666666667
 10
37.44383333333333
 20
58.37766666666666
 10
37.422666666666665
 20
58.314166666666665
 10
37.422666666666665
 20
57.99666666666666
 10
37.44383333333333
 20
57.933166666666665
 10
37.507333333333335
 20
57.82733333333333
 10
37.507333333333335
 20
57.76383333333333
 10
37.4015
 20
57.67916666666667
 10
37.38033333333333
 20
57.63683333333333
 10
37.38033333333333
 20
57.57333333333333
 10
37.4015
 20
57.403999999999996
 10
37.35916666666667
 20
57.3405
 10
37.35916666666667
 20
57.19233333333333
 10
37.4015
 20
57.10766666666667
 10
37.38033333333333
 20
56.93833333333333
 10
37.4015
 20
56.832499999999996
 10
37.4015
 20
56.769
 10
37.38033333333333
 20
56.66316666666666
 10
37.422666666666665
 20
56.5785
 10
37.422666666666665
 20
56.47266666666666
 10
37.4015
 20
56.134
 10
37.338
 20
56.028166666666664
 10
37.338
 20
55.922333333333334
 10
37.38033333333333
 20
55.753
 10
37.38033333333333
 20
55.60483333333333
 10
37.38033333333333
 20
55.41433333333333
 10
37.38033333333333
 20
55.308499999999995
 10
37.338
 20
55.245
 10
37.35916666666667
 20
54.90633333333333
 10
37.35916666666667
 20
54.821666666666665
 10
37.338
 20
54.31366666666666
 10
37.29566666666666
 20
54.1655
 10
37.29566666666666
 20
54.12316666666666
 10
37.338
 20
53.80566666666667
 10
37.338
 20
53.61516666666667
 10
37.29566666666666
 20
53.488166666666665
 10
37.29566666666666
 20
53.31883333333333
 10
37.316833333333335
 20
53.23416666666667
 10
37.316833333333335
 20
53.17066666666666
 10
37.316833333333335
 20
53.107166666666664
 10
37.274499999999996
 20
53.001333333333335
 10
37.274499999999996
 20
52.87433333333333
 10
37.29566666666666
 20
52.535666666666664
 10
37.274499999999996
 20
52.239333333333335
 10
37.232166666666664
 20
52.154666666666664
 10
37.232166666666664
 20
52.091166666666666
 10
37.232166666666664
 20
52.02766666666667
 10
37.232166666666664
 20
51.92183333333333
 10
37.18983333333333
 20
51.79483333333333
 10
37.211
 20
51.519666666666666
 10
37.211
 20
51.477333333333334
 10
37.18983333333333
 20
51.329166666666666
 10
37.232166666666664
 20
51.244499999999995
 10
37.232166666666664
 20
51.138666666666666
 10
37.274499999999996
 20
51.054
 10
37.338
 20
50.9905
 10
37.338
 20
50.948166666666665
 10
37.316833333333335
 20
50.905833333333334
 10
37.274499999999996
 20
50.8635
 10
37.25333333333333
 20
50.82116666666666
 10
37.232166666666664
 20
50.757666666666665
 10
37.211
 20
50.69416666666667
 10
37.211
 20
50.46133333333333
 10
37.25333333333333
 20
50.3555
 10
37.25333333333333
 20
50.24966666666666
 10
37.232166666666664
 20
50.01683333333333
 10
37.18983333333333
 20
49.911
 10
37.18983333333333
 20
49.76283333333333
 10
37.232166666666664
 20
49.67816666666666
 10
37.232166666666664
 20
49.614666666666665
 10
37.232166666666664
 20
49.55116666666667
 10
37.211
 20
49.44533333333333
 10
37.211
 20
49.318333333333335
 10
37.25333333333333
 20
49.25483333333333
 10
37.25333333333333
 20
49.2125
 10
37.18983333333333
 20
49.10666666666666
 10
37.16866666666667
 20
49.043166666666664
 10
37.16866666666667
 20
48.704499999999996
 10
37.211
 20
48.323499999999996
 10
37.211
 20
48.281166666666664
 10
37.16866666666667
 20
47.900166666666664
 10
37.16866666666667
 20
47.77316666666667
 10
37.211
 20
47.6885
 10
37.211
 20
47.646166666666666
 10
37.18983333333333
 20
47.58266666666667
 10
37.1475
 20
47.54033333333333
 10
37.126333333333335
 20
47.47683333333333
 10
37.126333333333335
 20
47.28633333333333
 10
37.16866666666667
 20
47.117
 10
37.16866666666667
 20
46.94766666666666
 10
37.1475
 20
46.65133333333333
 10
37.126333333333335
 20
46.33383333333333
 10
37.083999999999996
 20
46.20683333333333
 10
37.126333333333335
 20
46.05866666666667
 10
37.1475
 20
45.825833333333335
 10
37.1475
 20
45.741166666666665
 10
37.10516666666667
 20
45.635333333333335
 10
37.10516666666667
 20
45.42366666666666
 10
37.06283333333333
 20
45.360166666666665
 10
37.083999999999996
 20
45.169666666666664
 10
37.083999999999996
 20
45.04266666666666
 10
37.041666666666664
 20
44.873333333333335
 10
37.041666666666664
 20
44.449999999999996
 10
37.083999999999996
 20
44.36533333333333
 10
37.083999999999996
 20
44.259499999999996
 10
37.06283333333333
 20
44.196
 10
37.0205
 20
44.09016666666667
 10
37.0205
 20
43.878499999999995
 10
37.06283333333333
 20
43.47633333333333
 10
37.06283333333333
 20
43.32816666666667
 10
37.0205
 20
43.2435
 10
36.99933333333333
 20
42.88366666666666
 10
37.0205
 20
42.672
 10
37.0205
 20
42.56616666666667
 10
36.97816666666667
 20
42.46033333333333
 10
36.97816666666667
 20
42.3545
 10
36.99933333333333
 20
42.01583333333333
 10
36.99933333333333
 20
41.42316666666667
 10
36.99933333333333
 20
41.275
 10
36.97816666666667
 20
41.06333333333333
 10
37.0205
 20
40.97866666666667
 10
37.0205
 20
40.894
 10
36.99933333333333
 20
40.8305
 10
36.957
 20
40.766999999999996
 10
36.935833333333335
 20
40.7035
 10
36.957
 20
40.470666666666666
 10
36.957
 20
40.30133333333333
 10
36.957
 20
40.0685
 10
36.957
 20
39.9415
 10
36.91466666666667
 20
39.83566666666667
 10
36.935833333333335
 20
39.45466666666667
 10
36.935833333333335
 20
39.285333333333334
 10
36.893499999999996
 20
39.15833333333333
 10
36.893499999999996
 20
38.354
 10
36.935833333333335
 20
38.1635
 10
36.935833333333335
 20
38.0365
 10
36.893499999999996
 20
37.9095
 10
36.893499999999996
 20
37.7825
 10
36.91466666666667
 20
37.57083333333333
 10
36.87233333333333
 20
37.274499999999996
 10
36.893499999999996
 20
36.851166666666664
 10
36.893499999999996
 20
36.72416666666667
 10
36.893499999999996
 20
36.406666666666666
 10
36.893499999999996
 20
36.173833333333334
 10
36.851166666666664
 20
36.089166666666664
 10
36.851166666666664
 20
35.898666666666664
 10
36.893499999999996
 20
35.6235
 10
36.893499999999996
 20
35.47533333333333
 10
36.87233333333333
 20
35.052
 10
36.83
 20
34.77683333333333
 10
36.851166666666664
 20
34.036
 10
36.851166666666664
 20
33.930166666666665
 10
36.83
 20
33.824333333333335
 10
36.78766666666667
 20
33.7185
 10
36.78766666666667
 20
33.549166666666665
 10
36.83
 20
33.443333333333335
 10
36.83
 20
33.37983333333333
 10
36.80883333333333
 20
33.29516666666667
 10
36.83
 20
32.9565
 10
36.80883333333333
 20
32.533166666666666
 10
36.7665
 20
32.1945
 10
36.78766666666667
 20
31.496
 10
36.78766666666667
 20
31.432499999999997
 10
36.745333333333335
 20
31.347833333333334
 10
36.745333333333335
 20
31.1785
 10
36.7665
 20
30.988
 10
36.80883333333333
 20
30.9245
 10
36.83
 20
30.861
 10
36.83
 20
30.733999999999998
 10
36.851166666666664
 20
30.64933333333333
 10
36.893499999999996
 20
30.543499999999998
 10
36.91466666666667
 20
30.48
 10
36.935833333333335
 20
30.395333333333333
 10
36.935833333333335
 20
30.331833333333332
 10
36.935833333333335
 20
30.26833333333333
 10
36.935833333333335
 20
30.226
 10
36.957
 20
30.183666666666667
 10
37.041666666666664
 20
30.099
 10
37.06283333333333
 20
30.056666666666665
 10
37.083999999999996
 20
29.993166666666667
 10
37.083999999999996
 20
29.950833333333332
 10
37.1475
 20
29.845
 10
37.1475
 20
29.739166666666666
 10
37.16866666666667
 20
29.6545
 10
37.18983333333333
 20
29.590999999999998
 10
37.211
 20
29.5275
 10
37.29566666666666
 20
29.358166666666666
 10
37.44383333333333
 20
29.21
 10
37.48616666666666
 20
29.1465
 10
37.507333333333335
 20
29.083
 10
37.63433333333333
 20
28.956
 10
37.655499999999996
 20
28.8925
 10
37.697833333333335
 20
28.850166666666667
 10
37.74016666666667
 20
28.744333333333334
 10
37.7825
 20
28.680833333333332
 10
37.82483333333333
 20
28.6385
 10
37.973
 20
28.575
 10
38.05766666666666
 20
28.490333333333332
 10
38.078833333333336
 20
28.448
 10
38.078833333333336
 20
28.405666666666665
 10
38.14233333333333
 20
28.342166666666667
 10
38.184666666666665
 20
28.320999999999998
 10
38.24816666666666
 20
28.320999999999998
 10
38.31166666666667
 20
28.299833333333332
 10
38.375166666666665
 20
28.2575
 10
38.43866666666666
 20
28.194
 10
38.608
 20
28.088166666666666
 10
38.6715
 20
28.024666666666665
 10
38.71383333333333
 20
28.0035
 10
38.7985
 20
27.982333333333333
 10
38.88316666666667
 20
27.982333333333333
 10
38.946666666666665
 20
27.961166666666667
 10
39.116
 20
27.8765
 10
39.15833333333333
 20
27.834166666666665
 10
39.22183333333333
 20
27.791833333333333
 10
39.26416666666667
 20
27.770666666666667
 10
39.327666666666666
 20
27.749499999999998
 10
39.39116666666666
 20
27.72833333333333
 10
39.497
 20
27.707166666666666
 10
39.624
 20
27.686
 10
39.72983333333333
 20
27.664833333333334
 10
39.878
 20
27.664833333333334
 10
39.962666666666664
 20
27.6225
 10
40.153166666666664
 20
27.6225
 10
40.259
 20
27.580166666666667
 10
40.68233333333333
 20
27.580166666666667
 10
40.97866666666667
 20
27.601333333333333
 10
41.105666666666664
 20
27.643666666666665
 10
41.296166666666664
 20
27.643666666666665
 10
41.402
 20
27.664833333333334
 10
41.4655
 20
27.707166666666666
 10
41.528999999999996
 20
27.707166666666666
 10
41.677166666666665
 20
27.791833333333333
 10
41.82533333333333
 20
27.791833333333333
 10
41.93116666666666
 20
27.897666666666666
 10
41.99466666666667
 20
27.939999999999998
 10
42.058166666666665
 20
27.939999999999998
 10
42.142833333333336
 20
27.961166666666667
 10
42.18516666666667
 20
27.982333333333333
 10
42.2275
 20
28.024666666666665
 10
42.26983333333333
 20
28.067
 10
42.31216666666666
 20
28.109333333333332
 10
42.37566666666667
 20
28.130499999999998
 10
42.439166666666665
 20
28.172833333333333
 10
42.58733333333333
 20
28.320999999999998
 10
42.629666666666665
 20
28.342166666666667
 10
42.7355
 20
28.3845
 10
42.8625
 20
28.532666666666668
 10
42.94716666666667
 20
28.575
 10
43.22233333333333
 20
28.829
 10
43.28583333333333
 20
28.8925
 10
43.28583333333333
 20
28.956
 10
43.3705
 20
29.125333333333334
 10
43.51866666666667
 20
29.2735
 10
43.539833333333334
 20
29.315833333333334
 10
43.561
 20
29.37933333333333
 10
43.582166666666666
 20
29.442833333333333
 10
43.582166666666666
 20
29.485166666666665
 10
43.60333333333333
 20
29.548666666666666
 10
43.730333333333334
 20
29.675666666666665
 10
43.79383333333333
 20
29.802666666666667
 10
43.79383333333333
 20
29.887333333333334
 10
43.815
 20
29.950833333333332
 10
43.85733333333333
 20
30.014333333333333
 10
43.920833333333334
 20
30.07783333333333
 10
43.963166666666666
 20
30.162499999999998
 10
43.98433333333333
 20
30.226
 10
44.0055
 20
30.2895
 10
44.0055
 20
30.374166666666667
 10
43.98433333333333
 20
30.501166666666666
 10
44.026666666666664
 20
30.543499999999998
 10
44.04783333333333
 20
30.585833333333333
 10
44.068999999999996
 20
30.64933333333333
 10
44.068999999999996
 20
31.115
 10
44.111333333333334
 20
31.326666666666664
 10
44.09016666666667
 20
31.5595
 10
44.09016666666667
 20
31.728833333333334
 10
44.1325
 20
31.792333333333332
 10
44.1325
 20
32.04633333333333
 10
44.17483333333333
 20
32.152166666666666
 10
44.17483333333333
 20
32.23683333333333
 10
44.153666666666666
 20
32.42733333333333
 10
44.111333333333334
 20
32.512
 10
44.111333333333334
 20
32.61783333333333
 10
44.1325
 20
32.681333333333335
 10
44.17483333333333
 20
32.766
 10
44.153666666666666
 20
32.99883333333333
 10
44.153666666666666
 20
33.147
 10
44.196
 20
33.210499999999996
 10
44.23833333333333
 20
33.252833333333335
 10
44.23833333333333
 20
33.358666666666664
 10
44.196
 20
33.443333333333335
 10
44.153666666666666
 20
33.48566666666667
 10
44.153666666666666
 20
33.549166666666665
 10
44.196
 20
33.591499999999996
 10
44.217166666666664
 20
33.655
 10
44.217166666666664
 20
33.69733333333333
 10
44.196
 20
33.909
 10
44.196
 20
33.9725
 10
44.196
 20
34.05716666666667
 10
44.217166666666664
 20
34.163
 10
44.196
 20
34.29
 10
44.217166666666664
 20
34.43816666666667
 10
44.17483333333333
 20
34.52283333333333
 10
44.17483333333333
 20
34.671
 10
44.217166666666664
 20
34.81916666666667
 10
44.217166666666664
 20
35.073166666666665
 10
44.23833333333333
 20
35.306
 10
44.28066666666667
 20
35.51766666666666
 10
44.259499999999996
 20
36.04683333333333
 10
44.28066666666667
 20
36.195
 10
44.28066666666667
 20
36.30083333333333
 10
44.259499999999996
 20
36.49133333333333
 10
44.301833333333335
 20
36.576
 10
44.323
 20
36.68183333333333
 10
44.323
 20
36.72416666666667
 10
44.301833333333335
 20
36.87233333333333
 10
44.301833333333335
 20
36.935833333333335
 10
44.323
 20
37.06283333333333
 10
44.301833333333335
 20
37.211
 10
44.301833333333335
 20
37.29566666666666
 10
44.344166666666666
 20
37.4015
 10
44.344166666666666
 20
37.5285
 10
44.323
 20
37.95183333333333
 10
44.36533333333333
 20
38.05766666666666
 10
44.36533333333333
 20
38.1635
 10
44.344166666666666
 20
38.459833333333336
 10
44.301833333333335
 20
38.58683333333333
 10
44.301833333333335
 20
38.71383333333333
 10
44.344166666666666
 20
38.904333333333334
 10
44.344166666666666
 20
39.1795
 10
44.323
 20
39.41233333333333
 10
44.323
 20
39.475833333333334
 10
44.323
 20
39.53933333333333
 10
44.36533333333333
 20
39.624
 10
44.36533333333333
 20
39.72983333333333
 10
44.323
 20
39.9415
 10
44.323
 20
40.004999999999995
 10
44.36533333333333
 20
40.11083333333333
 10
44.344166666666666
 20
40.3225
 10
44.344166666666666
 20
40.385999999999996
 10
44.344166666666666
 20
40.64
 10
44.344166666666666
 20
40.766999999999996
 10
44.36533333333333
 20
40.97866666666667
 10
44.323
 20
41.0845
 10
44.323
 20
41.12683333333333
 10
44.344166666666666
 20
41.190333333333335
 10
44.3865
 20
41.25383333333333
 10
44.3865
 20
41.338499999999996
 10
44.36533333333333
 20
41.61366666666667
 10
44.407666666666664
 20
41.82533333333333
 10
44.407666666666664
 20
41.91
 10
44.407666666666664
 20
42.1005
 10
44.407666666666664
 20
42.18516666666667
 10
44.36533333333333
 20
42.39683333333333
 10
44.36533333333333
 20
42.439166666666665
 10
44.3865
 20
42.94716666666667
 10
44.42883333333333
 20
43.09533333333333
 10
44.449999999999996
 20
43.26466666666666
 10
44.449999999999996
 20
43.41283333333333
 10
44.407666666666664
 20
43.836166666666664
 10
44.407666666666664
 20
44.217166666666664
 10
44.42883333333333
 20
44.28066666666667
 10
44.47116666666667
 20
44.323
 10
44.47116666666667
 20
44.5135
 10
44.42883333333333
 20
45.00033333333333
 10
44.449999999999996
 20
45.12733333333333
 10
44.47116666666667
 20
45.2755
 10
44.492333333333335
 20
45.31783333333333
 10
44.492333333333335
 20
45.67766666666667
 10
44.492333333333335
 20
45.825833333333335
 10
44.47116666666667
 20
46.0375
 10
44.492333333333335
 20
46.355
 10
44.534666666666666
 20
46.43966666666667
 10
44.55583333333333
 20
46.503166666666665
 10
44.55583333333333
 20
46.56666666666666
 10
44.534666666666666
 20
46.65133333333333
 10
44.534666666666666
 20
46.71483333333333
 10
44.55583333333333
 20
46.77833333333333
 10
44.55583333333333
 20
46.90533333333333
 10
44.5135
 20
47.032333333333334
 10
44.5135
 20
47.117
 10
44.55583333333333
 20
47.20166666666667
 10
44.577
 20
47.265166666666666
 10
44.577
 20
47.3075
 10
44.55583333333333
 20
47.47683333333333
 10
44.55583333333333
 20
47.77316666666667
 10
44.55583333333333
 20
47.900166666666664
 10
44.55583333333333
 20
48.15416666666667
 10
44.55583333333333
 20
48.217666666666666
 10
44.577
 20
48.365833333333335
 10
44.61933333333333
 20
48.49283333333333
 10
44.598166666666664
 20
48.641
 10
44.61933333333333
 20
48.87383333333333
 10
44.577
 20
48.937333333333335
 10
44.55583333333333
 20
48.97966666666667
 10
44.55583333333333
 20
49.17016666666667
 10
44.598166666666664
 20
49.275999999999996
 10
44.598166666666664
 20
49.57233333333333
 10
44.61933333333333
 20
49.76283333333333
 10
44.66166666666667
 20
49.82633333333333
 10
44.66166666666667
 20
49.911
 10
44.61933333333333
 20
50.165
 10
44.61933333333333
 20
50.33433333333333
 10
44.66166666666667
 20
50.39783333333333
 10
44.682833333333335
 20
50.4825
 10
44.704
 20
50.65183333333333
 10
44.704
 20
50.88466666666667
 10
44.534666666666666
 20
51.054
 10
44.5135
 20
51.138666666666666
 10
44.5135
 20
51.22333333333333
 10
44.55583333333333
 20
51.308
 10
44.598166666666664
 20
51.35033333333333
 10
44.61933333333333
 20
51.39266666666666
 10
44.61933333333333
 20
51.434999999999995
 10
44.682833333333335
 20
51.54083333333333
 10
44.704
 20
51.625499999999995
 10
44.704
 20
51.689
 10
44.682833333333335
 20
52.006499999999996
 10
44.61933333333333
 20
52.11233333333333
 10
44.61933333333333
 20
52.2605
 10
44.66166666666667
 20
52.324
 10
44.682833333333335
 20
52.429833333333335
 10
44.704
 20
52.59916666666666
 10
44.682833333333335
 20
52.916666666666664
 10
44.682833333333335
 20
53.107166666666664
 10
44.72516666666667
 20
53.2765
 10
44.72516666666667
 20
53.4035
 10
44.704
 20
53.82683333333333
 10
44.74633333333333
 20
53.9115
 10
44.7675
 20
54.12316666666666
 10
44.7675
 20
54.20783333333333
 10
44.704
 20
54.31366666666666
 10
44.704
 20
54.39833333333333
 10
44.704
 20
54.46183333333333
 10
44.704
 20
54.5465
 10
44.72516666666667
 20
54.61
 10
44.7675
 20
54.69466666666666
 10
44.7675
 20
54.8005
 10
44.74633333333333
 20
55.393166666666666
 10
44.788666666666664
 20
55.45666666666666
 10
44.788666666666664
 20
55.5625
 10
44.74633333333333
 20
55.626
 10
44.74633333333333
 20
55.8165
 10
44.788666666666664
 20
55.90116666666667
 10
44.788666666666664
 20
56.028166666666664
 10
44.7675
 20
56.070499999999996
 10
44.72516666666667
 20
56.112833333333334
 10
44.72516666666667
 20
56.218666666666664
 10
44.7675
 20
56.260999999999996
 10
44.80983333333333
 20
56.345666666666666
 10
44.80983333333333
 20
56.451499999999996
 10
44.7675
 20
56.641999999999996
 10
44.7675
 20
56.72666666666667
 10
44.80983333333333
 20
56.81133333333333
 10
44.788666666666664
 20
56.91716666666667
 10
44.788666666666664
 20
56.980666666666664
 10
44.830999999999996
 20
57.065333333333335
 10
44.85216666666666
 20
57.403999999999996
 10
44.85216666666666
 20
57.8485
 10
44.85216666666666
 20
57.912
 10
44.873333333333335
 20
58.123666666666665
 10
44.873333333333335
 20
58.27183333333333
 10
44.85216666666666
 20
58.90683333333333
 10
44.873333333333335
 20
59.224333333333334
 10
44.91566666666667
 20
59.52066666666666
 10
44.91566666666667
 20
59.69
 10
44.873333333333335
 20
59.795833333333334
 10
44.873333333333335
 20
59.943999999999996
 10
44.91566666666667
 20
60.028666666666666
 10
44.91566666666667
 20
60.134499999999996
 10
44.8945
 20
60.2615
 10
44.93683333333333
 20
60.3885
 10
44.91566666666667
 20
60.68483333333333
 10
44.91566666666667
 20
60.7695
 10
44.93683333333333
 20
61.044666666666664
 10
44.91566666666667
 20
61.74316666666667
 10
44.958
 20
61.849
 10
44.958
 20
61.93366666666667
 10
44.958
 20
62.06066666666666
 10
44.958
 20
62.103
 10
44.91566666666667
 20
62.25116666666666
 10
44.91566666666667
 20
62.44166666666666
 10
44.958
 20
62.8015
 10
44.958
 20
63.01316666666666
 10
44.91566666666667
 20
63.373
 10
44.91566666666667
 20
63.521166666666666
 10
44.93683333333333
 20
63.584666666666664
 10
44.979166666666664
 20
63.669333333333334
 10
44.979166666666664
 20
63.9445
 10
44.93683333333333
 20
64.02916666666667
 10
44.93683333333333
 20
64.15616666666666
 10
44.979166666666664
 20
64.262
 10
44.979166666666664
 20
64.4525
 10
44.958
 20
64.66416666666666
 10
44.979166666666664
 20
65.024
 10
45.00033333333333
 20
65.12983333333334
 10
45.00033333333333
 20
65.19333333333333
 10
44.979166666666664
 20
65.32033333333334
 10
44.979166666666664
 20
65.42616666666666
 10
45.00033333333333
 20
65.57433333333333
 10
45.00033333333333
 20
65.786
 10
45.00033333333333
 20
65.82833333333333
 10
44.979166666666664
 20
66.39983333333333
 10
45.00033333333333
 20
66.84433333333334
 10
45.04266666666666
 20
66.99249999999999
 10
45.04266666666666
 20
67.16183333333333
 10
45.00033333333333
 20
67.52166666666666
 10
45.00033333333333
 20
67.66983333333333
 10
45.00033333333333
 20
67.8815
 10
45.00033333333333
 20
67.92383333333333
 10
45.04266666666666
 20
68.0085
 10
45.063833333333335
 20
68.2625
 10
45.063833333333335
 20
68.36833333333333
 10
45.04266666666666
 20
68.66466666666666
 10
45.063833333333335
 20
68.7705
 10
45.063833333333335
 20
68.834
 10
45.04266666666666
 20
68.91866666666667
 10
45.063833333333335
 20
69.17266666666667
 10
45.063833333333335
 20
69.29966666666667
 10
45.04266666666666
 20
69.469
 10
45.063833333333335
 20
69.5325
 10
45.10616666666667
 20
69.61716666666666
 10
45.10616666666667
 20
70.33683333333333
 10
45.1485
 20
70.63316666666667
 10
45.1485
 20
70.69666666666666
 10
45.1485
 20
70.88716666666666
 10
45.1485
 20
71.01416666666667
 10
45.12733333333333
 20
71.0565
 10
45.085
 20
71.09883333333333
 10
45.04266666666666
 20
71.1835
 10
45.021499999999996
 20
71.247
 10
45.021499999999996
 20
71.35283333333334
 10
45.04266666666666
 20
71.45866666666666
 10
45.063833333333335
 20
71.52216666666666
 10
45.12733333333333
 20
71.628
 10
45.12733333333333
 20
72.26299999999999
 10
45.085
 20
72.36883333333333
 10
45.085
 20
72.41116666666666
 10
45.10616666666667
 20
72.47466666666666
 10
45.1485
 20
72.5805
 10
45.169666666666664
 20
72.94033333333333
 10
45.169666666666664
 20
73.00383333333333
 10
45.1485
 20
73.279
 10
45.19083333333333
 20
73.49066666666667
 10
45.169666666666664
 20
73.78699999999999
 10
45.169666666666664
 20
73.89283333333333
 10
45.211999999999996
 20
73.97749999999999
 10
45.211999999999996
 20
74.01983333333334
 10
45.169666666666664
 20
74.08333333333333
 10
45.1485
 20
74.14683333333333
 10
45.1485
 20
74.21033333333334
 10
45.19083333333333
 20
74.52783333333333
 10
45.19083333333333
 20
74.63366666666667
 10
45.169666666666664
 20
74.73949999999999
 10
45.169666666666664
 20
74.803
 10
45.169666666666664
 20
74.8665
 10
45.211999999999996
 20
74.95116666666667
 10
45.211999999999996
 20
75.01466666666667
 10
45.169666666666664
 20
75.09933333333333
 10
45.169666666666664
 20
75.16283333333332
 10
45.211999999999996
 20
75.22633333333333
 10
45.23316666666666
 20
75.28983333333333
 10
45.23316666666666
 20
75.35333333333332
 10
45.211999999999996
 20
75.5015
 10
45.254333333333335
 20
75.60733333333333
 10
45.2755
 20
76.09416666666667
 10
45.2755
 20
76.68683333333333
 10
45.2755
 20
76.75033333333333
 10
45.254333333333335
 20
77.04666666666667
 10
45.254333333333335
 20
77.216
 10
45.2755
 20
77.87216666666666
 10
45.2755
 20
77.93566666666666
 10
45.2755
 20
78.18966666666667
 10
45.2755
 20
78.25316666666666
 10
45.29666666666667
 20
78.38016666666667
 10
45.2755
 20
78.9305
 10
45.2755
 20
79.1845
 10
45.29666666666667
 20
80.03116666666666
 10
45.339
 20
80.30633333333333
 10
45.339
 20
80.39099999999999
 10
45.31783333333333
 20
80.60266666666666
 10
45.31783333333333
 20
81.06833333333333
 10
45.31783333333333
 20
81.2165
 10
45.360166666666665
 20
81.32233333333333
 10
45.360166666666665
 20
81.38583333333334
 10
45.31783333333333
 20
81.4705
 10
45.339
 20
81.70333333333333
 10
45.339
 20
81.89383333333333
 10
45.31783333333333
 20
82.21133333333333
 10
45.360166666666665
 20
82.6135
 10
45.360166666666665
 20
82.931
 10
45.339
 20
83.29083333333332
 10
45.38133333333333
 20
83.39666666666666
 10
45.402499999999996
 20
83.566
 10
45.42366666666666
 20
84.15866666666666
 10
45.402499999999996
 20
84.81483333333333
 10
45.402499999999996
 20
84.94183333333334
 10
45.42366666666666
 20
85.1535
 10
45.38133333333333
 20
85.23816666666666
 10
45.38133333333333
 20
85.30166666666666
 10
45.402499999999996
 20
85.36516666666667
 10
45.444833333333335
 20
85.42866666666666
 10
45.42366666666666
 20
85.64033333333333
 10
45.42366666666666
 20
85.76733333333333
 10
45.48716666666667
 20
85.87316666666666
 10
45.48716666666667
 20
86.06366666666666
 10
45.48716666666667
 20
86.614
 10
45.466
 20
87.03733333333334
 10
45.466
 20
87.10083333333333
 10
45.48716666666667
 20
87.18549999999999
 10
45.5295
 20
87.27016666666667
 10
45.5295
 20
87.37599999999999
 10
45.5295
 20
87.58766666666666
 10
45.5295
 20
87.63
 10
45.50833333333333
 20
87.84166666666667
 10
45.550666666666665
 20
87.94749999999999
 10
45.550666666666665
 20
88.05333333333333
 10
45.50833333333333
 20
88.2015
 10
45.50833333333333
 20
88.30733333333333
 10
45.550666666666665
 20
88.392
 10
45.550666666666665
 20
88.4555
 10
45.550666666666665
 20
88.62483333333333
 10
45.550666666666665
 20
88.68833333333333
 10
45.50833333333333
 20
88.94233333333334
 10
45.50833333333333
 20
89.25983333333333
 10
45.550666666666665
 20
89.3445
 10
45.550666666666665
 20
90.12766666666667
 10
45.5295
 20
90.297
 10
45.48716666666667
 20
90.33933333333333
 10
45.466
 20
90.38166666666666
 10
45.466
 20
90.42399999999999
 10
45.5295
 20
90.4875
 10
45.57183333333333
 20
90.57216666666666
 10
45.57183333333333
 20
90.69916666666667
 10
45.550666666666665
 20
90.84733333333332
 10
45.592999999999996
 20
90.932
 10
45.592999999999996
 20
91.16483333333333
 10
45.592999999999996
 20
91.22833333333332
 10
45.592999999999996
 20
91.5035
 10
45.550666666666665
 20
91.58816666666667
 10
45.550666666666665
 20
91.948
 10
45.5295
 20
91.99033333333333
 10
45.48716666666667
 20
92.03266666666667
 10
45.466
 20
92.075
 10
45.48716666666667
 20
92.11733333333333
 10
45.50833333333333
 20
92.15966666666667
 10
45.550666666666665
 20
92.202
 10
45.57183333333333
 20
92.2655
 10
45.592999999999996
 20
92.37133333333333
 10
45.592999999999996
 20
93.218
 10
45.635333333333335
 20
93.42966666666666
 10
45.6565
 20
93.726
 10
45.6565
 20
94.00116666666666
 10
45.635333333333335
 20
94.91133333333333
 10
45.67766666666667
 20
94.97483333333334
 10
45.69883333333333
 20
95.0595
 10
45.67766666666667
 20
95.22883333333333
 10
45.67766666666667
 20
95.27116666666666
 10
45.69883333333333
 20
95.377
 10
45.69883333333333
 20
95.4405
 10
45.69883333333333
 20
95.69449999999999
 10
45.69883333333333
 20
96.30833333333334
 10
45.69883333333333
 20
96.52
 10
45.69883333333333
 20
96.5835
 10
45.67766666666667
 20
96.64699999999999
 10
45.635333333333335
 20
96.66816666666666
 10
45.635333333333335
 20
96.75283333333333
 10
45.67766666666667
 20
96.79516666666666
 10
45.741166666666665
 20
96.85866666666666
 10
45.76233333333333
 20
96.92216666666667
 10
45.741166666666665
 20
97.155
 10
45.76233333333333
 20
97.59949999999999
 10
45.7835
 20
97.68416666666667
 10
45.7835
 20
97.74766666666666
 10
45.76233333333333
 20
98.14983333333333
 10
45.76233333333333
 20
98.27683333333333
 10
45.80466666666666
 20
98.70016666666666
 10
45.80466666666666
 20
98.806
 10
45.7835
 20
99.06
 10
45.7835
 20
99.12349999999999
 10
45.7835
 20
99.35633333333332
 10
45.825833333333335
 20
99.48333333333333
 10
45.847
 20
100.05483333333333
 10
45.847
 20
100.37233333333333
 10
45.825833333333335
 20
100.62633333333333
 10
45.825833333333335
 20
100.73216666666666
 10
45.86816666666667
 20
100.98616666666666
 10
45.86816666666667
 20
101.1555
 10
45.825833333333335
 20
101.57883333333334
 10
45.825833333333335
 20
101.727
 10
45.86816666666667
 20
101.7905
 10
45.88933333333333
 20
101.89633333333333
 10
45.88933333333333
 20
102.0445
 10
45.847
 20
102.12916666666666
 10
45.847
 20
102.27733333333333
 10
45.88933333333333
 20
102.40433333333333
 10
45.9105
 20
102.9335
 10
45.9105
 20
103.08166666666666
 10
45.9105
 20
103.52616666666667
 10
45.9105
 20
103.5685
 10
45.88933333333333
 20
103.73783333333333
 10
45.88933333333333
 20
104.20349999999999
 10
45.88933333333333
 20
104.43633333333334
 10
45.931666666666665
 20
105.32533333333333
 10
45.931666666666665
 20
105.76983333333332
 10
45.88933333333333
 20
105.87566666666666
 10
45.931666666666665
 20
106.02383333333333
 10
45.931666666666665
 20
106.553
 10
45.88933333333333
 20
106.72233333333332
 10
45.931666666666665
 20
106.82816666666666
 10
45.931666666666665
 20
107.2515
 10
45.974
 20
107.3785
 10
45.99516666666666
 20
107.67483333333332
 10
45.974
 20
107.84416666666667
 10
45.974
 20
107.90766666666666
 10
45.99516666666666
 20
107.99233333333333
 10
45.95283333333333
 20
108.077
 10
45.95283333333333
 20
108.18283333333333
 10
45.99516666666666
 20
108.24633333333333
 10
46.016333333333336
 20
108.35216666666666
 10
46.016333333333336
 20
108.54266666666666
 10
45.974
 20
108.75433333333334
 10
45.95283333333333
 20
108.98716666666667
 10
45.95283333333333
 20
109.22
 10
45.95283333333333
 20
109.2835
 10
45.95283333333333
 20
109.4105
 10
45.974
 20
109.474
 10
46.016333333333336
 20
109.55866666666667
 10
46.0375
 20
109.62216666666666
 10
46.0375
 20
109.81266666666666
 10
46.016333333333336
 20
110.15133333333333
 10
46.05866666666667
 20
110.32066666666667
 10
46.05866666666667
 20
110.363
 10
46.05866666666667
 20
110.72283333333333
 10
46.05866666666667
 20
110.871
 10
46.016333333333336
 20
111.01916666666666
 10
46.016333333333336
 20
111.10383333333333
 10
46.0375
 20
111.56949999999999
 10
46.016333333333336
 20
111.65416666666667
 10
45.95283333333333
 20
111.75999999999999
 10
45.931666666666665
 20
111.8235
 10
45.931666666666665
 20
111.887
 10
45.9105
 20
111.92933333333333
 10
45.86816666666667
 20
111.97166666666666
 10
45.86816666666667
 20
112.09866666666666
 10
45.88933333333333
 20
112.31033333333333
 10
45.86816666666667
 20
112.37383333333334
 10
45.825833333333335
 20
112.4585
 10
45.825833333333335
 20
112.56433333333332
 10
45.80466666666666
 20
112.62783333333333
 10
45.76233333333333
 20
112.69133333333333
 10
45.6565
 20
112.79716666666667
 10
45.61416666666666
 20
112.90299999999999
 10
45.57183333333333
 20
112.94533333333332
 10
45.5295
 20
113.03
 10
45.50833333333333
 20
113.09349999999999
 10
45.50833333333333
 20
113.17816666666667
 10
45.48716666666667
 20
113.2205
 10
45.42366666666666
 20
113.28399999999999
 10
45.31783333333333
 20
113.36866666666667
 10
45.29666666666667
 20
113.411
 10
45.29666666666667
 20
113.45333333333333
 10
45.2755
 20
113.49566666666666
 10
45.254333333333335
 20
113.538
 10
45.211999999999996
 20
113.6015
 10
45.12733333333333
 20
113.66499999999999
 10
45.04266666666666
 20
113.70733333333332
 10
44.958
 20
113.792
 10
44.830999999999996
 20
113.94016666666667
 10
44.74633333333333
 20
113.9825
 10
44.704
 20
113.9825
 10
44.66166666666667
 20
114.02483333333333
 10
44.640499999999996
 20
114.08833333333332
 10
44.598166666666664
 20
114.13066666666667
 10
44.492333333333335
 20
114.173
 10
44.36533333333333
 20
114.3
 10
44.28066666666667
 20
114.3635
 10
44.217166666666664
 20
114.38466666666666
 10
44.1325
 20
114.38466666666666
 10
44.09016666666667
 20
114.40583333333333
 10
44.026666666666664
 20
114.46933333333332
 10
43.942
 20
114.51166666666667
 10
43.89966666666667
 20
114.51166666666667
 10
43.815
 20
114.554
 10
43.66683333333333
 20
114.70216666666667
 10
43.6245
 20
114.72333333333333
 10
43.4975
 20
114.72333333333333
 10
43.349333333333334
 20
114.80799999999999
 10
43.201166666666666
 20
114.82916666666667
 10
43.07416666666666
 20
114.85033333333332
 10
42.926
 20
114.85033333333332
 10
42.8625
 20
114.85033333333332
 10
42.799
 20
114.85033333333332
 10
42.7355
 20
114.82916666666667
 10
42.629666666666665
 20
114.78683333333333
 10
42.46033333333333
 20
114.76566666666666
 10
42.3545
 20
114.76566666666666
 10
42.31216666666666
 20
114.78683333333333
 10
42.248666666666665
 20
114.85033333333332
 10
42.20633333333333
 20
114.8715
 10
42.142833333333336
 20
114.8715
 10
42.058166666666665
 20
114.82916666666667
 10
41.9735
 20
114.82916666666667
 10
41.88883333333333
 20
114.8715
  0
LWPOLYLINE
  5
41
330
17
100
AcDbEntity
  8
0
100
AcDbPolyline
 90
91
 70
1
 10
40.21666666666667
 20
32.91416666666667
 10
40.576499999999996
 20
32.91416666666667
 10
40.78816666666667
 20
32.871833333333335
 10
41.021
 20
32.871833333333335
 10
41.0845
 20
32.85066666666667
 10
41.147999999999996
 20
32.80833333333333
 10
41.190333333333335
 20
32.80833333333333
 10
41.275
 20
32.766
 10
41.338499999999996
 20
32.72366666666667
 10
41.402
 20
32.681333333333335
 10
41.486666666666665
 20
32.5755
 10
41.528999999999996
 20
32.533166666666666
 10
41.5925
 20
32.490833333333335
 10
41.63483333333333
 20
32.490833333333335
 10
41.677166666666665
 20
32.46966666666667
 10
41.7195
 20
32.42733333333333
 10
41.74066666666666
 20
32.385
 10
41.74066666666666
 20
32.342666666666666
 10
41.783
 20
32.257999999999996
 10
41.783
 20
32.215666666666664
 10
41.80416666666667
 20
32.152166666666666
 10
41.8465
 20
32.0675
 10
41.88883333333333
 20
32.004
 10
42.01583333333333
 20
31.877
 10
42.058166666666665
 20
31.792333333333332
 10
42.07933333333333
 20
31.5595
 10
42.07933333333333
 20
31.136166666666664
 10
42.058166666666665
 20
30.966833333333334
 10
42.037
 20
30.903333333333332
 10
42.01583333333333
 20
30.861
 10
41.9735
 20
30.818666666666665
 10
41.952333333333335
 20
30.755166666666664
 10
41.91
 20
30.691666666666666
 10
41.867666666666665
 20
30.64933333333333
 10
41.761833333333335
 20
30.4165
 10
41.677166666666665
 20
30.331833333333332
 10
41.61366666666667
 20
30.2895
 10
41.50783333333333
 20
30.247166666666665
 10
41.44433333333333
 20
30.204833333333333
 10
41.296166666666664
 20
30.056666666666665
 10
41.23266666666667
 20
30.014333333333333
 10
41.021
 20
29.9085
 10
40.957499999999996
 20
29.887333333333334
 10
40.766999999999996
 20
29.9085
 10
40.68233333333333
 20
29.9085
 10
40.534166666666664
 20
29.866166666666665
 10
40.40716666666667
 20
29.866166666666665
 10
40.089666666666666
 20
29.9085
 10
39.962666666666664
 20
29.887333333333334
 10
39.92033333333333
 20
29.887333333333334
 10
39.83566666666667
 20
29.929666666666666
 10
39.772166666666664
 20
29.993166666666667
 10
39.72983333333333
 20
30.014333333333333
 10
39.666333333333334
 20
30.014333333333333
 10
39.60283333333333
 20
30.0355
 10
39.475833333333334
 20
30.099
 10
39.41233333333333
 20
30.141333333333332
 10
39.327666666666666
 20
30.204833333333333
 10
39.20066666666666
 20
30.331833333333332
 10
39.1795
 20
30.395333333333333
 10
39.116
 20
30.45883333333333
 10
39.07366666666667
 20
30.522333333333332
 10
38.989
 20
30.712833333333332
 10
38.946666666666665
 20
30.755166666666664
 10
38.904333333333334
 20
30.818666666666665
 10
38.862
 20
30.882166666666667
 10
38.81966666666666
 20
30.966833333333334
 10
38.7985
 20
31.03033333333333
 10
38.77733333333333
 20
31.115
 10
38.77733333333333
 20
31.242
 10
38.7985
 20
31.622999999999998
 10
38.81966666666666
 20
31.771166666666666
 10
38.84083333333333
 20
31.834666666666667
 10
38.904333333333334
 20
31.9405
 10
38.904333333333334
 20
31.982833333333332
 10
38.946666666666665
 20
32.04633333333333
 10
38.946666666666665
 20
32.08866666666667
 10
38.989
 20
32.152166666666666
 10
39.15833333333333
 20
32.3215
 10
39.22183333333333
 20
32.42733333333333
 10
39.26416666666667
 20
32.46966666666667
 10
39.41233333333333
 20
32.533166666666666
 10
39.518166666666666
 20
32.66016666666667
 10
39.5605
 20
32.7025
 10
39.64516666666667
 20
32.74483333333333
 10
39.6875
 20
32.74483333333333
 10
39.772166666666664
 20
32.787166666666664
 10
39.814499999999995
 20
32.829499999999996
 10
39.878
 20
32.85066666666667
 10
39.9415
 20
32.871833333333335
 10
40.089666666666666
 20
32.893
  0
LWPOLYLINE
  5
42
330
17
100
AcDbEntity
  8
0
100
AcDbPolyline
 90
93
 70
1
 10
42.20633333333333
 20
112.73366666666666
 10
42.50266666666666
 20
112.73366666666666
 10
42.799
 20
112.71249999999999
 10
42.90483333333333
 20
112.69133333333333
 10
42.968333333333334
 20
112.67016666666666
 10
43.03183333333333
 20
112.649
 10
43.09533333333333
 20
112.60666666666667
 10
43.13766666666667
 20
112.60666666666667
 10
43.22233333333333
 20
112.56433333333332
 10
43.28583333333333
 20
112.52199999999999
 10
43.32816666666667
 20
112.47966666666666
 10
43.391666666666666
 20
112.4585
 10
43.4975
 20
112.35266666666666
 10
43.561
 20
112.2045
 10
43.6245
 20
112.11983333333333
 10
43.70916666666667
 20
112.03516666666667
 10
43.7515
 20
111.97166666666666
 10
43.79383333333333
 20
111.90816666666666
 10
43.836166666666664
 20
111.84466666666667
 10
43.85733333333333
 20
111.80233333333334
 10
43.878499999999995
 20
111.73883333333333
 10
43.878499999999995
 20
111.54833333333333
 10
43.920833333333334
 20
111.42133333333334
 10
43.942
 20
111.252
 10
43.942
 20
111.0615
 10
43.89966666666667
 20
110.9345
 10
43.89966666666667
 20
110.80749999999999
 10
43.878499999999995
 20
110.72283333333333
 10
43.85733333333333
 20
110.63816666666666
 10
43.836166666666664
 20
110.57466666666666
 10
43.79383333333333
 20
110.51116666666667
 10
43.7515
 20
110.44766666666666
 10
43.70916666666667
 20
110.38416666666666
 10
43.66683333333333
 20
110.32066666666667
 10
43.6245
 20
110.25716666666666
 10
43.582166666666666
 20
110.19366666666666
 10
43.391666666666666
 20
110.00316666666666
 10
43.201166666666666
 20
109.83383333333333
 10
43.13766666666667
 20
109.7915
 10
43.053
 20
109.74916666666667
 10
42.968333333333334
 20
109.728
 10
42.90483333333333
 20
109.70683333333334
 10
42.8625
 20
109.70683333333334
 10
42.777833333333334
 20
109.68566666666666
 10
42.545
 20
109.55866666666667
 10
42.39683333333333
 20
109.55866666666667
 10
42.31216666666666
 20
109.51633333333334
 10
42.058166666666665
 20
109.51633333333334
 10
41.99466666666667
 20
109.5375
 10
41.88883333333333
 20
109.601
 10
41.8465
 20
109.601
 10
41.761833333333335
 20
109.62216666666666
 10
41.677166666666665
 20
109.6645
 10
41.61366666666667
 20
109.728
 10
41.571333333333335
 20
109.728
 10
41.50783333333333
 20
109.77033333333333
 10
41.4655
 20
109.77033333333333
 10
41.42316666666667
 20
109.7915
 10
41.380833333333335
 20
109.83383333333333
 10
41.338499999999996
 20
109.87616666666666
 10
41.0845
 20
110.13016666666667
 10
41.04216666666667
 20
110.19366666666666
 10
40.999833333333335
 20
110.25716666666666
 10
40.957499999999996
 20
110.32066666666667
 10
40.915166666666664
 20
110.38416666666666
 10
40.87283333333333
 20
110.44766666666666
 10
40.8305
 20
110.51116666666667
 10
40.766999999999996
 20
110.59583333333333
 10
40.74583333333333
 20
110.63816666666666
 10
40.74583333333333
 20
110.84983333333334
 10
40.7035
 20
111.01916666666666
 10
40.7035
 20
111.252
 10
40.724666666666664
 20
111.54833333333333
 10
40.74583333333333
 20
111.71766666666666
 10
40.766999999999996
 20
111.78116666666666
 10
40.809333333333335
 20
111.84466666666667
 10
40.87283333333333
 20
111.90816666666666
 10
40.915166666666664
 20
111.97166666666666
 10
40.957499999999996
 20
112.0775
 10
41.147999999999996
 20
112.28916666666666
 10
41.25383333333333
 20
112.395
 10
41.31733333333333
 20
112.41616666666667
 10
41.35966666666666
 20
112.4585
 10
41.42316666666667
 20
112.50083333333333
 10
41.486666666666665
 20
112.52199999999999
 10
41.528999999999996
 20
112.56433333333332
 10
41.571333333333335
 20
112.5855
 10
41.63483333333333
 20
112.60666666666667
 10
41.761833333333335
 20
112.60666666666667
 10
41.82533333333333
 20
112.62783333333333
 10
41.867666666666665
 20
112.649
 10
41.91
 20
112.69133333333333
 10
41.952333333333335
 20
112.71249999999999
  0
LWPOLYLINE
  5
43
330
17
100
AcDbEntity
  8
0
100
AcDbPolyline
 90
1606
 70
1
 10
97.93816666666666
 20
129.9845
 10
97.8535
 20
129.96333333333334
 10
97.78999999999999
 20
129.921
 10
97.57833333333333
 20
129.921
 10
97.51483333333333
 20
129.89983333333333
 10
97.43016666666666
 20
129.87866666666667
 10
97.32433333333333
 20
129.83633333333333
 10
97.23966666666666
 20
129.81516666666667
 10
97.155
 20
129.79399999999998
 10
97.0915
 20
129.79399999999998
 10
96.98566666666666
 20
129.81516666666667
 10
96.901
 20
129.79399999999998
 10
96.83749999999999
 20
129.77283333333332
 10
96.774
 20
129.75166666666667
 10
96.64699999999999
 20
129.68816666666666
 10
96.60466666666666
 20
129.64583333333334
 10
96.56233333333333
 20
129.62466666666666
 10
96.47766666666666
 20
129.62466666666666
 10
96.393
 20
129.6035
 10
96.3295
 20
129.54
 10
96.26599999999999
 20
129.4765
 10
96.22366666666666
 20
129.45533333333333
 10
96.18133333333333
 20
129.45533333333333
 10
96.11783333333334
 20
129.43416666666667
 10
95.90616666666666
 20
129.32833333333332
 10
95.84266666666666
 20
129.286
 10
95.758
 20
129.20133333333334
 10
95.69449999999999
 20
129.159
 10
95.60983333333333
 20
129.11666666666667
 10
95.54633333333334
 20
129.07433333333333
 10
95.39816666666667
 20
128.92616666666666
 10
95.35583333333334
 20
128.8415
 10
95.27116666666666
 20
128.75683333333333
 10
95.01716666666667
 20
128.524
 10
94.95366666666666
 20
128.37583333333333
 10
94.869
 20
128.29116666666667
 10
94.78433333333334
 20
128.24883333333332
 10
94.74199999999999
 20
128.18533333333332
 10
94.69966666666666
 20
128.0795
 10
94.63616666666667
 20
128.016
 10
94.59383333333334
 20
127.9525
 10
94.57266666666666
 20
127.889
 10
94.53033333333333
 20
127.84666666666666
 10
94.50916666666666
 20
127.78316666666666
 10
94.50916666666666
 20
127.74083333333333
 10
94.4245
 20
127.5715
 10
94.38216666666666
 20
127.52916666666667
 10
94.361
 20
127.48683333333334
 10
94.33983333333333
 20
127.42333333333333
 10
94.33983333333333
 20
127.35983333333333
 10
94.361
 20
127.21166666666666
 10
94.2975
 20
127.14816666666667
 10
94.27633333333333
 20
127.10583333333334
 10
94.25516666666667
 20
127.04233333333333
 10
94.234
 20
126.95766666666667
 10
94.21283333333334
 20
126.89416666666666
 10
94.19166666666666
 20
126.83066666666666
 10
94.1705
 20
126.70366666666666
 10
94.1705
 20
126.49199999999999
 10
94.12816666666666
 20
126.40733333333333
 10
94.14933333333333
 20
126.1745
 10
94.14933333333333
 20
126.11099999999999
 10
94.107
 20
126.02633333333333
 10
94.08583333333333
 20
125.92049999999999
 10
94.06466666666667
 20
125.75116666666666
 10
94.06466666666667
 20
125.68766666666666
 10
94.08583333333333
 20
125.20083333333334
 10
94.107
 20
125.11616666666666
 10
94.12816666666666
 20
125.0315
 10
94.14933333333333
 20
124.92566666666666
 10
94.1705
 20
124.841
 10
94.21283333333334
 20
124.75633333333333
 10
94.21283333333334
 20
124.62933333333334
 10
94.234
 20
124.54466666666666
 10
94.2975
 20
124.43883333333333
 10
94.2975
 20
124.3965
 10
94.33983333333333
 20
124.31183333333333
 10
94.4245
 20
124.22716666666666
 10
94.46683333333333
 20
124.16366666666666
 10
94.44566666666667
 20
124.0155
 10
94.44566666666667
 20
123.97316666666666
 10
94.46683333333333
 20
123.90966666666667
 10
94.488
 20
123.84616666666666
 10
94.50916666666666
 20
123.80383333333333
 10
94.5515
 20
123.7615
 10
94.57266666666666
 20
123.71916666666667
 10
94.57266666666666
 20
123.02066666666666
 10
94.59383333333334
 20
122.74549999999999
 10
94.63616666666667
 20
122.63966666666666
 10
94.63616666666667
 20
122.53383333333333
 10
94.59383333333334
 20
122.44916666666667
 10
94.59383333333334
 20
121.92
 10
94.615
 20
121.81416666666667
 10
94.65733333333333
 20
121.75066666666666
 10
94.65733333333333
 20
121.68716666666667
 10
94.63616666666667
 20
121.60249999999999
 10
94.59383333333334
 20
121.49666666666667
 10
94.59383333333334
 20
121.43316666666666
 10
94.63616666666667
 20
121.3485
 10
94.63616666666667
 20
121.285
 10
94.615
 20
121.17916666666666
 10
94.63616666666667
 20
121.11566666666667
 10
94.65733333333333
 20
121.05216666666666
 10
94.69966666666666
 20
120.98866666666666
 10
94.72083333333333
 20
120.904
 10
94.72083333333333
 20
120.777
 10
94.6785
 20
120.2055
 10
94.6785
 20
120.03616666666666
 10
94.69966666666666
 20
119.84566666666666
 10
94.6785
 20
119.61283333333333
 10
94.72083333333333
 20
119.48583333333333
 10
94.72083333333333
 20
119.42233333333333
 10
94.6785
 20
119.33766666666666
 10
94.65733333333333
 20
119.27416666666666
 10
94.65733333333333
 20
119.23183333333333
 10
94.6785
 20
118.999
 10
94.72083333333333
 20
118.74499999999999
 10
94.72083333333333
 20
118.53333333333333
 10
94.6785
 20
118.44866666666667
 10
94.6785
 20
118.32166666666666
 10
94.72083333333333
 20
118.237
 10
94.72083333333333
 20
118.15233333333333
 10
94.69966666666666
 20
117.94066666666666
 10
94.74199999999999
 20
117.81366666666666
 10
94.72083333333333
 20
117.64433333333334
 10
94.72083333333333
 20
117.60199999999999
 10
94.74199999999999
 20
117.2845
 10
94.78433333333334
 20
117.221
 10
94.78433333333334
 20
117.11516666666667
 10
94.76316666666666
 20
116.967
 10
94.78433333333334
 20
116.9035
 10
94.82666666666667
 20
116.79766666666666
 10
94.82666666666667
 20
116.56483333333333
 10
94.84783333333333
 20
116.50133333333333
 10
94.89016666666666
 20
116.459
 10
94.91133333333333
 20
116.41666666666666
 10
94.91133333333333
 20
116.205
 10
94.97483333333334
 20
116.09916666666666
 10
94.97483333333334
 20
115.99333333333333
 10
94.97483333333334
 20
115.92983333333333
 10
94.97483333333334
 20
115.8875
 10
95.01716666666667
 20
115.84516666666666
 10
95.0595
 20
115.7605
 10
95.08066666666666
 20
115.59116666666667
 10
95.0595
 20
115.46416666666666
 10
95.0595
 20
115.3795
 10
95.08066666666666
 20
115.316
 10
95.10183333333333
 20
115.23133333333332
 10
95.1865
 20
115.08316666666666
 10
95.1865
 20
114.935
 10
95.20766666666667
 20
114.8715
 10
95.22883333333333
 20
114.80799999999999
 10
95.25
 20
114.72333333333333
 10
95.27116666666666
 20
114.65983333333332
 10
95.31349999999999
 20
114.61749999999999
 10
95.33466666666666
 20
114.554
 10
95.35583333333334
 20
114.42699999999999
 10
95.35583333333334
 20
114.34233333333333
 10
95.39816666666667
 20
114.25766666666667
 10
95.39816666666667
 20
114.1095
 10
95.41933333333333
 20
114.04599999999999
 10
95.46166666666666
 20
113.9825
 10
95.52516666666666
 20
113.919
 10
95.60983333333333
 20
113.81316666666666
 10
95.60983333333333
 20
113.6015
 10
95.65216666666666
 20
113.538
 10
95.65216666666666
 20
113.36866666666667
 10
95.69449999999999
 20
113.28399999999999
 10
95.758
 20
113.19933333333333
 10
95.80033333333333
 20
113.157
 10
95.84266666666666
 20
113.09349999999999
 10
95.88499999999999
 20
113.03
 10
95.90616666666666
 20
112.98766666666667
 10
95.90616666666666
 20
112.81833333333333
 10
95.92733333333334
 20
112.75483333333332
 10
95.9485
 20
112.67016666666666
 10
95.96966666666667
 20
112.60666666666667
 10
95.99083333333333
 20
112.54316666666666
 10
96.03316666666666
 20
112.4585
 10
96.07549999999999
 20
112.41616666666667
 10
96.11783333333334
 20
112.33149999999999
 10
96.11783333333334
 20
112.18333333333334
 10
96.139
 20
112.11983333333333
 10
96.18133333333333
 20
112.03516666666667
 10
96.22366666666666
 20
111.97166666666666
 10
96.26599999999999
 20
111.90816666666666
 10
96.3295
 20
111.84466666666667
 10
96.37183333333333
 20
111.78116666666666
 10
96.37183333333333
 20
111.73883333333333
 10
96.41416666666666
 20
111.67533333333333
 10
96.41416666666666
 20
111.633
 10
96.43533333333333
 20
111.59066666666666
 10
96.56233333333333
 20
111.46366666666667
 10
96.60466666666666
 20
111.37899999999999
 10
96.60466666666666
 20
111.33666666666666
 10
96.68933333333334
 20
111.252
 10
96.79516666666666
 20
111.16733333333333
 10
96.83749999999999
 20
111.08266666666667
 10
96.83749999999999
 20
110.99799999999999
 10
96.85866666666666
 20
110.89216666666667
 10
96.87983333333334
 20
110.84983333333334
 10
96.94333333333333
 20
110.76516666666666
 10
96.98566666666666
 20
110.72283333333333
 10
97.02799999999999
 20
110.61699999999999
 10
97.0915
 20
110.5535
 10
97.19733333333333
 20
110.46883333333334
 10
97.21849999999999
 20
110.42649999999999
 10
97.23966666666666
 20
110.363
 10
97.23966666666666
 20
110.2995
 10
97.3455
 20
110.109
 10
97.3455
 20
110.06666666666666
 10
97.36666666666666
 20
110.02433333333333
 10
97.45133333333332
 20
109.93966666666667
 10
97.51483333333333
 20
109.7915
 10
97.59949999999999
 20
109.70683333333334
 10
97.663
 20
109.6645
 10
97.70533333333333
 20
109.64333333333333
 10
97.78999999999999
 20
109.64333333333333
 10
97.83233333333332
 20
109.62216666666666
 10
97.917
 20
109.5375
 10
97.917
 20
109.45283333333333
 10
97.93816666666666
 20
109.347
 10
97.98049999999999
 20
109.2835
 10
98.02283333333332
 20
109.24116666666666
 10
98.1075
 20
109.17766666666667
 10
98.1075
 20
109.13533333333334
 10
98.12866666666666
 20
109.07183333333333
 10
98.17099999999999
 20
108.98716666666667
 10
98.27683333333333
 20
108.86016666666666
 10
98.34033333333333
 20
108.79666666666667
 10
98.46733333333333
 20
108.69083333333333
 10
98.53083333333333
 20
108.66966666666666
 10
98.59433333333332
 20
108.66966666666666
 10
98.63666666666667
 20
108.6485
 10
98.679
 20
108.60616666666667
 10
98.679
 20
108.56383333333333
 10
98.76366666666667
 20
108.41566666666667
 10
98.76366666666667
 20
108.30983333333333
 10
98.84833333333333
 20
108.22516666666667
 10
98.91183333333333
 20
108.204
 10
98.95416666666667
 20
108.16166666666666
 10
98.9965
 20
108.11933333333333
 10
99.06
 20
108.05583333333333
 10
99.12349999999999
 20
108.03466666666667
 10
99.20816666666667
 20
107.95
 10
99.22933333333333
 20
107.8865
 10
99.27166666666666
 20
107.823
 10
99.33516666666667
 20
107.73833333333333
 10
99.39866666666667
 20
107.696
 10
99.54683333333332
 20
107.696
 10
99.6315
 20
107.61133333333333
 10
99.65266666666666
 20
107.54783333333333
 10
99.695
 20
107.48433333333332
 10
99.73733333333332
 20
107.42083333333333
 10
99.80083333333333
 20
107.35733333333333
 10
99.86433333333333
 20
107.33616666666666
 10
99.92783333333333
 20
107.27266666666667
 10
99.949
 20
107.23033333333333
 10
99.949
 20
107.14566666666667
 10
100.0125
 20
107.06099999999999
 10
100.30883333333333
 20
106.78583333333333
 10
100.457
 20
106.63766666666666
 10
100.5205
 20
106.48949999999999
 10
100.56283333333333
 20
106.44716666666666
 10
100.66866666666667
 20
106.40483333333333
 10
100.73216666666666
 20
106.34133333333332
 10
100.75333333333333
 20
106.27783333333333
 10
100.79566666666666
 20
106.21433333333333
 10
101.00733333333334
 20
106.02383333333333
 10
101.13433333333333
 20
105.89683333333333
 10
101.17666666666666
 20
105.81216666666667
 10
101.17666666666666
 20
105.76983333333332
 10
101.19783333333334
 20
105.72749999999999
 10
101.24016666666667
 20
105.664
 10
101.30366666666666
 20
105.6005
 10
101.36716666666666
 20
105.57933333333332
 10
101.38833333333334
 20
105.45233333333333
 10
101.4095
 20
105.41
 10
101.6
 20
105.2195
 10
101.70583333333333
 20
105.13483333333333
 10
101.70583333333333
 20
105.07133333333333
 10
101.68466666666666
 20
104.96549999999999
 10
101.74816666666666
 20
104.8385
 10
101.7905
 20
104.77499999999999
 10
101.89633333333333
 20
104.66916666666667
 10
102.0445
 20
104.56333333333333
 10
102.02333333333333
 20
104.4575
 10
102.02333333333333
 20
104.41516666666666
 10
102.06566666666666
 20
104.30933333333333
 10
102.06566666666666
 20
104.20349999999999
 10
102.08683333333333
 20
104.16116666666666
 10
102.12916666666666
 20
104.11883333333333
 10
102.21383333333333
 20
104.05533333333334
 10
102.29849999999999
 20
103.86483333333334
 10
102.34083333333334
 20
103.82249999999999
 10
102.362
 20
103.73783333333333
 10
102.38316666666667
 20
103.65316666666666
 10
102.38316666666667
 20
103.5685
 10
102.46783333333333
 20
103.42033333333333
 10
102.48899999999999
 20
103.29333333333334
 10
102.48899999999999
 20
103.1875
 10
102.51016666666666
 20
103.124
 10
102.53133333333334
 20
103.06049999999999
 10
102.59483333333333
 20
102.95466666666667
 10
102.616
 20
102.89116666666666
 10
102.63716666666666
 20
102.82766666666666
 10
102.65833333333333
 20
102.743
 10
102.67949999999999
 20
102.65833333333333
 10
102.70066666666666
 20
102.53133333333334
 10
102.72183333333334
 20
102.34083333333334
 10
102.72183333333334
 20
102.0445
 10
102.76416666666667
 20
101.93866666666666
 10
102.78533333333333
 20
101.87516666666666
 10
102.78533333333333
 20
101.81166666666667
 10
102.76416666666667
 20
101.70583333333333
 10
102.78533333333333
 20
101.64233333333333
 10
102.84883333333333
 20
101.5365
 10
102.84883333333333
 20
101.473
 10
102.82766666666666
 20
101.24016666666667
 10
102.86999999999999
 20
101.1555
 10
102.89116666666666
 20
101.11316666666666
 10
102.84883333333333
 20
101.04966666666667
 10
102.82766666666666
 20
101.00733333333334
 10
102.8065
 20
100.94383333333333
 10
102.8065
 20
100.79566666666666
 10
102.84883333333333
 20
100.73216666666666
 10
102.82766666666666
 20
100.60516666666666
 10
102.82766666666666
 20
100.56283333333333
 10
102.86999999999999
 20
100.47816666666667
 10
102.84883333333333
 20
100.33
 10
102.86999999999999
 20
100.24533333333333
 10
102.91233333333334
 20
100.203
 10
102.9335
 20
100.16066666666666
 10
102.9335
 20
100.076
 10
102.89116666666666
 20
100.03366666666666
 10
102.86999999999999
 20
99.99133333333333
 10
102.84883333333333
 20
99.84316666666666
 10
102.84883333333333
 20
99.7585
 10
102.89116666666666
 20
99.67383333333333
 10
102.91233333333334
 20
99.52566666666667
 10
102.91233333333334
 20
99.3775
 10
102.86999999999999
 20
99.22933333333333
 10
102.86999999999999
 20
99.01766666666667
 10
102.89116666666666
 20
98.84833333333333
 10
102.91233333333334
 20
98.70016666666666
 10
102.9335
 20
98.65783333333333
 10
102.97583333333333
 20
98.6155
 10
102.997
 20
98.57316666666667
 10
102.95466666666667
 20
98.53083333333333
 10
102.91233333333334
 20
98.53083333333333
 10
102.82766666666666
 20
98.44616666666667
 10
102.8065
 20
98.31916666666666
 10
102.8065
 20
98.21333333333332
 10
102.82766666666666
 20
98.14983333333333
 10
102.86999999999999
 20
98.06516666666667
 10
102.86999999999999
 20
97.81116666666667
 10
102.9335
 20
97.74766666666666
 10
102.95466666666667
 20
97.70533333333333
 10
102.97583333333333
 20
97.43016666666666
 10
102.97583333333333
 20
97.30316666666667
 10
102.95466666666667
 20
96.85866666666666
 10
102.91233333333334
 20
96.774
 10
102.91233333333334
 20
96.7105
 10
102.9335
 20
96.62583333333333
 10
102.91233333333334
 20
96.22366666666666
 10
102.91233333333334
 20
96.16016666666667
 10
102.91233333333334
 20
95.77916666666667
 10
102.91233333333334
 20
95.71566666666666
 10
102.91233333333334
 20
95.16533333333334
 10
102.91233333333334
 20
94.93249999999999
 10
102.95466666666667
 20
94.76316666666666
 10
102.95466666666667
 20
94.6785
 10
102.91233333333334
 20
94.57266666666666
 10
102.89116666666666
 20
94.50916666666666
 10
102.9335
 20
94.40333333333334
 10
102.91233333333334
 20
94.19166666666666
 10
102.91233333333334
 20
94.0435
 10
102.95466666666667
 20
93.4085
 10
102.95466666666667
 20
93.17566666666666
 10
102.91233333333334
 20
93.11216666666667
 10
102.91233333333334
 20
93.0275
 10
102.9335
 20
92.81583333333333
 10
102.9335
 20
92.22316666666666
 10
102.91233333333334
 20
91.77866666666667
 10
102.95466666666667
 20
91.33416666666666
 10
102.9335
 20
91.1225
 10
102.9335
 20
90.99549999999999
 10
102.97583333333333
 20
90.8685
 10
102.97583333333333
 20
90.59333333333333
 10
102.95466666666667
 20
90.06416666666667
 10
102.97583333333333
 20
89.9795
 10
102.97583333333333
 20
89.916
 10
102.95466666666667
 20
89.85249999999999
 10
102.9335
 20
89.68316666666666
 10
102.9335
 20
89.32333333333334
 10
102.89116666666666
 20
89.23866666666666
 10
102.89116666666666
 20
89.19633333333333
 10
102.9335
 20
89.09049999999999
 10
102.95466666666667
 20
88.8365
 10
102.97583333333333
 20
88.34966666666666
 10
102.95466666666667
 20
88.13799999999999
 10
102.95466666666667
 20
88.09566666666666
 10
102.97583333333333
 20
88.03216666666667
 10
103.06049999999999
 20
87.94749999999999
 10
103.06049999999999
 20
87.86283333333333
 10
103.03933333333333
 20
87.8205
 10
102.97583333333333
 20
87.75699999999999
 10
102.97583333333333
 20
87.63
 10
103.01816666666666
 20
87.56649999999999
 10
103.01816666666666
 20
87.46066666666667
 10
102.97583333333333
 20
87.39716666666666
 10
102.997
 20
87.249
 10
102.997
 20
87.16433333333333
 10
102.95466666666667
 20
87.07966666666667
 10
102.95466666666667
 20
86.868
 10
102.97583333333333
 20
86.59283333333333
 10
102.95466666666667
 20
86.52933333333333
 10
102.91233333333334
 20
86.46583333333334
 10
102.89116666666666
 20
86.40233333333333
 10
102.89116666666666
 20
86.33883333333333
 10
102.91233333333334
 20
86.06366666666666
 10
102.9335
 20
86.00016666666666
 10
102.97583333333333
 20
85.9155
 10
102.997
 20
85.80966666666666
 10
102.997
 20
85.76733333333333
 10
102.97583333333333
 20
85.598
 10
102.997
 20
85.344
 10
103.03933333333333
 20
85.2805
 10
103.03933333333333
 20
85.23816666666666
 10
102.997
 20
84.92066666666666
 10
103.01816666666666
 20
84.73016666666666
 10
103.01816666666666
 20
84.6455
 10
102.997
 20
84.49733333333333
 10
102.997
 20
84.43383333333333
 10
102.97583333333333
 20
84.34916666666666
 10
102.97583333333333
 20
84.074
 10
102.997
 20
84.0105
 10
103.03933333333333
 20
83.92583333333333
 10
103.06049999999999
 20
83.86233333333332
 10
103.06049999999999
 20
83.77766666666666
 10
103.03933333333333
 20
83.73533333333333
 10
102.997
 20
83.693
 10
102.97583333333333
 20
83.65066666666667
 10
102.97583333333333
 20
83.58716666666666
 10
103.01816666666666
 20
83.5025
 10
103.01816666666666
 20
83.26966666666667
 10
103.01816666666666
 20
83.20616666666666
 10
102.997
 20
83.16383333333333
 10
102.97583333333333
 20
83.10033333333332
 10
102.97583333333333
 20
83.05799999999999
 10
102.997
 20
82.86749999999999
 10
102.97583333333333
 20
82.65583333333333
 10
103.01816666666666
 20
82.55
 10
103.01816666666666
 20
82.50766666666667
 10
102.97583333333333
 20
82.10549999999999
 10
102.97583333333333
 20
82.042
 10
103.01816666666666
 20
81.788
 10
103.03933333333333
 20
81.51283333333333
 10
103.03933333333333
 20
81.4705
 10
102.997
 20
81.38583333333334
 10
102.997
 20
81.2165
 10
103.03933333333333
 20
81.17416666666666
 10
103.06049999999999
 20
81.11066666666666
 10
103.06049999999999
 20
81.06833333333333
 10
103.06049999999999
 20
80.77199999999999
 10
103.06049999999999
 20
80.72966666666666
 10
103.01816666666666
 20
80.58149999999999
 10
103.01816666666666
 20
80.39099999999999
 10
103.06049999999999
 20
79.96766666666666
 10
103.06049999999999
 20
79.86183333333334
 10
103.01816666666666
 20
79.77716666666666
 10
103.03933333333333
 20
79.29033333333334
 10
103.03933333333333
 20
79.248
 10
103.03933333333333
 20
79.03633333333333
 10
103.03933333333333
 20
78.90933333333334
 10
103.01816666666666
 20
78.74
 10
103.01816666666666
 20
78.38016666666667
 10
103.03933333333333
 20
78.18966666666667
 10
103.03933333333333
 20
78.105
 10
103.03933333333333
 20
77.82983333333333
 10
103.03933333333333
 20
77.74516666666666
 10
103.01816666666666
 20
77.5335
 10
103.06049999999999
 20
77.42766666666667
 10
103.06049999999999
 20
77.216
 10
103.01816666666666
 20
77.13133333333333
 10
103.01816666666666
 20
77.04666666666667
 10
103.03933333333333
 20
76.68683333333333
 10
103.06049999999999
 20
76.62333333333333
 10
103.10283333333334
 20
76.55983333333333
 10
103.10283333333334
 20
76.49633333333333
 10
103.03933333333333
 20
76.3905
 10
103.01816666666666
 20
76.15766666666667
 10
103.01816666666666
 20
76.11533333333333
 10
103.08166666666666
 20
76.0095
 10
103.08166666666666
 20
75.92483333333332
 10
103.08166666666666
 20
75.86133333333333
 10
103.08166666666666
 20
75.79783333333333
 10
103.03933333333333
 20
75.71316666666667
 10
103.03933333333333
 20
75.6285
 10
103.10283333333334
 20
75.52266666666667
 10
103.124
 20
75.45916666666666
 10
103.124
 20
75.33216666666667
 10
103.06049999999999
 20
75.22633333333333
 10
103.03933333333333
 20
75.12049999999999
 10
103.03933333333333
 20
75.01466666666667
 10
103.08166666666666
 20
74.8665
 10
103.08166666666666
 20
74.71833333333333
 10
103.06049999999999
 20
74.54899999999999
 10
103.01816666666666
 20
74.37966666666667
 10
102.997
 20
74.16799999999999
 10
102.997
 20
74.12566666666666
 10
102.997
 20
73.97749999999999
 10
102.997
 20
73.89283333333333
 10
103.01816666666666
 20
73.66
 10
103.03933333333333
 20
73.59649999999999
 10
103.03933333333333
 20
73.533
 10
103.01816666666666
 20
73.44833333333334
 10
103.01816666666666
 20
73.38483333333333
 10
103.03933333333333
 20
73.23666666666666
 10
103.01816666666666
 20
73.0885
 10
103.06049999999999
 20
73.00383333333333
 10
103.08166666666666
 20
72.22066666666666
 10
103.08166666666666
 20
72.09366666666666
 10
103.03933333333333
 20
71.96666666666667
 10
103.03933333333333
 20
71.90316666666666
 10
103.08166666666666
 20
71.79733333333333
 10
103.08166666666666
 20
71.6915
 10
103.08166666666666
 20
71.47983333333333
 10
103.06049999999999
 20
71.35283333333334
 10
103.08166666666666
 20
71.1835
 10
103.03933333333333
 20
71.12
 10
103.03933333333333
 20
70.9295
 10
103.08166666666666
 20
70.84483333333333
 10
103.08166666666666
 20
70.8025
 10
103.03933333333333
 20
70.71783333333333
 10
103.03933333333333
 20
70.06166666666667
 10
102.997
 20
69.95583333333333
 10
102.997
 20
69.82883333333334
 10
102.95466666666667
 20
69.74416666666666
 10
102.95466666666667
 20
69.6595
 10
102.97583333333333
 20
69.51133333333333
 10
102.9335
 20
69.4055
 10
102.9335
 20
69.23616666666666
 10
102.86999999999999
 20
69.13033333333333
 10
102.84883333333333
 20
69.04566666666666
 10
102.82766666666666
 20
68.93983333333333
 10
102.8065
 20
68.834
 10
102.8065
 20
68.72816666666667
 10
102.78533333333333
 20
68.60116666666667
 10
102.76416666666667
 20
68.55883333333333
 10
102.72183333333334
 20
68.5165
 10
102.70066666666666
 20
68.47416666666666
 10
102.67949999999999
 20
68.3895
 10
102.65833333333333
 20
68.326
 10
102.63716666666666
 20
68.2625
 10
102.616
 20
68.199
 10
102.616
 20
68.09316666666666
 10
102.59483333333333
 20
68.02966666666667
 10
102.5525
 20
67.96616666666667
 10
102.5525
 20
67.90266666666666
 10
102.51016666666666
 20
67.83916666666667
 10
102.51016666666666
 20
67.79683333333332
 10
102.48899999999999
 20
67.73333333333333
 10
102.46783333333333
 20
67.691
 10
102.4255
 20
67.64866666666667
 10
102.34083333333334
 20
67.47933333333333
 10
102.34083333333334
 20
67.41583333333332
 10
102.31966666666666
 20
67.35233333333333
 10
102.29849999999999
 20
67.31
 10
102.21383333333333
 20
67.22533333333332
 10
102.19266666666667
 20
67.18299999999999
 10
102.19266666666667
 20
67.07716666666667
 10
102.15033333333334
 20
66.99249999999999
 10
102.108
 20
66.929
 10
102.06566666666666
 20
66.88666666666667
 10
102.02333333333333
 20
66.80199999999999
 10
102.02333333333333
 20
66.7385
 10
102.00216666666667
 20
66.675
 10
101.981
 20
66.63266666666667
 10
101.854
 20
66.50566666666667
 10
101.7905
 20
66.42099999999999
 10
101.74816666666666
 20
66.31516666666667
 10
101.70583333333333
 20
66.27283333333334
 10
101.6635
 20
66.20933333333333
 10
101.64233333333333
 20
66.167
 10
101.64233333333333
 20
66.12466666666667
 10
101.62116666666667
 20
66.08233333333334
 10
101.57883333333334
 20
66.01883333333333
 10
101.45183333333333
 20
65.913
 10
101.4095
 20
65.87066666666666
 10
101.36716666666666
 20
65.76483333333333
 10
101.32483333333333
 20
65.70133333333334
 10
101.2825
 20
65.63783333333333
 10
101.19783333333334
 20
65.55316666666667
 10
101.1555
 20
65.46849999999999
 10
100.965
 20
65.25683333333333
 10
100.6475
 20
64.9605
 10
100.54166666666666
 20
64.85466666666666
 10
100.49933333333333
 20
64.74883333333334
 10
100.457
 20
64.68533333333333
 10
100.3935
 20
64.62183333333333
 10
100.35116666666666
 20
64.51599999999999
 10
100.28766666666667
 20
64.4525
 10
100.0125
 20
64.1985
 10
99.92783333333333
 20
64.15616666666666
 10
99.86433333333333
 20
64.09266666666666
 10
99.77966666666666
 20
63.98683333333333
 10
99.65266666666666
 20
63.881
 10
99.54683333333332
 20
63.754
 10
99.46216666666666
 20
63.711666666666666
 10
99.39866666666667
 20
63.64816666666667
 10
99.33516666666667
 20
63.5635
 10
99.314
 20
63.521166666666666
 10
99.314
 20
63.478833333333334
 10
99.27166666666666
 20
63.41533333333333
 10
99.20816666666667
 20
63.35183333333333
 10
99.187
 20
63.288333333333334
 10
99.08116666666666
 20
63.1825
 10
98.9965
 20
63.140166666666666
 10
98.95416666666667
 20
63.097833333333334
 10
98.6155
 20
62.738
 10
98.55199999999999
 20
62.58983333333333
 10
98.44616666666667
 20
62.484
 10
98.40383333333332
 20
62.39933333333333
 10
98.21333333333332
 20
62.20883333333333
 10
98.17099999999999
 20
62.14533333333333
 10
98.14983333333333
 20
62.103
 10
98.12866666666666
 20
62.0395
 10
98.12866666666666
 20
61.997166666666665
 10
98.08633333333333
 20
61.9125
 10
97.98049999999999
 20
61.806666666666665
 10
97.917
 20
61.722
 10
97.8535
 20
61.63733333333333
 10
97.83233333333332
 20
61.57383333333333
 10
97.78999999999999
 20
61.51033333333333
 10
97.74766666666666
 20
61.44683333333333
 10
97.68416666666667
 20
61.38333333333333
 10
97.663
 20
61.31983333333333
 10
97.62066666666666
 20
61.25633333333333
 10
97.49366666666667
 20
61.129333333333335
 10
97.4725
 20
61.086999999999996
 10
97.45133333333332
 20
61.0235
 10
97.45133333333332
 20
60.938833333333335
 10
97.36666666666666
 20
60.833
 10
97.282
 20
60.748333333333335
 10
97.19733333333333
 20
60.579
 10
97.17616666666666
 20
60.515499999999996
 10
97.17616666666666
 20
60.473166666666664
 10
97.155
 20
60.409666666666666
 10
97.11266666666667
 20
60.324999999999996
 10
97.02799999999999
 20
60.24033333333333
 10
96.98566666666666
 20
60.176833333333335
 10
96.94333333333333
 20
60.11333333333333
 10
96.92216666666667
 20
60.071
 10
96.92216666666667
 20
60.028666666666666
 10
96.87983333333334
 20
59.96516666666667
 10
96.87983333333334
 20
59.92283333333333
 10
96.81633333333333
 20
59.795833333333334
 10
96.774
 20
59.753499999999995
 10
96.73166666666667
 20
59.69
 10
96.62583333333333
 20
59.47833333333333
 10
96.60466666666666
 20
59.414833333333334
 10
96.60466666666666
 20
59.372499999999995
 10
96.5835
 20
59.309
 10
96.54116666666667
 20
59.266666666666666
 10
96.52
 20
59.20316666666667
 10
96.52
 20
59.16083333333333
 10
96.43533333333333
 20
59.01266666666667
 10
96.41416666666666
 20
58.94916666666666
 10
96.41416666666666
 20
58.90683333333333
 10
96.35066666666667
 20
58.800999999999995
 10
96.35066666666667
 20
58.75866666666666
 10
96.28716666666666
 20
58.652833333333334
 10
96.26599999999999
 20
58.58933333333333
 10
96.24483333333333
 20
58.52583333333333
 10
96.22366666666666
 20
58.44116666666667
 10
96.22366666666666
 20
58.37766666666666
 10
96.2025
 20
58.314166666666665
 10
96.16016666666667
 20
58.25066666666667
 10
96.16016666666667
 20
58.20833333333333
 10
96.11783333333334
 20
58.14483333333333
 10
96.11783333333334
 20
58.1025
 10
96.07549999999999
 20
58.039
 10
96.07549999999999
 20
57.99666666666666
 10
96.03316666666666
 20
57.933166666666665
 10
96.012
 20
57.86966666666667
 10
95.99083333333333
 20
57.785
 10
95.99083333333333
 20
57.742666666666665
 10
95.96966666666667
 20
57.67916666666667
 10
95.9485
 20
57.61566666666666
 10
95.92733333333334
 20
57.552166666666665
 10
95.86383333333333
 20
57.446333333333335
 10
95.84266666666666
 20
57.38283333333333
 10
95.8215
 20
57.31933333333333
 10
95.8215
 20
57.213499999999996
 10
95.80033333333333
 20
57.12883333333333
 10
95.758
 20
57.04416666666666
 10
95.73683333333334
 20
56.9595
 10
95.71566666666666
 20
56.874833333333335
 10
95.69449999999999
 20
56.790166666666664
 10
95.67333333333333
 20
56.7055
 10
95.65216666666666
 20
56.599666666666664
 10
95.65216666666666
 20
56.493833333333335
 10
95.60983333333333
 20
56.409166666666664
 10
95.58866666666667
 20
56.303333333333335
 10
95.5675
 20
56.218666666666664
 10
95.5675
 20
56.070499999999996
 10
95.54633333333334
 20
55.9435
 10
95.52516666666666
 20
55.85883333333333
 10
95.50399999999999
 20
55.774166666666666
 10
95.46166666666666
 20
55.66833333333333
 10
95.4405
 20
55.583666666666666
 10
95.4405
 20
55.45666666666666
 10
95.39816666666667
 20
55.32966666666667
 10
95.377
 20
55.22383333333333
 10
95.35583333333334
 20
55.03333333333333
 10
95.35583333333334
 20
54.84283333333333
 10
95.31349999999999
 20
54.6735
 10
95.29233333333333
 20
54.52533333333333
 10
95.31349999999999
 20
54.33483333333333
 10
95.31349999999999
 20
54.250166666666665
 10
95.29233333333333
 20
54.18666666666667
 10
95.25
 20
54.08083333333333
 10
95.22883333333333
 20
53.594
 10
95.22883333333333
 20
53.530499999999996
 10
95.25
 20
53.25533333333333
 10
95.25
 20
52.768499999999996
 10
95.25
 20
52.726166666666664
 10
95.20766666666667
 20
52.620333333333335
 10
95.20766666666667
 20
52.49333333333333
 10
95.25
 20
52.36633333333333
 10
95.25
 20
52.21816666666667
 10
95.25
 20
52.154666666666664
 10
95.25
 20
52.091166666666666
 10
95.20766666666667
 20
52.02766666666667
 10
95.20766666666667
 20
51.79483333333333
 10
95.25
 20
51.689
 10
95.27116666666666
 20
51.625499999999995
 10
95.27116666666666
 20
51.519666666666666
 10
95.27116666666666
 20
51.07516666666667
 10
95.27116666666666
 20
50.8635
 10
95.25
 20
50.58833333333333
 10
95.22883333333333
 20
50.52483333333333
 10
95.1865
 20
50.44016666666666
 10
95.16533333333334
 20
50.376666666666665
 10
95.16533333333334
 20
50.186166666666665
 10
95.1865
 20
49.9745
 10
95.20766666666667
 20
49.88983333333333
 10
95.25
 20
49.82633333333333
 10
95.25
 20
49.3395
 10
95.22883333333333
 20
48.852666666666664
 10
95.1865
 20
48.641
 10
95.22883333333333
 20
48.471666666666664
 10
95.25
 20
48.26
 10
95.25
 20
48.04833333333333
 10
95.22883333333333
 20
47.836666666666666
 10
95.20766666666667
 20
47.77316666666667
 10
95.16533333333334
 20
47.709666666666664
 10
95.16533333333334
 20
47.66733333333333
 10
95.14416666666666
 20
47.58266666666667
 10
95.10183333333333
 20
47.498
 10
95.0595
 20
47.455666666666666
 10
95.03833333333333
 20
47.413333333333334
 10
95.01716666666667
 20
47.34983333333333
 10
94.996
 20
47.28633333333333
 10
94.996
 20
47.244
 10
94.95366666666666
 20
47.1805
 10
94.95366666666666
 20
47.13816666666666
 10
94.91133333333333
 20
47.074666666666666
 10
94.89016666666666
 20
47.01116666666667
 10
94.89016666666666
 20
46.77833333333333
 10
94.8055
 20
46.63016666666667
 10
94.78433333333334
 20
46.56666666666666
 10
94.78433333333334
 20
46.312666666666665
 10
94.82666666666667
 20
45.99516666666666
 10
94.8055
 20
45.80466666666666
 10
94.8055
 20
45.67766666666667
 10
94.82666666666667
 20
45.360166666666665
 10
94.869
 20
45.254333333333335
 10
94.869
 20
45.10616666666667
 10
94.89016666666666
 20
45.021499999999996
 10
94.91133333333333
 20
44.93683333333333
 10
94.95366666666666
 20
44.85216666666666
 10
94.97483333333334
 20
44.788666666666664
 10
94.996
 20
44.72516666666667
 10
94.996
 20
44.5135
 10
95.01716666666667
 20
44.449999999999996
 10
95.0595
 20
44.36533333333333
 10
95.0595
 20
44.28066666666667
 10
95.08066666666666
 20
44.196
 10
95.10183333333333
 20
44.153666666666666
 10
95.14416666666666
 20
44.09016666666667
 10
95.22883333333333
 20
44.0055
 10
95.25
 20
43.963166666666666
 10
95.25
 20
43.878499999999995
 10
95.29233333333333
 20
43.836166666666664
 10
95.31349999999999
 20
43.79383333333333
 10
95.31349999999999
 20
43.7515
 10
95.33466666666666
 20
43.66683333333333
 10
95.35583333333334
 20
43.6245
 10
95.50399999999999
 20
43.47633333333333
 10
95.54633333333334
 20
43.41283333333333
 10
95.60983333333333
 20
43.307
 10
95.67333333333333
 20
43.22233333333333
 10
95.80033333333333
 20
43.09533333333333
 10
95.84266666666666
 20
43.010666666666665
 10
95.96966666666667
 20
42.8625
 10
96.012
 20
42.820166666666665
 10
96.139
 20
42.7355
 10
96.45649999999999
 20
42.418
 10
96.5835
 20
42.3545
 10
96.62583333333333
 20
42.3545
 10
96.75283333333333
 20
42.2275
 10
96.79516666666666
 20
42.20633333333333
 10
96.83749999999999
 20
42.20633333333333
 10
97.02799999999999
 20
42.1005
 10
97.07033333333334
 20
42.1005
 10
97.11266666666667
 20
42.07933333333333
 10
97.155
 20
42.037
 10
97.23966666666666
 20
41.99466666666667
 10
97.282
 20
41.99466666666667
 10
97.3455
 20
41.9735
 10
97.38783333333333
 20
41.952333333333335
 10
97.43016666666666
 20
41.91
 10
97.49366666666667
 20
41.867666666666665
 10
97.57833333333333
 20
41.82533333333333
 10
97.64183333333332
 20
41.80416666666667
 10
97.70533333333333
 20
41.783
 10
97.78999999999999
 20
41.761833333333335
 10
97.8535
 20
41.74066666666666
 10
97.95933333333333
 20
41.7195
 10
98.08633333333333
 20
41.7195
 10
98.19216666666667
 20
41.677166666666665
 10
98.27683333333333
 20
41.656
 10
98.82716666666667
 20
41.656
 10
98.91183333333333
 20
41.61366666666667
 10
98.9965
 20
41.5925
 10
99.08116666666666
 20
41.5925
 10
99.20816666666667
 20
41.61366666666667
 10
99.27166666666666
 20
41.63483333333333
 10
99.3775
 20
41.69833333333333
 10
99.48333333333333
 20
41.7195
 10
99.58916666666667
 20
41.74066666666666
 10
99.80083333333333
 20
41.74066666666666
 10
99.949
 20
41.761833333333335
 10
100.03366666666666
 20
41.783
 10
100.076
 20
41.80416666666667
 10
100.11833333333333
 20
41.8465
 10
100.203
 20
41.88883333333333
 10
100.35116666666666
 20
41.88883333333333
 10
100.41466666666666
 20
41.91
 10
100.457
 20
41.93116666666666
 10
100.49933333333333
 20
41.9735
 10
100.56283333333333
 20
42.058166666666665
 10
100.62633333333333
 20
42.1005
 10
100.66866666666667
 20
42.12166666666666
 10
100.73216666666666
 20
42.142833333333336
 10
100.79566666666666
 20
42.164
 10
100.838
 20
42.164
 10
100.92266666666666
 20
42.18516666666667
 10
101.00733333333334
 20
42.2275
 10
101.11316666666666
 20
42.33333333333333
 10
101.17666666666666
 20
42.3545
 10
101.24016666666667
 20
42.3545
 10
101.30366666666666
 20
42.37566666666667
 10
101.36716666666666
 20
42.39683333333333
 10
101.64233333333333
 20
42.672
 10
101.854
 20
42.8625
 10
101.93866666666666
 20
42.90483333333333
 10
102.02333333333333
 20
42.968333333333334
 10
102.108
 20
43.053
 10
102.235
 20
43.32816666666667
 10
102.27733333333333
 20
43.391666666666666
 10
102.362
 20
43.4975
 10
102.5525
 20
43.687999999999995
 10
102.59483333333333
 20
43.772666666666666
 10
102.59483333333333
 20
43.815
 10
102.63716666666666
 20
43.89966666666667
 10
102.67949999999999
 20
43.942
 10
102.72183333333334
 20
44.0055
 10
102.76416666666667
 20
44.09016666666667
 10
102.78533333333333
 20
44.153666666666666
 10
102.78533333333333
 20
44.196
 10
102.82766666666666
 20
44.23833333333333
 10
102.82766666666666
 20
44.28066666666667
 10
102.86999999999999
 20
44.344166666666666
 10
102.89116666666666
 20
44.449999999999996
 10
102.89116666666666
 20
44.534666666666666
 10
102.91233333333334
 20
44.598166666666664
 10
102.9335
 20
44.682833333333335
 10
102.95466666666667
 20
44.74633333333333
 10
103.01816666666666
 20
44.85216666666666
 10
103.01816666666666
 20
44.8945
 10
103.06049999999999
 20
44.958
 10
103.08166666666666
 20
45.021499999999996
 10
103.08166666666666
 20
45.211999999999996
 10
103.124
 20
45.31783333333333
 10
103.124
 20
45.57183333333333
 10
103.16633333333333
 20
45.67766666666667
 10
103.16633333333333
 20
46.0375
 10
103.124
 20
46.1645
 10
103.124
 20
46.312666666666665
 10
103.08166666666666
 20
46.43966666666667
 10
103.08166666666666
 20
46.609
 10
103.06049999999999
 20
46.71483333333333
 10
103.03933333333333
 20
46.82066666666667
 10
103.01816666666666
 20
46.9265
 10
102.997
 20
47.0535
 10
102.97583333333333
 20
47.13816666666666
 10
102.89116666666666
 20
47.28633333333333
 10
102.86999999999999
 20
47.34983333333333
 10
102.86999999999999
 20
47.455666666666666
 10
102.84883333333333
 20
47.54033333333333
 10
102.743
 20
47.73083333333333
 10
102.72183333333334
 20
47.8155
 10
102.72183333333334
 20
47.92133333333333
 10
102.67949999999999
 20
48.027166666666666
 10
102.65833333333333
 20
48.090666666666664
 10
102.65833333333333
 20
48.281166666666664
 10
102.67949999999999
 20
48.641
 10
102.63716666666666
 20
48.81033333333333
 10
102.65833333333333
 20
48.937333333333335
 10
102.65833333333333
 20
49.022
 10
102.616
 20
49.10666666666666
 10
102.616
 20
49.36066666666667
 10
102.57366666666667
 20
49.44533333333333
 10
102.57366666666667
 20
49.48766666666666
 10
102.616
 20
49.57233333333333
 10
102.59483333333333
 20
49.911
 10
102.59483333333333
 20
50.08033333333333
 10
102.63716666666666
 20
50.165
 10
102.616
 20
50.24966666666666
 10
102.616
 20
50.46133333333333
 10
102.616
 20
50.6095
 10
102.65833333333333
 20
50.84233333333333
 10
102.65833333333333
 20
50.948166666666665
 10
102.616
 20
51.138666666666666
 10
102.616
 20
51.519666666666666
 10
102.65833333333333
 20
51.815999999999995
 10
102.65833333333333
 20
51.900666666666666
 10
102.616
 20
52.006499999999996
 10
102.616
 20
52.154666666666664
 10
102.616
 20
52.21816666666667
 10
102.59483333333333
 20
52.30283333333333
 10
102.59483333333333
 20
52.451
 10
102.63716666666666
 20
52.55683333333333
 10
102.59483333333333
 20
52.66266666666667
 10
102.616
 20
52.832
 10
102.616
 20
52.93783333333333
 10
102.59483333333333
 20
53.0225
 10
102.59483333333333
 20
53.086
 10
102.59483333333333
 20
53.12833333333333
 10
102.63716666666666
 20
53.191833333333335
 10
102.65833333333333
 20
53.25533333333333
 10
102.65833333333333
 20
53.297666666666665
 10
102.616
 20
53.42466666666667
 10
102.616
 20
53.55166666666666
 10
102.65833333333333
 20
53.6575
 10
102.63716666666666
 20
53.82683333333333
 10
102.63716666666666
 20
53.869166666666665
 10
102.65833333333333
 20
53.93266666666666
 10
102.70066666666666
 20
54.01733333333333
 10
102.72183333333334
 20
54.102
 10
102.72183333333334
 20
54.1655
 10
102.72183333333334
 20
54.229
 10
102.72183333333334
 20
54.37716666666667
 10
102.76416666666667
 20
54.52533333333333
 10
102.76416666666667
 20
54.6735
 10
102.78533333333333
 20
54.75816666666667
 10
102.8065
 20
54.821666666666665
 10
102.84883333333333
 20
54.90633333333333
 10
102.86999999999999
 20
54.969833333333334
 10
102.89116666666666
 20
55.03333333333333
 10
102.91233333333334
 20
55.1815
 10
102.91233333333334
 20
55.372
 10
102.95466666666667
 20
55.45666666666666
 10
102.95466666666667
 20
55.541333333333334
 10
102.97583333333333
 20
55.60483333333333
 10
102.997
 20
55.66833333333333
 10
103.01816666666666
 20
55.731833333333334
 10
103.06049999999999
 20
55.8165
 10
103.14516666666667
 20
55.90116666666667
 10
103.16633333333333
 20
55.9435
 10
103.1875
 20
56.007
 10
103.1875
 20
56.218666666666664
 10
103.22983333333333
 20
56.303333333333335
 10
103.27216666666666
 20
56.36683333333333
 10
103.35683333333333
 20
56.451499999999996
 10
103.39916666666666
 20
56.53616666666667
 10
103.39916666666666
 20
56.5785
 10
103.44149999999999
 20
56.66316666666666
 10
103.48383333333334
 20
56.7055
 10
103.54733333333333
 20
56.832499999999996
 10
103.54733333333333
 20
56.896
 10
103.5685
 20
56.980666666666664
 10
103.58966666666666
 20
57.022999999999996
 10
103.78016666666666
 20
57.213499999999996
 10
103.82249999999999
 20
57.31933333333333
 10
103.86483333333334
 20
57.361666666666665
 10
103.90716666666667
 20
57.42516666666666
 10
103.97066666666666
 20
57.57333333333333
 10
104.01299999999999
 20
57.63683333333333
 10
104.05533333333334
 20
57.70033333333333
 10
104.14
 20
57.785
 10
104.22466666666666
 20
57.9755
 10
104.35166666666666
 20
58.08133333333333
 10
104.41516666666666
 20
58.14483333333333
 10
104.4575
 20
58.20833333333333
 10
104.521
 20
58.314166666666665
 10
104.58449999999999
 20
58.39883333333333
 10
104.69033333333333
 20
58.52583333333333
 10
104.79616666666666
 20
58.652833333333334
 10
104.92316666666666
 20
58.75866666666666
 10
105.00783333333332
 20
58.843333333333334
 10
105.283
 20
59.13966666666666
 10
105.32533333333333
 20
59.224333333333334
 10
105.38883333333332
 20
59.28783333333333
 10
105.51583333333333
 20
59.372499999999995
 10
106.12966666666667
 20
59.986333333333334
 10
106.172
 20
60.04983333333333
 10
106.19316666666667
 20
60.11333333333333
 10
106.25666666666666
 20
60.176833333333335
 10
106.3625
 20
60.2615
 10
106.3625
 20
60.30383333333333
 10
106.38366666666667
 20
60.367333333333335
 10
106.40483333333333
 20
60.409666666666666
 10
106.44716666666666
 20
60.452
 10
106.53183333333332
 20
60.515499999999996
 10
106.6165
 20
60.62133333333333
 10
106.70116666666667
 20
60.663666666666664
 10
106.82816666666666
 20
60.79066666666667
 10
106.87049999999999
 20
60.833
 10
106.91283333333332
 20
60.87533333333333
 10
106.91283333333332
 20
60.96
 10
106.95516666666667
 20
61.044666666666664
 10
107.16683333333333
 20
61.25633333333333
 10
107.27266666666667
 20
61.4045
 10
107.442
 20
61.57383333333333
 10
107.48433333333332
 20
61.63733333333333
 10
107.5055
 20
61.67966666666666
 10
107.5055
 20
61.722
 10
107.52666666666666
 20
61.7855
 10
107.6325
 20
61.89133333333333
 10
107.696
 20
62.0395
 10
107.7595
 20
62.12416666666667
 10
107.90766666666666
 20
62.27233333333333
 10
107.92883333333333
 20
62.31466666666667
 10
107.92883333333333
 20
62.378166666666665
 10
107.97116666666666
 20
62.4205
 10
108.0135
 20
62.484
 10
108.03466666666667
 20
62.52633333333333
 10
108.03466666666667
 20
62.63216666666666
 10
108.05583333333333
 20
62.69566666666667
 10
108.09816666666666
 20
62.738
 10
108.18283333333333
 20
62.78033333333333
 10
108.22516666666667
 20
62.84383333333333
 10
108.24633333333333
 20
62.907333333333334
 10
108.24633333333333
 20
62.97083333333333
 10
108.28866666666666
 20
63.055499999999995
 10
108.458
 20
63.22483333333333
 10
108.47916666666666
 20
63.26716666666667
 10
108.47916666666666
 20
63.3095
 10
108.5215
 20
63.35183333333333
 10
108.56383333333333
 20
63.39416666666666
 10
108.60616666666667
 20
63.436499999999995
 10
108.6485
 20
63.5
 10
108.6485
 20
63.54233333333333
 10
108.712
 20
63.669333333333334
 10
108.7755
 20
63.73283333333333
 10
108.81783333333333
 20
63.79633333333333
 10
108.92366666666666
 20
64.008
 10
108.92366666666666
 20
64.15616666666666
 10
108.92366666666666
 20
64.21966666666667
 10
108.92366666666666
 20
64.262
 10
108.94483333333334
 20
64.30433333333333
 10
109.05066666666666
 20
64.389
 10
109.11416666666666
 20
64.4525
 10
109.13533333333334
 20
64.49483333333333
 10
109.1565
 20
64.55833333333334
 10
109.1565
 20
64.72766666666666
 10
109.17766666666667
 20
64.79116666666667
 10
109.19883333333333
 20
64.8335
 10
109.24116666666666
 20
64.87583333333333
 10
109.26233333333333
 20
64.91816666666666
 10
109.24116666666666
 20
65.024
 10
109.24116666666666
 20
65.08749999999999
 10
109.347
 20
65.19333333333333
 10
109.4105
 20
65.25683333333333
 10
109.4105
 20
65.57433333333333
 10
109.43166666666666
 20
65.63783333333333
 10
109.55866666666667
 20
65.74366666666667
 10
109.57983333333333
 20
65.786
 10
109.601
 20
65.82833333333333
 10
109.601
 20
65.87066666666666
 10
109.55866666666667
 20
65.95533333333333
 10
109.55866666666667
 20
66.03999999999999
 10
109.68566666666666
 20
66.167
 10
109.70683333333334
 20
66.20933333333333
 10
109.728
 20
66.27283333333334
 10
109.728
 20
66.4845
 10
109.7915
 20
66.61149999999999
 10
109.855
 20
66.675
 10
109.89733333333334
 20
66.75966666666666
 10
109.89733333333334
 20
67.01366666666667
 10
109.93966666666667
 20
67.07716666666667
 10
109.93966666666667
 20
67.2465
 10
109.982
 20
67.33116666666666
 10
110.00316666666666
 20
67.39466666666667
 10
110.00316666666666
 20
67.58516666666667
 10
110.02433333333333
 20
67.64866666666667
 10
110.06666666666666
 20
67.71216666666666
 10
110.06666666666666
 20
67.79683333333332
 10
110.08783333333334
 20
67.8815
 10
110.13016666666667
 20
67.945
 10
110.15133333333333
 20
68.0085
 10
110.1725
 20
68.1355
 10
110.1725
 20
68.24133333333333
 10
110.1725
 20
68.30483333333333
 10
110.15133333333333
 20
68.41066666666667
 10
110.15133333333333
 20
68.453
 10
110.1725
 20
68.5165
 10
110.19366666666666
 20
68.60116666666667
 10
110.23599999999999
 20
68.68583333333333
 10
110.25716666666666
 20
68.74933333333333
 10
110.27833333333334
 20
68.85516666666666
 10
110.2995
 20
68.961
 10
110.2995
 20
69.13033333333333
 10
110.27833333333334
 20
69.19383333333333
 10
110.27833333333334
 20
69.25733333333334
 10
110.34183333333333
 20
69.38433333333333
 10
110.32066666666667
 20
69.70183333333333
 10
110.32066666666667
 20
69.80766666666666
 10
110.363
 20
69.95583333333333
 10
110.363
 20
70.25216666666667
 10
110.38416666666666
 20
70.33683333333333
 10
110.38416666666666
 20
70.40033333333334
 10
110.38416666666666
 20
70.65433333333333
 10
110.40533333333333
 20
70.76016666666666
 10
110.40533333333333
 20
70.82366666666667
 10
110.38416666666666
 20
70.9295
 10
110.363
 20
71.3105
 10
110.38416666666666
 20
71.47983333333333
 10
110.38416666666666
 20
71.52216666666666
 10
110.38416666666666
 20
71.73383333333334
 10
110.38416666666666
 20
71.882
 10
110.34183333333333
 20
72.34766666666667
 10
110.34183333333333
 20
72.39
 10
110.363
 20
72.62283333333333
 10
110.32066666666667
 20
72.7075
 10
110.32066666666667
 20
72.94033333333333
 10
110.363
 20
73.279
 10
110.363
 20
73.40599999999999
 10
110.32066666666667
 20
73.7235
 10
110.32066666666667
 20
73.76583333333333
 10
110.363
 20
73.89283333333333
 10
110.34183333333333
 20
74.2315
 10
110.34183333333333
 20
74.31616666666666
 10
110.363
 20
74.46433333333333
 10
110.32066666666667
 20
74.59133333333332
 10
110.34183333333333
 20
74.676
 10
110.2995
 20
75.14166666666667
 10
110.2995
 20
75.26866666666666
 10
110.34183333333333
 20
75.33216666666667
 10
110.34183333333333
 20
75.3745
 10
110.32066666666667
 20
75.438
 10
110.27833333333334
 20
75.5015
 10
110.27833333333334
 20
75.6285
 10
110.32066666666667
 20
75.79783333333333
 10
110.32066666666667
 20
76.17883333333333
 10
110.27833333333334
 20
76.24233333333333
 10
110.27833333333334
 20
76.34816666666667
 10
110.32066666666667
 20
76.454
 10
110.32066666666667
 20
76.60216666666666
 10
110.2995
 20
76.81383333333333
 10
110.25716666666666
 20
76.87733333333333
 10
110.23599999999999
 20
76.94083333333333
 10
110.23599999999999
 20
76.98316666666666
 10
110.2995
 20
77.089
 10
110.27833333333334
 20
77.51233333333333
 10
110.27833333333334
 20
77.70283333333333
 10
110.2995
 20
77.851
 10
110.34183333333333
 20
77.93566666666666
 10
110.34183333333333
 20
78.14733333333334
 10
110.2995
 20
78.21083333333333
 10
110.27833333333334
 20
78.5495
 10
110.2995
 20
78.78233333333333
 10
110.2995
 20
78.95166666666667
 10
110.27833333333334
 20
79.01516666666666
 10
110.23599999999999
 20
79.07866666666666
 10
110.21483333333333
 20
79.14216666666667
 10
110.23599999999999
 20
79.20566666666666
 10
110.27833333333334
 20
79.26916666666666
 10
110.27833333333334
 20
79.45966666666666
 10
110.21483333333333
 20
79.5655
 10
110.21483333333333
 20
79.71366666666667
 10
110.23599999999999
 20
79.77716666666666
 10
110.27833333333334
 20
79.86183333333334
 10
110.27833333333334
 20
80.0735
 10
110.25716666666666
 20
80.137
 10
110.21483333333333
 20
80.20049999999999
 10
110.21483333333333
 20
80.24283333333334
 10
110.23599999999999
 20
80.53916666666666
 10
110.27833333333334
 20
80.68733333333333
 10
110.27833333333334
 20
80.87783333333333
 10
110.23599999999999
 20
81.06833333333333
 10
110.25716666666666
 20
81.30116666666666
 10
110.25716666666666
 20
81.38583333333334
 10
110.23599999999999
 20
81.4705
 10
110.19366666666666
 20
81.55516666666666
 10
110.19366666666666
 20
81.74566666666666
 10
110.23599999999999
 20
82.19016666666667
 10
110.23599999999999
 20
82.38066666666667
 10
110.19366666666666
 20
82.48649999999999
 10
110.1725
 20
82.55
 10
110.1725
 20
82.7405
 10
110.21483333333333
 20
82.84633333333333
 10
110.19366666666666
 20
83.01566666666666
 10
110.19366666666666
 20
83.10033333333332
 10
110.19366666666666
 20
83.71416666666667
 10
110.19366666666666
 20
83.7565
 10
110.21483333333333
 20
83.86233333333332
 10
110.19366666666666
 20
84.09516666666667
 10
110.15133333333333
 20
84.15866666666666
 10
110.15133333333333
 20
84.2645
 10
110.1725
 20
84.455
 10
110.1725
 20
84.5185
 10
110.15133333333333
 20
84.6455
 10
110.15133333333333
 20
84.73016666666666
 10
110.19366666666666
 20
84.85716666666666
 10
110.19366666666666
 20
85.344
 10
110.23599999999999
 20
85.42866666666666
 10
110.23599999999999
 20
85.49216666666666
 10
110.19366666666666
 20
85.55566666666667
 10
110.1725
 20
85.61916666666666
 10
110.1725
 20
85.70383333333334
 10
110.21483333333333
 20
85.76733333333333
 10
110.21483333333333
 20
85.83083333333333
 10
110.21483333333333
 20
85.89433333333334
 10
110.19366666666666
 20
86.00016666666666
 10
110.19366666666666
 20
86.08483333333334
 10
110.21483333333333
 20
86.31766666666667
 10
110.19366666666666
 20
86.97383333333333
 10
110.15133333333333
 20
87.03733333333334
 10
110.15133333333333
 20
87.29133333333333
 10
110.19366666666666
 20
87.4395
 10
110.1725
 20
87.52416666666666
 10
110.1725
 20
87.84166666666667
 10
110.1725
 20
88.09566666666666
 10
110.19366666666666
 20
88.392
 10
110.15133333333333
 20
88.49783333333333
 10
110.15133333333333
 20
88.62483333333333
 10
110.19366666666666
 20
88.75183333333334
 10
110.19366666666666
 20
88.9635
 10
110.1725
 20
89.30216666666666
 10
110.1725
 20
89.36566666666667
 10
110.15133333333333
 20
89.535
 10
110.15133333333333
 20
89.61966666666666
 10
110.19366666666666
 20
89.83133333333333
 10
110.19366666666666
 20
89.95833333333333
 10
110.15133333333333
 20
90.02183333333333
 10
110.15133333333333
 20
90.19116666666666
 10
110.19366666666666
 20
90.27583333333332
 10
110.19366666666666
 20
90.44516666666667
 10
110.1725
 20
90.69916666666667
 10
110.19366666666666
 20
91.33416666666666
 10
110.15133333333333
 20
91.44
 10
110.15133333333333
 20
91.48233333333333
 10
110.15133333333333
 20
91.54583333333333
 10
110.1725
 20
91.6305
 10
110.15133333333333
 20
91.79983333333332
 10
110.15133333333333
 20
91.92683333333333
 10
110.19366666666666
 20
93.38733333333333
 10
110.19366666666666
 20
93.70483333333333
 10
110.1725
 20
94.14933333333333
 10
110.13016666666667
 20
94.46683333333333
 10
110.13016666666667
 20
94.53033333333333
 10
110.1725
 20
94.63616666666667
 10
110.1725
 20
94.74199999999999
 10
110.15133333333333
 20
94.89016666666666
 10
110.109
 20
94.996
 10
110.109
 20
95.0595
 10
110.15133333333333
 20
95.12299999999999
 10
110.1725
 20
95.1865
 10
110.1725
 20
95.22883333333333
 10
110.15133333333333
 20
95.48283333333333
 10
110.109
 20
95.54633333333334
 10
110.109
 20
95.67333333333333
 10
110.15133333333333
 20
95.73683333333334
 10
110.15133333333333
 20
95.92733333333334
 10
110.15133333333333
 20
96.393
 10
110.15133333333333
 20
96.43533333333333
 10
110.13016666666667
 20
96.60466666666666
 10
110.15133333333333
 20
96.901
 10
110.109
 20
97.00683333333333
 10
110.109
 20
97.0915
 10
110.15133333333333
 20
97.155
 10
110.1725
 20
97.21849999999999
 10
110.19366666666666
 20
97.30316666666667
 10
110.19366666666666
 20
97.64183333333332
 10
110.1725
 20
97.87466666666667
 10
110.13016666666667
 20
97.93816666666666
 10
110.13016666666667
 20
98.06516666666667
 10
110.15133333333333
 20
98.298
 10
110.13016666666667
 20
98.65783333333333
 10
110.109
 20
98.89066666666666
 10
110.06666666666666
 20
99.01766666666667
 10
110.06666666666666
 20
99.10233333333333
 10
110.109
 20
99.46216666666666
 10
110.08783333333334
 20
99.67383333333333
 10
110.08783333333334
 20
99.71616666666667
 10
110.13016666666667
 20
99.80083333333333
 10
110.13016666666667
 20
99.949
 10
110.08783333333334
 20
100.09716666666667
 10
110.109
 20
100.28766666666667
 10
110.109
 20
100.43583333333333
 10
110.06666666666666
 20
100.9015
 10
110.06666666666666
 20
100.98616666666666
 10
110.08783333333334
 20
101.13433333333333
 10
110.06666666666666
 20
101.17666666666666
 10
110.02433333333333
 20
101.219
 10
110.00316666666666
 20
101.26133333333333
 10
110.00316666666666
 20
101.32483333333333
 10
110.04549999999999
 20
101.4095
 10
110.04549999999999
 20
101.727
 10
110.02433333333333
 20
102.25616666666666
 10
110.00316666666666
 20
102.53133333333334
 10
109.982
 20
102.76416666666667
 10
109.96083333333333
 20
102.84883333333333
 10
109.93966666666667
 20
102.9335
 10
109.89733333333334
 20
103.03933333333333
 10
109.87616666666666
 20
103.14516666666667
 10
109.87616666666666
 20
103.33566666666667
 10
109.83383333333333
 20
103.44149999999999
 10
109.81266666666666
 20
103.505
 10
109.83383333333333
 20
103.65316666666666
 10
109.83383333333333
 20
103.6955
 10
109.7915
 20
103.80133333333333
 10
109.7915
 20
103.90716666666667
 10
109.77033333333333
 20
103.99183333333333
 10
109.74916666666667
 20
104.09766666666667
 10
109.728
 20
104.18233333333333
 10
109.68566666666666
 20
104.267
 10
109.68566666666666
 20
104.3305
 10
109.6645
 20
104.43633333333334
 10
109.64333333333333
 20
104.47866666666667
 10
109.601
 20
104.521
 10
109.55866666666667
 20
104.60566666666666
 10
109.55866666666667
 20
104.85966666666667
 10
109.5375
 20
104.94433333333333
 10
109.51633333333334
 20
105.00783333333332
 10
109.474
 20
105.0925
 10
109.45283333333333
 20
105.15599999999999
 10
109.45283333333333
 20
105.30416666666666
 10
109.43166666666666
 20
105.38883333333332
 10
109.347
 20
105.53699999999999
 10
109.32583333333334
 20
105.6005
 10
109.32583333333334
 20
105.64283333333333
 10
109.30466666666666
 20
105.70633333333333
 10
109.2835
 20
105.76983333333332
 10
109.22
 20
105.89683333333333
 10
109.17766666666667
 20
105.93916666666667
 10
109.1565
 20
105.9815
 10
109.1565
 20
106.045
 10
109.07183333333333
 20
106.19316666666667
 10
109.07183333333333
 20
106.27783333333333
 10
109.05066666666666
 20
106.3625
 10
109.0295
 20
106.40483333333333
 10
108.98716666666667
 20
106.44716666666666
 10
108.966
 20
106.48949999999999
 10
108.94483333333334
 20
106.59533333333333
 10
108.94483333333334
 20
106.67999999999999
 10
108.92366666666666
 20
106.76466666666667
 10
108.88133333333333
 20
106.84933333333333
 10
108.839
 20
106.89166666666667
 10
108.81783333333333
 20
106.95516666666667
 10
108.7755
 20
106.9975
 10
108.73316666666666
 20
107.06099999999999
 10
108.69083333333333
 20
107.14566666666667
 10
108.66966666666666
 20
107.20916666666666
 10
108.6485
 20
107.27266666666667
 10
108.6485
 20
107.315
 10
108.62733333333333
 20
107.39966666666666
 10
108.60616666666667
 20
107.46316666666667
 10
108.56383333333333
 20
107.54783333333333
 10
108.5215
 20
107.61133333333333
 10
108.47916666666666
 20
107.65366666666667
 10
108.43683333333333
 20
107.7595
 10
108.3945
 20
107.80183333333333
 10
108.331
 20
107.92883333333333
 10
108.331
 20
107.97116666666666
 10
108.28866666666666
 20
108.03466666666667
 10
108.28866666666666
 20
108.077
 10
108.22516666666667
 20
108.204
 10
108.18283333333333
 20
108.24633333333333
 10
108.16166666666666
 20
108.30983333333333
 10
108.09816666666666
 20
108.37333333333333
 10
108.05583333333333
 20
108.43683333333333
 10
107.99233333333333
 20
108.56383333333333
 10
107.99233333333333
 20
108.60616666666667
 10
107.90766666666666
 20
108.7755
 10
107.86533333333333
 20
108.839
 10
107.823
 20
108.9025
 10
107.78066666666666
 20
108.94483333333334
 10
107.73833333333333
 20
109.05066666666666
 10
107.696
 20
109.11416666666666
 10
107.52666666666666
 20
109.2835
 10
107.46316666666667
 20
109.36816666666667
 10
107.42083333333333
 20
109.43166666666666
 10
107.3785
 20
109.49516666666666
 10
107.29383333333332
 20
109.68566666666666
 10
107.2515
 20
109.74916666666667
 10
107.14566666666667
 20
109.855
 10
107.08216666666667
 20
109.96083333333333
 10
106.97633333333333
 20
110.06666666666666
 10
106.95516666666667
 20
110.13016666666667
 10
106.87049999999999
 20
110.21483333333333
 10
106.807
 20
110.2995
 10
106.76466666666667
 20
110.38416666666666
 10
106.70116666666667
 20
110.46883333333334
 10
106.40483333333333
 20
110.76516666666666
 10
106.3625
 20
110.84983333333334
 10
106.2355
 20
110.97683333333333
 10
106.172
 20
111.08266666666667
 10
106.00266666666667
 20
111.252
 10
105.91799999999999
 20
111.37899999999999
 10
105.76983333333332
 20
111.54833333333333
 10
105.55816666666666
 20
111.78116666666666
 10
105.51583333333333
 20
111.8235
 10
105.41
 20
111.887
 10
105.17716666666666
 20
112.11983333333333
 10
105.13483333333333
 20
112.14099999999999
 10
105.07133333333333
 20
112.14099999999999
 10
104.98666666666666
 20
112.22566666666667
 10
104.96549999999999
 20
112.28916666666666
 10
104.96549999999999
 20
112.35266666666666
 10
104.94433333333333
 20
112.395
 10
104.73266666666666
 20
112.5855
 10
104.62683333333334
 20
112.69133333333333
 10
104.47866666666667
 20
112.8395
 10
104.41516666666666
 20
112.90299999999999
 10
104.30933333333333
 20
113.05116666666666
 10
103.80133333333333
 20
113.55916666666667
 10
103.71666666666667
 20
113.68616666666667
 10
103.58966666666666
 20
113.81316666666666
 10
103.52616666666667
 20
113.919
 10
103.42033333333333
 20
114.02483333333333
 10
103.3145
 20
114.1095
 10
103.25099999999999
 20
114.1095
 10
103.1875
 20
114.173
 10
103.22983333333333
 20
114.25766666666667
 10
103.22983333333333
 20
114.32116666666667
 10
103.14516666666667
 20
114.4905
 10
103.10283333333334
 20
114.53283333333333
 10
103.03933333333333
 20
114.681
 10
102.997
 20
114.7445
 10
102.89116666666666
 20
114.85033333333332
 10
102.89116666666666
 20
114.95616666666666
 10
102.86999999999999
 20
115.01966666666667
 10
102.84883333333333
 20
115.08316666666666
 10
102.72183333333334
 20
115.33716666666666
 10
102.67949999999999
 20
115.40066666666667
 10
102.63716666666666
 20
115.443
 10
102.616
 20
115.5065
 10
102.5525
 20
115.57
 10
102.51016666666666
 20
115.6335
 10
102.48899999999999
 20
115.67583333333333
 10
102.48899999999999
 20
115.78166666666667
 10
102.46783333333333
 20
115.84516666666666
 10
102.40433333333333
 20
115.951
 10
102.40433333333333
 20
115.99333333333333
 10
102.362
 20
116.05683333333333
 10
102.362
 20
116.09916666666666
 10
102.31966666666666
 20
116.16266666666667
 10
102.29849999999999
 20
116.22616666666666
 10
102.27733333333333
 20
116.31083333333333
 10
102.27733333333333
 20
116.41666666666666
 10
102.21383333333333
 20
116.54366666666667
 10
102.1715
 20
116.586
 10
102.15033333333334
 20
116.6495
 10
102.15033333333334
 20
116.7765
 10
102.12916666666666
 20
116.86116666666666
 10
102.108
 20
116.9035
 10
102.06566666666666
 20
116.94583333333333
 10
102.02333333333333
 20
117.00933333333333
 10
102.00216666666667
 20
117.24216666666666
 10
102.00216666666667
 20
117.475
 10
101.95983333333334
 20
117.60199999999999
 10
101.95983333333334
 20
117.94066666666666
 10
101.9175
 20
118.06766666666667
 10
101.93866666666666
 20
118.21583333333334
 10
101.93866666666666
 20
118.3005
 10
101.93866666666666
 20
118.82966666666667
 10
101.93866666666666
 20
118.91433333333333
 10
101.9175
 20
118.97783333333334
 10
101.87516666666666
 20
119.04133333333333
 10
101.854
 20
119.12599999999999
 10
101.854
 20
119.21066666666667
 10
101.854
 20
119.27416666666666
 10
101.854
 20
119.31649999999999
 10
101.89633333333333
 20
119.40116666666667
 10
101.89633333333333
 20
119.46466666666666
 10
101.854
 20
119.5705
 10
101.83283333333333
 20
119.9515
 10
101.83283333333333
 20
120.09966666666666
 10
101.87516666666666
 20
120.22666666666666
 10
101.89633333333333
 20
120.31133333333332
 10
101.89633333333333
 20
120.41716666666666
 10
101.854
 20
120.56533333333333
 10
101.854
 20
120.7135
 10
101.89633333333333
 20
120.904
 10
101.89633333333333
 20
120.94633333333333
 10
101.87516666666666
 20
121.11566666666667
 10
101.83283333333333
 20
121.20033333333333
 10
101.81166666666667
 20
121.285
 10
101.81166666666667
 20
121.32733333333333
 10
101.854
 20
121.41199999999999
 10
101.854
 20
121.64483333333332
 10
101.854
 20
122.59733333333332
 10
101.83283333333333
 20
122.95716666666667
 10
101.83283333333333
 20
123.063
 10
101.83283333333333
 20
123.35933333333332
 10
101.87516666666666
 20
123.54983333333332
 10
101.87516666666666
 20
123.61333333333333
 10
101.854
 20
123.7615
 10
101.89633333333333
 20
123.84616666666666
 10
101.9175
 20
123.90966666666667
 10
101.9175
 20
123.99433333333333
 10
101.9175
 20
124.05783333333333
 10
101.93866666666666
 20
124.1425
 10
101.93866666666666
 20
124.2695
 10
101.95983333333334
 20
124.333
 10
102.00216666666667
 20
124.3965
 10
102.06566666666666
 20
124.46
 10
102.08683333333333
 20
124.50233333333333
 10
102.108
 20
124.587
 10
102.12916666666666
 20
124.714
 10
102.12916666666666
 20
124.81983333333334
 10
102.1715
 20
124.9045
 10
102.19266666666667
 20
124.968
 10
102.21383333333333
 20
125.13733333333333
 10
102.21383333333333
 20
125.222
 10
102.19266666666667
 20
125.32783333333333
 10
102.21383333333333
 20
125.4125
 10
102.25616666666666
 20
125.49716666666666
 10
102.27733333333333
 20
125.56066666666666
 10
102.27733333333333
 20
125.70883333333333
 10
102.235
 20
125.87816666666666
 10
102.25616666666666
 20
126.21683333333333
 10
102.25616666666666
 20
126.30149999999999
 10
102.235
 20
126.38616666666667
 10
102.21383333333333
 20
126.44966666666666
 10
102.1715
 20
126.49199999999999
 10
102.12916666666666
 20
126.57666666666667
 10
102.12916666666666
 20
126.619
 10
102.15033333333334
 20
126.76716666666667
 10
102.12916666666666
 20
126.8095
 10
102.08683333333333
 20
126.85183333333333
 10
102.06566666666666
 20
126.9365
 10
102.06566666666666
 20
127.02116666666666
 10
102.0445
 20
127.08466666666666
 10
101.981
 20
127.1905
 10
101.95983333333334
 20
127.25399999999999
 10
101.93866666666666
 20
127.3175
 10
101.9175
 20
127.381
 10
101.9175
 20
127.46566666666666
 10
101.89633333333333
 20
127.5715
 10
101.87516666666666
 20
127.61383333333333
 10
101.83283333333333
 20
127.65616666666666
 10
101.74816666666666
 20
127.84666666666666
 10
101.68466666666666
 20
127.91016666666667
 10
101.57883333333334
 20
128.143
 10
101.49416666666666
 20
128.22766666666666
 10
101.45183333333333
 20
128.31233333333333
 10
101.30366666666666
 20
128.4605
 10
101.2825
 20
128.524
 10
101.13433333333333
 20
128.651
 10
101.0285
 20
128.75683333333333
 10
100.88033333333333
 20
128.92616666666666
 10
100.81683333333334
 20
128.9685
 10
100.711
 20
129.01083333333332
 10
100.49933333333333
 20
129.2225
 10
100.41466666666666
 20
129.286
 10
100.33
 20
129.3495
 10
100.22416666666666
 20
129.39183333333332
 10
100.18183333333333
 20
129.43416666666667
 10
100.1395
 20
129.45533333333333
 10
100.09716666666667
 20
129.45533333333333
 10
99.92783333333333
 20
129.54
 10
99.86433333333333
 20
129.6035
 10
99.71616666666667
 20
129.667
 10
99.67383333333333
 20
129.70933333333332
 10
99.6315
 20
129.7305
 10
99.568
 20
129.75166666666667
 10
99.5045
 20
129.77283333333332
 10
99.441
 20
129.79399999999998
 10
99.3775
 20
129.81516666666667
 10
99.29283333333333
 20
129.81516666666667
 10
99.20816666666667
 20
129.8575
 10
99.10233333333333
 20
129.87866666666667
 10
98.95416666666667
 20
129.87866666666667
 10
98.89066666666666
 20
129.89983333333333
 10
98.806
 20
129.94216666666665
 10
98.679
 20
129.94216666666665
 10
98.57316666666667
 20
129.9845
 10
98.46733333333333
 20
129.9845
 10
98.25566666666667
 20
129.96333333333334
  0
LWPOLYLINE
  5
44
330
17
100
AcDbEntity
  8
0
100
AcDbPolyline
 90
87
 70
1
 10
98.76366666666667
 20
47.3075
 10
99.01766666666667
 20
47.3075
 10
99.14466666666667
 20
47.28633333333333
 10
99.2505
 20
47.265166666666666
 10
99.33516666666667
 20
47.244
 10
99.39866666666667
 20
47.222833333333334
 10
99.46216666666666
 20
47.1805
 10
99.5045
 20
47.1805
 10
99.71616666666667
 20
47.074666666666666
 10
100.0125
 20
46.77833333333333
 10
100.05483333333333
 20
46.693666666666665
 10
100.05483333333333
 20
46.65133333333333
 10
100.076
 20
46.609
 10
100.11833333333333
 20
46.56666666666666
 10
100.1395
 20
46.503166666666665
 10
100.18183333333333
 20
46.46083333333333
 10
100.203
 20
46.39733333333333
 10
100.24533333333333
 20
46.355
 10
100.2665
 20
46.2915
 10
100.30883333333333
 20
46.24916666666667
 10
100.35116666666666
 20
46.1645
 10
100.37233333333333
 20
46.05866666666667
 10
100.37233333333333
 20
45.825833333333335
 10
100.35116666666666
 20
45.76233333333333
 10
100.30883333333333
 20
45.69883333333333
 10
100.28766666666667
 20
45.61416666666666
 10
100.2665
 20
45.48716666666667
 10
100.2665
 20
45.31783333333333
 10
100.28766666666667
 20
45.2755
 10
100.33
 20
45.23316666666666
 10
100.33
 20
45.169666666666664
 10
100.24533333333333
 20
45.085
 10
100.18183333333333
 20
45.063833333333335
 10
100.11833333333333
 20
45.063833333333335
 10
100.076
 20
45.04266666666666
 10
100.03366666666666
 20
45.00033333333333
 10
99.97016666666666
 20
44.979166666666664
 10
99.7585
 20
44.7675
 10
99.65266666666666
 20
44.682833333333335
 10
99.58916666666667
 20
44.640499999999996
 10
99.52566666666667
 20
44.61933333333333
 10
99.441
 20
44.598166666666664
 10
99.33516666666667
 20
44.598166666666664
 10
99.2505
 20
44.577
 10
99.187
 20
44.55583333333333
 10
99.12349999999999
 20
44.5135
 10
99.03883333333333
 20
44.492333333333335
 10
98.806
 20
44.492333333333335
 10
98.74249999999999
 20
44.5135
 10
98.679
 20
44.534666666666666
 10
98.6155
 20
44.55583333333333
 10
98.53083333333333
 20
44.577
 10
98.46733333333333
 20
44.61933333333333
 10
98.425
 20
44.61933333333333
 10
98.36149999999999
 20
44.640499999999996
 10
98.298
 20
44.66166666666667
 10
98.25566666666667
 20
44.704
 10
98.19216666666667
 20
44.72516666666667
 10
98.06516666666667
 20
44.85216666666666
 10
98.044
 20
44.91566666666667
 10
97.98049999999999
 20
44.979166666666664
 10
97.917
 20
45.00033333333333
 10
97.81116666666667
 20
45.10616666666667
 10
97.78999999999999
 20
45.169666666666664
 10
97.7265
 20
45.23316666666666
 10
97.68416666666667
 20
45.29666666666667
 10
97.64183333333332
 20
45.360166666666665
 10
97.57833333333333
 20
45.48716666666667
 10
97.55716666666666
 20
45.95283333333333
 10
97.55716666666666
 20
46.24916666666667
 10
97.57833333333333
 20
46.312666666666665
 10
97.59949999999999
 20
46.37616666666666
 10
97.663
 20
46.503166666666665
 10
97.70533333333333
 20
46.5455
 10
97.74766666666666
 20
46.65133333333333
 10
97.81116666666667
 20
46.736
 10
97.89583333333333
 20
46.82066666666667
 10
97.917
 20
46.884166666666665
 10
98.02283333333332
 20
46.99
 10
98.08633333333333
 20
47.01116666666667
 10
98.21333333333332
 20
47.13816666666666
 10
98.25566666666667
 20
47.15933333333333
 10
98.31916666666666
 20
47.15933333333333
 10
98.36149999999999
 20
47.1805
 10
98.40383333333332
 20
47.222833333333334
 10
98.4885
 20
47.265166666666666
 10
98.6155
 20
47.28633333333333
  0
LWPOLYLINE
  5
45
330
17
100
AcDbEntity
  8
0
100
AcDbPolyline
 90
86
 70
1
 10
98.1075
 20
127.14816666666667
 10
98.34033333333333
 20
127.14816666666667
 10
98.50966666666666
 20
127.127
 10
98.57316666666667
 20
127.10583333333334
 10
98.63666666666667
 20
127.08466666666666
 10
98.78483333333332
 20
127.0
 10
98.82716666666667
 20
127.0
 10
98.8695
 20
126.95766666666667
 10
98.93299999999999
 20
126.9365
 10
98.97533333333332
 20
126.89416666666666
 10
99.03883333333333
 20
126.89416666666666
 10
99.12349999999999
 20
126.87299999999999
 10
99.16583333333332
 20
126.85183333333333
 10
99.48333333333333
 20
126.53433333333334
 10
99.5045
 20
126.49199999999999
 10
99.5045
 20
126.44966666666666
 10
99.54683333333332
 20
126.38616666666667
 10
99.54683333333332
 20
126.34383333333334
 10
99.61033333333333
 20
126.238
 10
99.6315
 20
126.1745
 10
99.65266666666666
 20
126.08983333333333
 10
99.67383333333333
 20
125.984
 10
99.67383333333333
 20
125.81466666666667
 10
99.6315
 20
125.72999999999999
 10
99.6315
 20
125.68766666666666
 10
99.65266666666666
 20
125.56066666666666
 10
99.61033333333333
 20
125.49716666666666
 10
99.61033333333333
 20
125.45483333333333
 10
99.58916666666667
 20
125.39133333333334
 10
99.568
 20
125.32783333333333
 10
99.5045
 20
125.222
 10
99.5045
 20
125.17966666666666
 10
99.46216666666666
 20
125.11616666666666
 10
99.46216666666666
 20
125.01033333333334
 10
99.441
 20
124.94683333333333
 10
99.33516666666667
 20
124.841
 10
99.08116666666666
 20
124.60816666666666
 10
98.8695
 20
124.50233333333333
 10
98.82716666666667
 20
124.50233333333333
 10
98.78483333333332
 20
124.48116666666667
 10
98.74249999999999
 20
124.43883333333333
 10
98.65783333333333
 20
124.3965
 10
98.55199999999999
 20
124.37533333333333
 10
98.40383333333332
 20
124.35416666666666
 10
98.2345
 20
124.333
 10
98.044
 20
124.333
 10
97.98049999999999
 20
124.35416666666666
 10
97.93816666666666
 20
124.37533333333333
 10
97.83233333333332
 20
124.48116666666667
 10
97.7265
 20
124.50233333333333
 10
97.49366666666667
 20
124.50233333333333
 10
97.45133333333332
 20
124.5235
 10
97.36666666666666
 20
124.60816666666666
 10
97.30316666666667
 20
124.6505
 10
97.23966666666666
 20
124.67166666666667
 10
97.13383333333333
 20
124.7775
 10
97.11266666666667
 20
124.81983333333334
 10
97.11266666666667
 20
124.86216666666667
 10
96.94333333333333
 20
125.0315
 10
96.901
 20
125.11616666666666
 10
96.87983333333334
 20
125.20083333333334
 10
96.87983333333334
 20
125.32783333333333
 10
96.79516666666666
 20
125.4125
 10
96.774
 20
125.49716666666666
 10
96.75283333333333
 20
125.603
 10
96.75283333333333
 20
125.75116666666666
 10
96.73166666666667
 20
125.83583333333333
 10
96.66816666666666
 20
125.94166666666666
 10
96.66816666666666
 20
126.00516666666667
 10
96.75283333333333
 20
126.08983333333333
 10
96.79516666666666
 20
126.15333333333334
 10
96.92216666666667
 20
126.40733333333333
 10
96.92216666666667
 20
126.44966666666666
 10
96.94333333333333
 20
126.51316666666666
 10
96.9645
 20
126.5555
 10
97.17616666666666
 20
126.76716666666667
 10
97.282
 20
126.76716666666667
 10
97.3455
 20
126.78833333333333
 10
97.40899999999999
 20
126.85183333333333
 10
97.4725
 20
126.9365
 10
97.59949999999999
 20
127.0
 10
97.663
 20
127.02116666666666
 10
97.70533333333333
 20
127.02116666666666
 10
97.81116666666667
 20
127.08466666666666
 10
97.87466666666667
 20
127.10583333333334
 10
97.93816666666666
 20
127.127
  0
LWPOLYLINE
  5
46
330
17
100
AcDbEntity
  8
0
100
AcDbPolyline
 90
1285
 70
1
 10
59.92283333333333
 20
132.94783333333334
 10
59.838166666666666
 20
132.92666666666668
 10
59.753499999999995
 20
132.88433333333333
 10
59.66883333333333
 20
132.86316666666667
 10
59.52066666666666
 20
132.86316666666667
 10
59.436
 20
132.82083333333333
 10
59.372499999999995
 20
132.75733333333332
 10
59.2455
 20
132.7785
 10
59.16083333333333
 20
132.7785
 10
59.055
 20
132.73616666666666
 10
58.90683333333333
 20
132.73616666666666
 10
58.843333333333334
 20
132.715
 10
58.7375
 20
132.6515
 10
58.695166666666665
 20
132.6515
 10
58.63166666666667
 20
132.63033333333334
 10
58.56816666666666
 20
132.60916666666665
 10
58.4835
 20
132.54566666666668
 10
58.44116666666667
 20
132.50333333333333
 10
58.39883333333333
 20
132.48216666666667
 10
58.33533333333333
 20
132.48216666666667
 10
58.27183333333333
 20
132.46099999999998
 10
58.123666666666665
 20
132.31283333333332
 10
58.06016666666667
 20
132.29166666666666
 10
57.9755
 20
132.29166666666666
 10
57.89083333333333
 20
132.24933333333334
 10
57.82733333333333
 20
132.18583333333333
 10
57.785
 20
132.16466666666668
 10
57.742666666666665
 20
132.16466666666668
 10
57.658
 20
132.1435
 10
57.61566666666666
 20
132.12233333333333
 10
57.50983333333333
 20
132.0165
 10
57.446333333333335
 20
131.97416666666666
 10
57.38283333333333
 20
131.953
 10
57.31933333333333
 20
131.91066666666666
 10
57.277
 20
131.826
 10
57.19233333333333
 20
131.74133333333333
 10
57.04416666666666
 20
131.67783333333333
 10
56.85366666666666
 20
131.48733333333334
 10
56.81133333333333
 20
131.445
 10
56.74783333333333
 20
131.3815
 10
56.684333333333335
 20
131.27566666666667
 10
56.62083333333333
 20
131.21216666666666
 10
56.515
 20
131.16983333333334
 10
56.43033333333333
 20
131.08516666666665
 10
56.409166666666664
 20
131.04283333333333
 10
56.388
 20
130.97933333333333
 10
56.388
 20
130.93699999999998
 10
56.303333333333335
 20
130.85233333333332
 10
56.218666666666664
 20
130.81
 10
56.17633333333333
 20
130.76766666666666
 10
56.134
 20
130.70416666666665
 10
56.070499999999996
 20
130.55599999999998
 10
56.007
 20
130.47133333333332
 10
55.9435
 20
130.40783333333334
 10
55.879999999999995
 20
130.32316666666665
 10
55.774166666666666
 20
130.1115
 10
55.774166666666666
 20
130.06916666666666
 10
55.753
 20
130.00566666666666
 10
55.71066666666667
 20
129.94216666666665
 10
55.66833333333333
 20
129.89983333333333
 10
55.626
 20
129.83633333333333
 10
55.5625
 20
129.70933333333332
 10
55.5625
 20
129.64583333333334
 10
55.47783333333333
 20
129.49766666666667
 10
55.47783333333333
 20
129.3495
 10
55.4355
 20
129.26483333333334
 10
55.4355
 20
129.13783333333333
 10
55.308499999999995
 20
129.01083333333332
 10
55.28733333333333
 20
128.94733333333332
 10
55.28733333333333
 20
128.88383333333334
 10
55.26616666666666
 20
128.82033333333334
 10
55.202666666666666
 20
128.7145
 10
55.1815
 20
128.651
 10
55.160333333333334
 20
128.56633333333332
 10
55.160333333333334
 20
128.24883333333332
 10
55.13916666666667
 20
128.03716666666665
 10
55.117999999999995
 20
127.91016666666667
 10
55.07566666666666
 20
127.80433333333333
 10
55.0545
 20
127.6985
 10
55.03333333333333
 20
127.61383333333333
 10
55.03333333333333
 20
127.21166666666666
 10
54.991
 20
127.10583333333334
 10
55.012166666666666
 20
126.70366666666666
 10
55.012166666666666
 20
126.59783333333333
 10
54.969833333333334
 20
125.92049999999999
 10
54.969833333333334
 20
125.81466666666667
 10
54.991
 20
125.68766666666666
 10
54.991
 20
125.62416666666667
 10
54.969833333333334
 20
125.476
 10
54.94866666666667
 20
125.2855
 10
54.9275
 20
124.94683333333333
 10
54.94866666666667
 20
124.587
 10
54.94866666666667
 20
124.50233333333333
 10
54.90633333333333
 20
124.3965
 10
54.90633333333333
 20
124.12133333333333
 10
54.9275
 20
123.86733333333333
 10
54.94866666666667
 20
123.80383333333333
 10
54.991
 20
123.74033333333333
 10
54.969833333333334
 20
123.571
 10
54.969833333333334
 20
123.46516666666666
 10
55.012166666666666
 20
123.3805
 10
55.012166666666666
 20
123.19
 10
55.0545
 20
123.08416666666666
 10
55.0545
 20
123.04183333333333
 10
55.03333333333333
 20
122.95716666666667
 10
54.991
 20
122.85133333333333
 10
54.991
 20
122.74549999999999
 10
54.94866666666667
 20
122.682
 10
54.9275
 20
122.6185
 10
54.9275
 20
122.4915
 10
54.88516666666666
 20
122.36449999999999
 10
54.864
 20
122.19516666666667
 10
54.864
 20
122.08933333333333
 10
54.88516666666666
 20
121.75066666666666
 10
54.88516666666666
 20
120.84049999999999
 10
54.88516666666666
 20
120.7135
 10
54.88516666666666
 20
120.41716666666666
 10
54.88516666666666
 20
120.29016666666666
 10
54.864
 20
120.142
 10
54.90633333333333
 20
120.05733333333333
 10
54.90633333333333
 20
119.99383333333333
 10
54.88516666666666
 20
119.90916666666666
 10
54.84283333333333
 20
119.80333333333333
 10
54.864
 20
119.31649999999999
 10
54.84283333333333
 20
119.02016666666667
 10
54.864
 20
118.85083333333333
 10
54.864
 20
118.46983333333333
 10
54.864
 20
118.4275
 10
54.821666666666665
 20
118.3005
 10
54.8005
 20
118.15233333333333
 10
54.84283333333333
 20
117.89833333333333
 10
54.84283333333333
 20
117.79249999999999
 10
54.84283333333333
 20
117.05166666666666
 10
54.821666666666665
 20
116.50133333333333
 10
54.84283333333333
 20
116.05683333333333
 10
54.84283333333333
 20
115.8875
 10
54.8005
 20
115.52766666666666
 10
54.8005
 20
115.443
 10
54.821666666666665
 20
115.04083333333332
 10
54.8005
 20
114.91383333333333
 10
54.75816666666667
 20
114.80799999999999
 10
54.75816666666667
 20
114.76566666666666
 10
54.779333333333334
 20
114.4905
 10
54.737
 20
114.42699999999999
 10
54.75816666666667
 20
114.00366666666666
 10
54.737
 20
113.85549999999999
 10
54.737
 20
113.81316666666666
 10
54.75816666666667
 20
113.70733333333332
 10
54.8005
 20
113.58033333333333
 10
54.8005
 20
113.45333333333333
 10
54.75816666666667
 20
113.38983333333333
 10
54.737
 20
113.28399999999999
 10
54.71583333333333
 20
113.03
 10
54.737
 20
112.92416666666666
 10
54.737
 20
112.88183333333333
 10
54.71583333333333
 20
112.67016666666666
 10
54.75816666666667
 20
112.5855
 10
54.75816666666667
 20
112.50083333333333
 10
54.71583333333333
 20
112.41616666666667
 10
54.71583333333333
 20
112.268
 10
54.75816666666667
 20
112.0775
 10
54.75816666666667
 20
111.97166666666666
 10
54.71583333333333
 20
111.90816666666666
 10
54.69466666666666
 20
111.8235
 10
54.69466666666666
 20
111.633
 10
54.737
 20
111.37899999999999
 10
54.71583333333333
 20
111.04033333333334
 10
54.75816666666667
 20
110.9345
 10
54.75816666666667
 20
110.78633333333333
 10
54.71583333333333
 20
110.744
 10
54.69466666666666
 20
110.70166666666667
 10
54.6735
 20
110.13016666666667
 10
54.6735
 20
109.93966666666667
 10
54.71583333333333
 20
109.855
 10
54.71583333333333
 20
109.7915
 10
54.71583333333333
 20
109.74916666666667
 10
54.6735
 20
109.64333333333333
 10
54.65233333333333
 20
109.55866666666667
 10
54.6735
 20
109.30466666666666
 10
54.6735
 20
109.22
 10
54.631166666666665
 20
109.13533333333334
 10
54.631166666666665
 20
109.05066666666666
 10
54.65233333333333
 20
108.88133333333333
 10
54.631166666666665
 20
108.712
 10
54.631166666666665
 20
108.09816666666666
 10
54.631166666666665
 20
108.05583333333333
 10
54.65233333333333
 20
107.696
 10
54.631166666666665
 20
107.54783333333333
 10
54.58883333333333
 20
107.35733333333333
 10
54.56766666666667
 20
107.20916666666666
 10
54.5465
 20
107.06099999999999
 10
54.5465
 20
106.9975
 10
54.56766666666667
 20
106.89166666666667
 10
54.61
 20
106.807
 10
54.65233333333333
 20
106.76466666666667
 10
54.65233333333333
 20
106.70116666666667
 10
54.65233333333333
 20
106.63766666666666
 10
54.65233333333333
 20
106.51066666666667
 10
54.69466666666666
 20
106.40483333333333
 10
54.69466666666666
 20
106.25666666666666
 10
54.6735
 20
106.08733333333333
 10
54.631166666666665
 20
105.9815
 10
54.61
 20
105.68516666666666
 10
54.61
 20
105.6005
 10
54.65233333333333
 20
105.49466666666666
 10
54.6735
 20
105.30416666666666
 10
54.6735
 20
105.26183333333333
 10
54.631166666666665
 20
105.13483333333333
 10
54.61
 20
104.69033333333333
 10
54.631166666666665
 20
104.4575
 10
54.631166666666665
 20
104.39399999999999
 10
54.58883333333333
 20
104.30933333333333
 10
54.58883333333333
 20
104.05533333333334
 10
54.58883333333333
 20
103.58966666666666
 10
54.61
 20
103.3145
 10
54.61
 20
103.25099999999999
 10
54.56766666666667
 20
103.124
 10
54.56766666666667
 20
102.97583333333333
 10
54.58883333333333
 20
102.86999999999999
 10
54.58883333333333
 20
102.8065
 10
54.56766666666667
 20
102.72183333333334
 10
54.56766666666667
 20
102.67949999999999
 10
54.56766666666667
 20
102.616
 10
54.58883333333333
 20
102.53133333333334
 10
54.56766666666667
 20
102.02333333333333
 10
54.58883333333333
 20
101.83283333333333
 10
54.58883333333333
 20
101.74816666666666
 10
54.56766666666667
 20
101.55766666666666
 10
54.61
 20
101.45183333333333
 10
54.61
 20
101.346
 10
54.56766666666667
 20
101.26133333333333
 10
54.58883333333333
 20
100.68983333333333
 10
54.58883333333333
 20
100.6475
 10
54.5465
 20
99.97016666666666
 10
54.5465
 20
99.441
 10
54.58883333333333
 20
99.33516666666667
 10
54.61
 20
99.27166666666666
 10
54.61
 20
99.20816666666667
 10
54.56766666666667
 20
99.12349999999999
 10
54.56766666666667
 20
98.84833333333333
 10
54.52533333333333
 20
98.70016666666666
 10
54.52533333333333
 20
98.53083333333333
 10
54.56766666666667
 20
98.44616666666667
 10
54.56766666666667
 20
98.31916666666666
 10
54.52533333333333
 20
98.2345
 10
54.5465
 20
97.21849999999999
 10
54.5465
 20
97.155
 10
54.50416666666666
 20
97.00683333333333
 10
54.52533333333333
 20
96.30833333333334
 10
54.50416666666666
 20
96.03316666666666
 10
54.52533333333333
 20
95.8215
 10
54.52533333333333
 20
95.758
 10
54.483
 20
95.631
 10
54.50416666666666
 20
95.20766666666667
 10
54.50416666666666
 20
94.89016666666666
 10
54.46183333333333
 20
94.76316666666666
 10
54.440666666666665
 20
94.615
 10
54.440666666666665
 20
94.4245
 10
54.483
 20
94.31866666666666
 10
54.483
 20
94.21283333333334
 10
54.440666666666665
 20
94.02233333333334
 10
54.440666666666665
 20
93.89533333333333
 10
54.483
 20
93.7895
 10
54.483
 20
93.70483333333333
 10
54.440666666666665
 20
93.599
 10
54.46183333333333
 20
93.4085
 10
54.46183333333333
 20
93.36616666666666
 10
54.440666666666665
 20
93.23916666666666
 10
54.46183333333333
 20
93.091
 10
54.440666666666665
 20
93.00633333333333
 10
54.39833333333333
 20
92.92166666666667
 10
54.39833333333333
 20
92.7735
 10
54.4195
 20
92.49833333333333
 10
54.37716666666667
 20
91.77866666666667
 10
54.39833333333333
 20
90.678
 10
54.39833333333333
 20
90.551
 10
54.356
 20
90.44516666666667
 10
54.356
 20
90.08533333333332
 10
54.356
 20
90.02183333333333
 10
54.33483333333333
 20
89.85249999999999
 10
54.356
 20
89.64083333333333
 10
54.356
 20
89.57733333333333
 10
54.31366666666666
 20
89.45033333333333
 10
54.31366666666666
 20
89.3445
 10
54.31366666666666
 20
88.98466666666667
 10
54.31366666666666
 20
88.89999999999999
 10
54.33483333333333
 20
88.81533333333333
 10
54.37716666666667
 20
88.68833333333333
 10
54.37716666666667
 20
88.60366666666667
 10
54.33483333333333
 20
88.392
 10
54.33483333333333
 20
88.05333333333333
 10
54.31366666666666
 20
87.84166666666667
 10
54.27133333333333
 20
87.65116666666667
 10
54.27133333333333
 20
87.52416666666666
 10
54.31366666666666
 20
87.18549999999999
 10
54.250166666666665
 20
87.07966666666667
 10
54.229
 20
87.01616666666666
 10
54.250166666666665
 20
86.71983333333333
 10
54.27133333333333
 20
86.65633333333334
 10
54.2925
 20
86.59283333333333
 10
54.356
 20
86.487
 10
54.356
 20
86.36
 10
54.33483333333333
 20
86.2965
 10
54.2925
 20
86.19066666666666
 10
54.2925
 20
86.02133333333333
 10
54.33483333333333
 20
85.852
 10
54.33483333333333
 20
85.68266666666666
 10
54.2925
 20
85.57683333333333
 10
54.31366666666666
 20
85.00533333333333
 10
54.31366666666666
 20
84.87833333333333
 10
54.27133333333333
 20
84.66666666666666
 10
54.250166666666665
 20
84.41266666666667
 10
54.229
 20
83.77766666666666
 10
54.229
 20
83.73533333333333
 10
54.27133333333333
 20
83.60833333333333
 10
54.27133333333333
 20
83.566
 10
54.229
 20
83.41783333333333
 10
54.229
 20
83.3755
 10
54.229
 20
82.804
 10
54.229
 20
82.65583333333333
 10
54.250166666666665
 20
82.31716666666667
 10
54.250166666666665
 20
81.91499999999999
 10
54.250166666666665
 20
81.788
 10
54.20783333333333
 20
81.70333333333333
 10
54.20783333333333
 20
81.51283333333333
 10
54.20783333333333
 20
81.19533333333334
 10
54.20783333333333
 20
81.15299999999999
 10
54.229
 20
80.87783333333333
 10
54.229
 20
80.518
 10
54.229
 20
80.3275
 10
54.18666666666667
 20
80.05233333333334
 10
54.18666666666667
 20
79.90416666666667
 10
54.18666666666667
 20
79.6925
 10
54.18666666666667
 20
79.5655
 10
54.20783333333333
 20
79.41733333333333
 10
54.1655
 20
79.3115
 10
54.1655
 20
79.20566666666666
 10
54.18666666666667
 20
79.07866666666666
 10
54.229
 20
78.994
 10
54.250166666666665
 20
78.90933333333334
 10
54.250166666666665
 20
78.84583333333333
 10
54.20783333333333
 20
78.74
 10
54.18666666666667
 20
78.486
 10
54.18666666666667
 20
78.359
 10
54.20783333333333
 20
78.12616666666666
 10
54.18666666666667
 20
78.02033333333333
 10
54.14433333333333
 20
77.93566666666666
 10
54.14433333333333
 20
77.76633333333334
 10
54.18666666666667
 20
77.68166666666666
 10
54.18666666666667
 20
77.597
 10
54.14433333333333
 20
77.30066666666666
 10
54.14433333333333
 20
77.13133333333333
 10
54.1655
 20
76.91966666666667
 10
54.14433333333333
 20
76.68683333333333
 10
54.102
 20
76.55983333333333
 10
54.102
 20
76.47516666666667
 10
54.14433333333333
 20
76.05183333333333
 10
54.14433333333333
 20
75.98833333333333
 10
54.12316666666666
 20
75.86133333333333
 10
54.14433333333333
 20
75.79783333333333
 10
54.18666666666667
 20
75.71316666666667
 10
54.18666666666667
 20
75.60733333333333
 10
54.14433333333333
 20
75.54383333333332
 10
54.12316666666666
 20
75.48033333333333
 10
54.102
 20
75.28983333333333
 10
54.12316666666666
 20
75.16283333333332
 10
54.12316666666666
 20
75.07816666666666
 10
54.12316666666666
 20
74.90883333333333
 10
54.12316666666666
 20
74.803
 10
54.08083333333333
 20
74.46433333333333
 10
54.08083333333333
 20
74.31616666666666
 10
54.12316666666666
 20
74.14683333333333
 10
54.12316666666666
 20
73.99866666666667
 10
54.08083333333333
 20
73.914
 10
54.08083333333333
 20
73.4695
 10
54.102
 20
72.81333333333333
 10
54.059666666666665
 20
72.66516666666666
 10
54.0385
 20
72.49583333333334
 10
54.0385
 20
72.11483333333334
 10
54.059666666666665
 20
71.96666666666667
 10
54.059666666666665
 20
71.90316666666666
 10
54.08083333333333
 20
71.67033333333333
 10
54.059666666666665
 20
71.5645
 10
54.01733333333333
 20
71.501
 10
53.99616666666667
 20
71.41633333333333
 10
53.99616666666667
 20
71.20466666666667
 10
54.0385
 20
71.09883333333333
 10
54.01733333333333
 20
70.69666666666666
 10
54.0385
 20
70.33683333333333
 10
54.0385
 20
70.25216666666667
 10
54.0385
 20
69.74416666666666
 10
54.0385
 20
69.51133333333333
 10
54.0385
 20
69.342
 10
54.0385
 20
68.91866666666667
 10
54.0385
 20
68.85516666666666
 10
53.99616666666667
 20
68.60116666666667
 10
54.01733333333333
 20
68.3895
 10
54.01733333333333
 20
68.22016666666667
 10
53.99616666666667
 20
67.71216666666666
 10
53.95383333333333
 20
67.564
 10
53.93266666666666
 20
67.45816666666667
 10
53.95383333333333
 20
67.01366666666667
 10
53.95383333333333
 20
66.929
 10
53.9115
 20
66.84433333333334
 10
53.9115
 20
66.75966666666666
 10
53.95383333333333
 20
66.69616666666667
 10
53.95383333333333
 20
66.65383333333334
 10
53.99616666666667
 20
66.59033333333333
 10
54.01733333333333
 20
66.39983333333333
 10
54.01733333333333
 20
66.167
 10
54.01733333333333
 20
65.82833333333333
 10
54.01733333333333
 20
65.70133333333334
 10
53.99616666666667
 20
65.63783333333333
 10
53.95383333333333
 20
65.55316666666667
 10
53.95383333333333
 20
65.42616666666666
 10
53.975
 20
64.87583333333333
 10
53.93266666666666
 20
64.77
 10
53.95383333333333
 20
64.49483333333333
 10
53.95383333333333
 20
64.43133333333333
 10
53.93266666666666
 20
64.15616666666666
 10
53.975
 20
63.9445
 10
53.975
 20
63.817499999999995
 10
53.93266666666666
 20
63.73283333333333
 10
53.93266666666666
 20
63.5635
 10
53.975
 20
63.478833333333334
 10
53.975
 20
63.39416666666666
 10
53.95383333333333
 20
62.65333333333333
 10
53.99616666666667
 20
62.5475
 10
53.99616666666667
 20
62.39933333333333
 10
53.95383333333333
 20
62.1665
 10
53.95383333333333
 20
61.997166666666665
 10
53.99616666666667
 20
61.6585
 10
53.975
 20
61.467999999999996
 10
53.975
 20
61.4045
 10
54.01733333333333
 20
61.31983333333333
 10
54.0385
 20
61.214
 10
54.0385
 20
61.1505
 10
54.0385
 20
61.086999999999996
 10
54.059666666666665
 20
60.96
 10
54.08083333333333
 20
60.79066666666667
 10
54.102
 20
60.6425
 10
54.08083333333333
 20
60.43083333333333
 10
54.08083333333333
 20
60.367333333333335
 10
54.102
 20
60.15566666666666
 10
54.14433333333333
 20
60.092166666666664
 10
54.1655
 20
60.028666666666666
 10
54.1655
 20
59.943999999999996
 10
54.18666666666667
 20
59.8805
 10
54.229
 20
59.817
 10
54.229
 20
59.69
 10
54.20783333333333
 20
59.605333333333334
 10
54.20783333333333
 20
59.54183333333333
 10
54.20783333333333
 20
59.457166666666666
 10
54.250166666666665
 20
59.33016666666666
 10
54.250166666666665
 20
59.13966666666666
 10
54.250166666666665
 20
59.076166666666666
 10
54.250166666666665
 20
59.01266666666667
 10
54.2925
 20
58.928
 10
54.2925
 20
58.674
 10
54.31366666666666
 20
58.4835
 10
54.356
 20
58.39883333333333
 10
54.356
 20
58.25066666666667
 10
54.37716666666667
 20
58.18716666666666
 10
54.4195
 20
58.123666666666665
 10
54.440666666666665
 20
58.06016666666667
 10
54.46183333333333
 20
57.89083333333333
 10
54.46183333333333
 20
57.742666666666665
 10
54.483
 20
57.552166666666665
 10
54.52533333333333
 20
57.446333333333335
 10
54.5465
 20
57.31933333333333
 10
54.5465
 20
57.10766666666667
 10
54.5465
 20
57.04416666666666
 10
54.5465
 20
56.9595
 10
54.56766666666667
 20
56.896
 10
54.61
 20
56.832499999999996
 10
54.631166666666665
 20
56.769
 10
54.631166666666665
 20
56.684333333333335
 10
54.61
 20
56.55733333333333
 10
54.65233333333333
 20
56.451499999999996
 10
54.65233333333333
 20
56.3245
 10
54.69466666666666
 20
56.23983333333333
 10
54.71583333333333
 20
56.17633333333333
 10
54.71583333333333
 20
55.98583333333333
 10
54.75816666666667
 20
55.9435
 10
54.8005
 20
55.879999999999995
 10
54.779333333333334
 20
55.753
 10
54.779333333333334
 20
55.66833333333333
 10
54.821666666666665
 20
55.541333333333334
 10
54.821666666666665
 20
55.245
 10
54.84283333333333
 20
55.160333333333334
 10
54.88516666666666
 20
55.07566666666666
 10
54.90633333333333
 20
54.991
 10
54.90633333333333
 20
54.9275
 10
54.88516666666666
 20
54.737
 10
54.9275
 20
54.6735
 10
54.90633333333333
 20
54.5465
 10
54.90633333333333
 20
54.46183333333333
 10
54.991
 20
54.31366666666666
 10
55.012166666666666
 20
54.250166666666665
 10
55.012166666666666
 20
54.1655
 10
55.03333333333333
 20
54.08083333333333
 10
55.07566666666666
 20
54.01733333333333
 10
55.07566666666666
 20
53.9115
 10
55.0545
 20
53.74216666666666
 10
55.07566666666666
 20
53.678666666666665
 10
55.117999999999995
 20
53.594
 10
55.117999999999995
 20
53.488166666666665
 10
55.13916666666667
 20
53.42466666666667
 10
55.1815
 20
53.36116666666666
 10
55.202666666666666
 20
53.297666666666665
 10
55.202666666666666
 20
53.149499999999996
 10
55.160333333333334
 20
53.06483333333333
 10
55.160333333333334
 20
52.98016666666666
 10
55.26616666666666
 20
52.87433333333333
 10
55.26616666666666
 20
52.810833333333335
 10
55.22383333333333
 20
52.74733333333333
 10
55.22383333333333
 20
52.6415
 10
55.308499999999995
 20
52.49333333333333
 10
55.308499999999995
 20
52.345166666666664
 10
55.28733333333333
 20
52.17583333333333
 10
55.308499999999995
 20
52.11233333333333
 10
55.350833333333334
 20
52.02766666666667
 10
55.350833333333334
 20
51.900666666666666
 10
55.372
 20
51.79483333333333
 10
55.393166666666666
 20
51.73133333333333
 10
55.4355
 20
51.667833333333334
 10
55.4355
 20
51.4985
 10
55.47783333333333
 20
51.39266666666666
 10
55.498999999999995
 20
51.329166666666666
 10
55.498999999999995
 20
51.1175
 10
55.52016666666667
 20
51.054
 10
55.5625
 20
50.9905
 10
55.5625
 20
50.927
 10
55.541333333333334
 20
50.77883333333333
 10
55.583666666666666
 20
50.69416666666667
 10
55.583666666666666
 20
50.63066666666666
 10
55.5625
 20
50.44016666666666
 10
55.647166666666664
 20
50.292
 10
55.647166666666664
 20
50.20733333333333
 10
55.626
 20
50.08033333333333
 10
55.647166666666664
 20
50.01683333333333
 10
55.689499999999995
 20
49.9745
 10
55.731833333333334
 20
49.88983333333333
 10
55.753
 20
49.5935
 10
55.753
 20
49.233666666666664
 10
55.774166666666666
 20
49.17016666666667
 10
55.8165
 20
49.10666666666666
 10
55.8165
 20
49.043166666666664
 10
55.774166666666666
 20
48.9585
 10
55.774166666666666
 20
48.87383333333333
 10
55.8165
 20
48.78916666666667
 10
55.8165
 20
48.641
 10
55.774166666666666
 20
48.556333333333335
 10
55.774166666666666
 20
48.26
 10
55.71066666666667
 20
48.15416666666667
 10
55.689499999999995
 20
48.0695
 10
55.689499999999995
 20
47.85783333333333
 10
55.647166666666664
 20
47.751999999999995
 10
55.626
 20
47.603833333333334
 10
55.626
 20
47.01116666666667
 10
55.647166666666664
 20
46.6725
 10
55.66833333333333
 20
46.58783333333333
 10
55.689499999999995
 20
46.52433333333333
 10
55.71066666666667
 20
46.46083333333333
 10
55.753
 20
46.39733333333333
 10
55.774166666666666
 20
46.33383333333333
 10
55.79533333333333
 20
46.27033333333333
 10
55.79533333333333
 20
46.101
 10
55.837666666666664
 20
46.0375
 10
55.837666666666664
 20
45.99516666666666
 10
55.879999999999995
 20
45.931666666666665
 10
55.922333333333334
 20
45.86816666666667
 10
56.007
 20
45.7835
 10
56.09166666666667
 20
45.67766666666667
 10
56.112833333333334
 20
45.635333333333335
 10
56.112833333333334
 20
45.402499999999996
 10
56.134
 20
45.360166666666665
 10
56.17633333333333
 20
45.29666666666667
 10
56.23983333333333
 20
45.211999999999996
 10
56.303333333333335
 20
45.12733333333333
 10
56.388
 20
45.021499999999996
 10
56.47266666666666
 20
44.91566666666667
 10
56.53616666666667
 20
44.85216666666666
 10
56.599666666666664
 20
44.830999999999996
 10
56.684333333333335
 20
44.74633333333333
 10
56.684333333333335
 20
44.704
 10
56.72666666666667
 20
44.61933333333333
 10
56.769
 20
44.577
 10
56.769
 20
44.534666666666666
 10
56.81133333333333
 20
44.449999999999996
 10
56.896
 20
44.36533333333333
 10
56.9595
 20
44.323
 10
57.00183333333333
 20
44.301833333333335
 10
57.04416666666666
 20
44.301833333333335
 10
57.12883333333333
 20
44.28066666666667
 10
57.171166666666664
 20
44.259499999999996
 10
57.255833333333335
 20
44.153666666666666
 10
57.31933333333333
 20
44.09016666666667
 10
57.361666666666665
 20
44.068999999999996
 10
57.42516666666666
 20
44.04783333333333
 10
57.48866666666667
 20
44.026666666666664
 10
57.552166666666665
 20
44.026666666666664
 10
57.5945
 20
44.0055
 10
57.7215
 20
43.878499999999995
 10
57.785
 20
43.85733333333333
 10
57.89083333333333
 20
43.85733333333333
 10
57.933166666666665
 20
43.815
 10
58.039
 20
43.772666666666666
 10
58.08133333333333
 20
43.730333333333334
 10
58.14483333333333
 20
43.70916666666667
 10
58.2295
 20
43.687999999999995
 10
58.293
 20
43.687999999999995
 10
58.3565
 20
43.66683333333333
 10
58.42
 20
43.64566666666666
 10
58.56816666666666
 20
43.561
 10
58.674
 20
43.539833333333334
 10
59.33016666666666
 20
43.561
 10
59.47833333333333
 20
43.561
 10
59.838166666666666
 20
43.539833333333334
 10
59.92283333333333
 20
43.561
 10
60.0075
 20
43.60333333333333
 10
60.071
 20
43.6245
 10
60.176833333333335
 20
43.6245
 10
60.24033333333333
 20
43.64566666666666
 10
60.34616666666666
 20
43.687999999999995
 10
60.43083333333333
 20
43.687999999999995
 10
60.515499999999996
 20
43.70916666666667
 10
60.62133333333333
 20
43.772666666666666
 10
60.68483333333333
 20
43.772666666666666
 10
60.748333333333335
 20
43.79383333333333
 10
60.81183333333333
 20
43.815
 10
60.854166666666664
 20
43.836166666666664
 10
60.896499999999996
 20
43.878499999999995
 10
60.98116666666667
 20
43.920833333333334
 10
61.06583333333333
 20
43.920833333333334
 10
61.10816666666666
 20
43.942
 10
61.17166666666667
 20
44.0055
 10
61.235166666666665
 20
44.09016666666667
 10
61.38333333333333
 20
44.153666666666666
 10
61.467999999999996
 20
44.217166666666664
 10
61.5315
 20
44.259499999999996
 10
61.595
 20
44.301833333333335
 10
61.7855
 20
44.492333333333335
 10
61.93366666666667
 20
44.61933333333333
 10
62.01833333333333
 20
44.66166666666667
 10
62.06066666666666
 20
44.704
 10
62.103
 20
44.80983333333333
 10
62.2935
 20
45.00033333333333
 10
62.33583333333333
 20
45.063833333333335
 10
62.357
 20
45.12733333333333
 10
62.4205
 20
45.19083333333333
 10
62.46283333333333
 20
45.29666666666667
 10
62.5475
 20
45.360166666666665
 10
62.58983333333333
 20
45.402499999999996
 10
62.611
 20
45.444833333333335
 10
62.611
 20
45.5295
 10
62.63216666666666
 20
45.592999999999996
 10
62.716833333333334
 20
45.741166666666665
 10
62.716833333333334
 20
45.825833333333335
 10
62.738
 20
45.88933333333333
 10
62.78033333333333
 20
45.931666666666665
 10
62.82266666666666
 20
45.99516666666666
 10
62.84383333333333
 20
46.05866666666667
 10
62.864999999999995
 20
46.122166666666665
 10
62.864999999999995
 20
46.24916666666667
 10
62.88616666666667
 20
46.355
 10
62.907333333333334
 20
46.43966666666667
 10
62.949666666666666
 20
46.503166666666665
 10
62.949666666666666
 20
46.693666666666665
 10
62.992
 20
46.82066666666667
 10
63.01316666666666
 20
47.3075
 10
63.01316666666666
 20
47.47683333333333
 10
62.97083333333333
 20
47.58266666666667
 10
62.97083333333333
 20
47.6885
 10
62.992
 20
47.92133333333333
 10
62.97083333333333
 20
48.1965
 10
62.949666666666666
 20
48.281166666666664
 10
62.9285
 20
48.34466666666667
 10
62.907333333333334
 20
48.408166666666666
 10
62.88616666666667
 20
48.49283333333333
 10
62.84383333333333
 20
48.5775
 10
62.8015
 20
48.61983333333333
 10
62.716833333333334
 20
48.78916666666667
 10
62.69566666666667
 20
48.87383333333333
 10
62.69566666666667
 20
48.91616666666666
 10
62.63216666666666
 20
49.022
 10
62.63216666666666
 20
49.06433333333333
 10
62.611
 20
49.127833333333335
 10
62.568666666666665
 20
49.19133333333333
 10
62.568666666666665
 20
49.233666666666664
 10
62.5475
 20
49.29716666666666
 10
62.52633333333333
 20
49.3395
 10
62.44166666666666
 20
49.424166666666665
 10
62.4205
 20
49.466499999999996
 10
62.39933333333333
 20
49.53
 10
62.39933333333333
 20
49.57233333333333
 10
62.378166666666665
 20
49.614666666666665
 10
62.33583333333333
 20
49.657
 10
62.2935
 20
49.74166666666667
 10
62.27233333333333
 20
49.805166666666665
 10
62.25116666666666
 20
49.88983333333333
 10
62.23
 20
49.9745
 10
62.23
 20
50.1015
 10
62.187666666666665
 20
50.20733333333333
 10
62.187666666666665
 20
50.31316666666667
 10
62.12416666666667
 20
50.46133333333333
 10
62.1665
 20
50.567166666666665
 10
62.1665
 20
50.63066666666666
 10
62.103
 20
50.7365
 10
62.08183333333333
 20
50.77883333333333
 10
62.06066666666666
 20
50.84233333333333
 10
62.06066666666666
 20
51.1175
 10
62.0395
 20
51.286833333333334
 10
62.01833333333333
 20
51.434999999999995
 10
61.997166666666665
 20
51.60433333333333
 10
61.976
 20
51.73133333333333
 10
61.95483333333333
 20
51.815999999999995
 10
61.9125
 20
51.900666666666666
 10
61.89133333333333
 20
51.964166666666664
 10
61.89133333333333
 20
52.345166666666664
 10
61.87016666666666
 20
52.429833333333335
 10
61.849
 20
52.535666666666664
 10
61.806666666666665
 20
52.620333333333335
 10
61.7855
 20
52.705
 10
61.7855
 20
52.8955
 10
61.74316666666667
 20
52.98016666666666
 10
61.74316666666667
 20
53.213
 10
61.70083333333333
 20
53.339999999999996
 10
61.70083333333333
 20
53.55166666666666
 10
61.67966666666666
 20
53.63633333333333
 10
61.63733333333333
 20
53.678666666666665
 10
61.616166666666665
 20
53.74216666666666
 10
61.616166666666665
 20
54.01733333333333
 10
61.595
 20
54.14433333333333
 10
61.55266666666667
 20
54.27133333333333
 10
61.55266666666667
 20
54.440666666666665
 10
61.5315
 20
54.50416666666666
 10
61.51033333333333
 20
54.56766666666667
 10
61.48916666666666
 20
54.65233333333333
 10
61.467999999999996
 20
54.71583333333333
 10
61.425666666666665
 20
54.779333333333334
 10
61.44683333333333
 20
54.90633333333333
 10
61.44683333333333
 20
54.991
 10
61.4045
 20
55.160333333333334
 10
61.4045
 20
55.32966666666667
 10
61.38333333333333
 20
55.45666666666666
 10
61.36216666666667
 20
55.583666666666666
 10
61.341
 20
55.647166666666664
 10
61.29866666666666
 20
55.689499999999995
 10
61.277499999999996
 20
55.731833333333334
 10
61.277499999999996
 20
55.8165
 10
61.29866666666666
 20
55.9435
 10
61.277499999999996
 20
56.007
 10
61.235166666666665
 20
56.070499999999996
 10
61.235166666666665
 20
56.112833333333334
 10
61.19283333333333
 20
56.17633333333333
 10
61.19283333333333
 20
56.409166666666664
 10
61.1505
 20
56.55733333333333
 10
61.129333333333335
 20
56.72666666666667
 10
61.10816666666666
 20
56.93833333333333
 10
61.10816666666666
 20
57.213499999999996
 10
61.086999999999996
 20
57.4675
 10
61.06583333333333
 20
57.57333333333333
 10
61.0235
 20
57.67916666666667
 10
61.0235
 20
57.76383333333333
 10
61.00233333333333
 20
57.89083333333333
 10
60.96
 20
57.95433333333333
 10
60.938833333333335
 20
58.01783333333333
 10
60.938833333333335
 20
58.166
 10
60.87533333333333
 20
58.27183333333333
 10
60.87533333333333
 20
58.6105
 10
60.854166666666664
 20
58.75866666666666
 10
60.81183333333333
 20
58.8645
 10
60.79066666666667
 20
58.94916666666666
 10
60.79066666666667
 20
59.309
 10
60.705999999999996
 20
59.457166666666666
 10
60.68483333333333
 20
59.52066666666666
 10
60.68483333333333
 20
59.605333333333334
 10
60.68483333333333
 20
59.66883333333333
 10
60.68483333333333
 20
59.85933333333333
 10
60.663666666666664
 20
60.0075
 10
60.6425
 20
60.134499999999996
 10
60.62133333333333
 20
60.198
 10
60.579
 20
60.2615
 10
60.557833333333335
 20
60.324999999999996
 10
60.557833333333335
 20
60.68483333333333
 10
60.53666666666666
 20
60.87533333333333
 10
60.515499999999996
 20
60.98116666666667
 10
60.473166666666664
 20
61.086999999999996
 10
60.452
 20
61.17166666666667
 10
60.452
 20
61.31983333333333
 10
60.409666666666666
 20
61.4045
 10
60.409666666666666
 20
61.616166666666665
 10
60.3885
 20
61.70083333333333
 10
60.34616666666666
 20
61.806666666666665
 10
60.34616666666666
 20
61.976
 10
60.324999999999996
 20
62.103
 10
60.30383333333333
 20
62.1665
 10
60.24033333333333
 20
62.27233333333333
 10
60.219166666666666
 20
62.568666666666665
 10
60.219166666666666
 20
62.84383333333333
 10
60.176833333333335
 20
63.119
 10
60.198
 20
63.54233333333333
 10
60.198
 20
63.711666666666666
 10
60.15566666666666
 20
63.817499999999995
 10
60.15566666666666
 20
63.859833333333334
 10
60.176833333333335
 20
64.05033333333333
 10
60.219166666666666
 20
64.15616666666666
 10
60.219166666666666
 20
64.24083333333333
 10
60.198
 20
64.36783333333334
 10
60.24033333333333
 20
64.4525
 10
60.24033333333333
 20
64.5795
 10
60.219166666666666
 20
64.72766666666666
 10
60.2615
 20
64.85466666666666
 10
60.2615
 20
64.93933333333334
 10
60.24033333333333
 20
65.27799999999999
 10
60.282666666666664
 20
65.42616666666666
 10
60.2615
 20
65.55316666666667
 10
60.2615
 20
65.61666666666666
 10
60.282666666666664
 20
65.68016666666666
 10
60.324999999999996
 20
65.7225
 10
60.34616666666666
 20
65.76483333333333
 10
60.34616666666666
 20
66.01883333333333
 10
60.30383333333333
 20
66.14583333333333
 10
60.30383333333333
 20
66.18816666666666
 10
60.34616666666666
 20
66.294
 10
60.367333333333335
 20
66.59033333333333
 10
60.3885
 20
66.95016666666666
 10
60.367333333333335
 20
67.16183333333333
 10
60.367333333333335
 20
67.28883333333333
 10
60.3885
 20
67.41583333333332
 10
60.43083333333333
 20
67.564
 10
60.43083333333333
 20
67.691
 10
60.409666666666666
 20
67.92383333333333
 10
60.473166666666664
 20
68.02966666666667
 10
60.452
 20
68.199
 10
60.452
 20
68.30483333333333
 10
60.49433333333333
 20
68.58
 10
60.49433333333333
 20
68.74933333333333
 10
60.473166666666664
 20
69.17266666666667
 10
60.49433333333333
 20
69.23616666666666
 10
60.53666666666666
 20
69.32083333333333
 10
60.557833333333335
 20
69.4055
 10
60.557833333333335
 20
69.55366666666666
 10
60.60016666666667
 20
69.68066666666667
 10
60.62133333333333
 20
70.06166666666667
 10
60.62133333333333
 20
70.1675
 10
60.60016666666667
 20
70.31566666666666
 10
60.6425
 20
70.4215
 10
60.62133333333333
 20
70.6755
 10
60.62133333333333
 20
70.739
 10
60.6425
 20
70.866
 10
60.68483333333333
 20
71.01416666666667
 10
60.68483333333333
 20
71.45866666666666
 10
60.72716666666666
 20
71.58566666666667
 10
60.705999999999996
 20
71.73383333333334
 10
60.705999999999996
 20
71.83966666666666
 10
60.748333333333335
 20
72.11483333333334
 10
60.748333333333335
 20
72.22066666666666
 10
60.705999999999996
 20
72.3265
 10
60.705999999999996
 20
72.39
 10
60.72716666666666
 20
72.47466666666666
 10
60.748333333333335
 20
72.5805
 10
60.7695
 20
72.66516666666666
 10
60.81183333333333
 20
72.74983333333333
 10
60.833
 20
72.81333333333333
 10
60.833
 20
72.94033333333333
 10
60.79066666666667
 20
73.02499999999999
 10
60.79066666666667
 20
73.0885
 10
60.81183333333333
 20
73.13083333333333
 10
60.833
 20
73.21549999999999
 10
60.81183333333333
 20
73.36366666666666
 10
60.833
 20
73.57533333333333
 10
60.87533333333333
 20
73.68116666666667
 10
60.87533333333333
 20
74.08333333333333
 10
60.91766666666666
 20
74.21033333333334
 10
60.91766666666666
 20
74.27383333333333
 10
60.87533333333333
 20
74.37966666666667
 10
60.896499999999996
 20
74.46433333333333
 10
60.938833333333335
 20
74.54899999999999
 10
60.938833333333335
 20
75.01466666666667
 10
60.98116666666667
 20
75.12049999999999
 10
61.00233333333333
 20
75.22633333333333
 10
61.00233333333333
 20
75.28983333333333
 10
60.98116666666667
 20
75.438
 10
61.0235
 20
75.52266666666667
 10
61.0235
 20
75.819
 10
61.06583333333333
 20
75.96716666666667
 10
61.044666666666664
 20
76.28466666666667
 10
61.044666666666664
 20
76.327
 10
61.086999999999996
 20
76.53866666666667
 10
61.10816666666666
 20
76.87733333333333
 10
61.10816666666666
 20
76.94083333333333
 10
61.086999999999996
 20
77.11016666666666
 10
61.129333333333335
 20
77.2795
 10
61.1505
 20
77.51233333333333
 10
61.1505
 20
77.99916666666667
 10
61.19283333333333
 20
78.232
 10
61.17166666666667
 20
78.44366666666666
 10
61.17166666666667
 20
78.50716666666666
 10
61.214
 20
78.63416666666666
 10
61.19283333333333
 20
78.867
 10
61.19283333333333
 20
78.994
 10
61.214
 20
79.0575
 10
61.25633333333333
 20
79.14216666666667
 10
61.277499999999996
 20
79.248
 10
61.29866666666666
 20
79.54433333333333
 10
61.29866666666666
 20
80.11583333333333
 10
61.341
 20
80.28516666666667
 10
61.31983333333333
 20
80.4545
 10
61.31983333333333
 20
80.56033333333333
 10
61.36216666666667
 20
80.7085
 10
61.38333333333333
 20
80.87783333333333
 10
61.4045
 20
81.15299999999999
 10
61.425666666666665
 20
81.661
 10
61.4045
 20
81.93616666666667
 10
61.4045
 20
81.9785
 10
61.44683333333333
 20
82.08433333333333
 10
61.44683333333333
 20
82.3595
 10
61.467999999999996
 20
82.63466666666666
 10
61.51033333333333
 20
82.76166666666667
 10
61.48916666666666
 20
82.95216666666667
 10
61.48916666666666
 20
82.9945
 10
61.5315
 20
83.10033333333332
 10
61.55266666666667
 20
83.33316666666667
 10
61.5315
 20
83.54483333333333
 10
61.5315
 20
83.6295
 10
61.57383333333333
 20
83.79883333333333
 10
61.57383333333333
 20
84.2645
 10
61.616166666666665
 20
84.37033333333333
 10
61.616166666666665
 20
84.79366666666667
 10
61.6585
 20
84.8995
 10
61.67966666666666
 20
84.963
 10
61.6585
 20
85.1535
 10
61.6585
 20
85.2805
 10
61.70083333333333
 20
85.36516666666667
 10
61.70083333333333
 20
85.55566666666667
 10
61.67966666666666
 20
85.7885
 10
61.722
 20
85.9155
 10
61.74316666666667
 20
86.19066666666666
 10
61.74316666666667
 20
86.69866666666667
 10
61.7855
 20
86.82566666666666
 10
61.76433333333333
 20
86.97383333333333
 10
61.76433333333333
 20
87.0585
 10
61.806666666666665
 20
87.14316666666666
 10
61.82783333333333
 20
87.27016666666667
 10
61.849
 20
87.503
 10
61.849
 20
88.05333333333333
 10
61.87016666666666
 20
88.34966666666666
 10
61.89133333333333
 20
88.5825
 10
61.93366666666667
 20
88.70949999999999
 10
61.93366666666667
 20
88.75183333333334
 10
61.89133333333333
 20
88.85766666666666
 10
61.89133333333333
 20
88.92116666666666
 10
61.89133333333333
 20
89.13283333333334
 10
61.89133333333333
 20
89.25983333333333
 10
61.93366666666667
 20
89.3445
 10
61.997166666666665
 20
89.408
 10
62.01833333333333
 20
89.45033333333333
 10
62.0395
 20
89.51383333333334
 10
62.06066666666666
 20
89.68316666666666
 10
62.06066666666666
 20
89.76783333333333
 10
62.0395
 20
89.85249999999999
 10
61.997166666666665
 20
89.93716666666667
 10
61.976
 20
90.04299999999999
 10
61.976
 20
90.23349999999999
 10
61.997166666666665
 20
90.297
 10
62.0395
 20
90.3605
 10
62.06066666666666
 20
90.4875
 10
62.06066666666666
 20
91.67283333333333
 10
62.08183333333333
 20
92.05383333333333
 10
62.103
 20
92.15966666666667
 10
62.103
 20
92.22316666666666
 10
62.103
 20
92.2655
 10
62.06066666666666
 20
92.329
 10
62.06066666666666
 20
92.37133333333333
 10
62.08183333333333
 20
92.41366666666666
 10
62.12416666666667
 20
92.456
 10
62.14533333333333
 20
92.49833333333333
 10
62.1665
 20
92.56183333333333
 10
62.187666666666665
 20
92.75233333333333
 10
62.20883333333333
 20
93.00633333333333
 10
62.20883333333333
 20
93.32383333333333
 10
62.25116666666666
 20
93.57783333333333
 10
62.25116666666666
 20
93.62016666666666
 10
62.23
 20
93.81066666666666
 10
62.27233333333333
 20
93.95883333333333
 10
62.27233333333333
 20
94.00116666666666
 10
62.25116666666666
 20
94.234
 10
62.2935
 20
94.40333333333334
 10
62.2935
 20
94.6785
 10
62.33583333333333
 20
94.82666666666667
 10
62.33583333333333
 20
95.25
 10
62.378166666666665
 20
95.48283333333333
 10
62.39933333333333
 20
96.012
 10
62.378166666666665
 20
96.24483333333333
 10
62.378166666666665
 20
96.30833333333334
 10
62.39933333333333
 20
96.60466666666666
 10
62.4205
 20
96.64699999999999
 10
62.46283333333333
 20
96.68933333333334
 10
62.484
 20
96.774
 10
62.46283333333333
 20
96.901
 10
62.46283333333333
 20
96.9645
 10
62.484
 20
97.30316666666667
 10
62.52633333333333
 20
97.51483333333333
 10
62.50516666666667
 20
97.62066666666666
 10
62.5475
 20
97.76883333333333
 10
62.568666666666665
 20
97.87466666666667
 10
62.568666666666665
 20
97.93816666666666
 10
62.5475
 20
98.1075
 10
62.50516666666667
 20
98.298
 10
62.50516666666667
 20
98.36149999999999
 10
62.568666666666665
 20
98.46733333333333
 10
62.58983333333333
 20
98.53083333333333
 10
62.58983333333333
 20
98.63666666666667
 10
62.568666666666665
 20
98.82716666666667
 10
62.58983333333333
 20
98.91183333333333
 10
62.63216666666666
 20
99.03883333333333
 10
62.65333333333333
 20
99.65266666666666
 10
62.63216666666666
 20
99.84316666666666
 10
62.63216666666666
 20
99.92783333333333
 10
62.674499999999995
 20
100.03366666666666
 10
62.674499999999995
 20
100.41466666666666
 10
62.69566666666667
 20
100.62633333333333
 10
62.716833333333334
 20
100.79566666666666
 10
62.759166666666665
 20
100.88033333333333
 10
62.78033333333333
 20
100.98616666666666
 10
62.759166666666665
 20
101.346
 10
62.78033333333333
 20
101.76933333333334
 10
62.8015
 20
101.89633333333333
 10
62.84383333333333
 20
102.00216666666667
 10
62.864999999999995
 20
102.27733333333333
 10
62.864999999999995
 20
102.5525
 10
62.907333333333334
 20
102.72183333333334
 10
62.907333333333334
 20
102.78533333333333
 10
62.88616666666667
 20
102.91233333333334
 10
62.907333333333334
 20
103.27216666666666
 10
62.949666666666666
 20
103.39916666666666
 10
62.949666666666666
 20
104.05533333333334
 10
62.992
 20
104.16116666666666
 10
63.01316666666666
 20
104.3305
 10
63.01316666666666
 20
104.39399999999999
 10
62.992
 20
104.7115
 10
63.03433333333333
 20
104.85966666666667
 10
63.03433333333333
 20
105.05016666666667
 10
63.07666666666667
 20
105.15599999999999
 10
63.07666666666667
 20
105.43116666666667
 10
63.119
 20
105.70633333333333
 10
63.140166666666666
 20
106.02383333333333
 10
63.140166666666666
 20
106.53183333333332
 10
63.1825
 20
106.82816666666666
 10
63.1825
 20
107.188
 10
63.22483333333333
 20
107.315
 10
63.245999999999995
 20
107.73833333333333
 10
63.26716666666667
 20
108.16166666666666
 10
63.245999999999995
 20
108.43683333333333
 10
63.245999999999995
 20
108.5215
 10
63.288333333333334
 20
108.62733333333333
 10
63.3095
 20
109.19883333333333
 10
63.288333333333334
 20
109.4105
 10
63.288333333333334
 20
109.5375
 10
63.3095
 20
109.62216666666666
 10
63.35183333333333
 20
109.70683333333334
 10
63.5
 20
109.855
 10
63.5
 20
109.89733333333334
 10
63.5
 20
109.96083333333333
 10
63.5
 20
110.00316666666666
 10
63.45766666666667
 20
110.08783333333334
 10
63.436499999999995
 20
110.1725
 10
63.41533333333333
 20
110.27833333333334
 10
63.41533333333333
 20
110.42649999999999
 10
63.45766666666667
 20
110.53233333333333
 10
63.45766666666667
 20
110.97683333333333
 10
63.5
 20
111.252
 10
63.5
 20
111.37899999999999
 10
63.478833333333334
 20
111.54833333333333
 10
63.436499999999995
 20
111.65416666666667
 10
63.436499999999995
 20
111.71766666666666
 10
63.478833333333334
 20
111.80233333333334
 10
63.478833333333334
 20
111.887
 10
63.45766666666667
 20
112.014
 10
63.478833333333334
 20
112.05633333333333
 10
63.521166666666666
 20
112.09866666666666
 10
63.54233333333333
 20
112.16216666666666
 10
63.5635
 20
112.41616666666667
 10
63.584666666666664
 20
112.649
 10
63.584666666666664
 20
112.79716666666667
 10
63.5635
 20
113.03
 10
63.584666666666664
 20
113.38983333333333
 10
63.626999999999995
 20
113.49566666666666
 10
63.60583333333333
 20
113.70733333333332
 10
63.60583333333333
 20
113.83433333333333
 10
63.64816666666667
 20
113.94016666666667
 10
63.64816666666667
 20
114.13066666666667
 10
63.6905
 20
114.25766666666667
 10
63.711666666666666
 20
114.53283333333333
 10
63.711666666666666
 20
114.95616666666666
 10
63.73283333333333
 20
115.189
 10
63.775166666666664
 20
115.29483333333333
 10
63.775166666666664
 20
115.73933333333333
 10
63.817499999999995
 20
115.84516666666666
 10
63.83866666666666
 20
115.951
 10
63.83866666666666
 20
116.37433333333333
 10
63.881
 20
116.6495
 10
63.881
 20
117.475
 10
63.92333333333333
 20
117.55966666666666
 10
63.9445
 20
117.62316666666666
 10
63.9445
 20
117.729
 10
63.902166666666666
 20
117.79249999999999
 10
63.902166666666666
 20
117.94066666666666
 10
63.9445
 20
118.00416666666666
 10
63.9445
 20
118.17349999999999
 10
64.008
 20
118.27933333333333
 10
64.02916666666667
 20
118.38516666666666
 10
64.008
 20
118.93549999999999
 10
64.008
 20
118.97783333333334
 10
64.05033333333333
 20
119.10483333333333
 10
64.05033333333333
 20
119.21066666666667
 10
64.008
 20
119.29533333333333
 10
64.008
 20
119.35883333333334
 10
64.02916666666667
 20
119.40116666666667
 10
64.0715
 20
119.4435
 10
64.09266666666666
 20
119.48583333333333
 10
64.09266666666666
 20
119.78216666666667
 10
64.135
 20
119.88799999999999
 10
64.15616666666666
 20
120.12083333333332
 10
64.17733333333334
 20
120.523
 10
64.17733333333334
 20
120.92516666666667
 10
64.1985
 20
121.30616666666667
 10
64.21966666666667
 20
121.56016666666666
 10
64.24083333333333
 20
121.68716666666667
 10
64.262
 20
121.77183333333333
 10
64.28316666666666
 20
121.83533333333332
 10
64.3255
 20
121.89883333333333
 10
64.3255
 20
121.96233333333333
 10
64.34666666666666
 20
122.02583333333332
 10
64.41016666666667
 20
122.13166666666666
 10
64.43133333333333
 20
122.19516666666667
 10
64.4525
 20
122.25866666666667
 10
64.47366666666666
 20
122.36449999999999
 10
64.47366666666666
 20
122.428
 10
64.4525
 20
122.55499999999999
 10
64.49483333333333
 20
122.6185
 10
64.49483333333333
 20
122.66083333333333
 10
64.53716666666666
 20
122.70316666666666
 10
64.55833333333334
 20
122.76666666666667
 10
64.643
 20
122.85133333333333
 10
64.68533333333333
 20
122.91483333333333
 10
64.68533333333333
 20
122.95716666666667
 10
64.77
 20
123.1265
 10
64.81233333333333
 20
123.16883333333332
 10
64.8335
 20
123.23233333333333
 10
64.9605
 20
123.33816666666667
 10
65.024
 20
123.40166666666666
 10
65.04516666666666
 20
123.444
 10
65.04516666666666
 20
123.5075
 10
65.06633333333333
 20
123.571
 10
65.10866666666666
 20
123.65566666666666
 10
65.17216666666667
 20
123.71916666666667
 10
65.29916666666666
 20
123.825
 10
65.405
 20
124.05783333333333
 10
65.46849999999999
 20
124.1425
 10
65.55316666666667
 20
124.22716666666666
 10
65.57433333333333
 20
124.29066666666667
 10
65.63783333333333
 20
124.35416666666666
 10
65.68016666666666
 20
124.41766666666666
 10
65.7225
 20
124.48116666666667
 10
65.74366666666667
 20
124.56583333333333
 10
65.74366666666667
 20
124.62933333333334
 10
65.76483333333333
 20
124.67166666666667
 10
65.80716666666666
 20
124.73516666666666
 10
65.84949999999999
 20
124.7775
 10
65.84949999999999
 20
124.81983333333334
 10
65.93416666666667
 20
124.98916666666666
 10
65.9765
 20
125.0315
 10
65.99766666666666
 20
125.095
 10
66.01883333333333
 20
125.20083333333334
 10
66.01883333333333
 20
125.37016666666666
 10
66.03999999999999
 20
125.43366666666667
 10
66.1035
 20
125.49716666666666
 10
66.14583333333333
 20
125.58183333333334
 10
66.14583333333333
 20
125.70883333333333
 10
66.167
 20
125.77233333333334
 10
66.20933333333333
 20
125.857
 10
66.23049999999999
 20
125.92049999999999
 10
66.23049999999999
 20
126.1745
 10
66.27283333333334
 20
126.28033333333333
 10
66.27283333333334
 20
126.53433333333334
 10
66.23049999999999
 20
126.619
 10
66.25166666666667
 20
126.68249999999999
 10
66.294
 20
126.72483333333334
 10
66.31516666666667
 20
126.76716666666667
 10
66.294
 20
127.1905
 10
66.294
 20
127.33866666666667
 10
66.31516666666667
 20
127.65616666666666
 10
66.31516666666667
 20
127.99483333333333
 10
66.31516666666667
 20
128.143
 10
66.294
 20
128.22766666666666
 10
66.25166666666667
 20
128.3335
 10
66.25166666666667
 20
128.4605
 10
66.23049999999999
 20
128.54516666666666
 10
66.18816666666666
 20
128.60866666666666
 10
66.18816666666666
 20
128.651
 10
66.14583333333333
 20
128.7145
 10
66.14583333333333
 20
128.75683333333333
 10
66.1035
 20
128.8415
 10
66.1035
 20
128.88383333333334
 10
66.03999999999999
 20
128.98966666666666
 10
66.01883333333333
 20
129.07433333333333
 10
66.01883333333333
 20
129.13783333333333
 10
65.99766666666666
 20
129.18016666666665
 10
65.95533333333333
 20
129.2225
 10
65.93416666666667
 20
129.286
 10
65.93416666666667
 20
129.39183333333332
 10
65.89183333333334
 20
129.45533333333333
 10
65.89183333333334
 20
129.49766666666667
 10
65.82833333333333
 20
129.62466666666666
 10
65.786
 20
129.667
 10
65.7225
 20
129.79399999999998
 10
65.7225
 20
129.83633333333333
 10
65.68016666666666
 20
129.921
 10
65.63783333333333
 20
129.96333333333334
 10
65.57433333333333
 20
130.1115
 10
65.532
 20
130.15383333333332
 10
65.51083333333334
 20
130.21733333333333
 10
65.42616666666666
 20
130.302
 10
65.38383333333333
 20
130.40783333333334
 10
65.3415
 20
130.45016666666666
 10
65.29916666666666
 20
130.53483333333332
 10
65.25683333333333
 20
130.57716666666667
 10
65.17216666666667
 20
130.70416666666665
 10
65.12983333333334
 20
130.7465
 10
65.08749999999999
 20
130.81
 10
65.024
 20
130.91583333333332
 10
64.87583333333333
 20
131.08516666666665
 10
64.81233333333333
 20
131.14866666666666
 10
64.66416666666666
 20
131.29683333333332
 10
64.55833333333334
 20
131.40266666666668
 10
64.47366666666666
 20
131.46616666666665
 10
64.389
 20
131.52966666666666
 10
64.30433333333333
 20
131.572
 10
64.24083333333333
 20
131.61433333333332
 10
64.02916666666667
 20
131.826
 10
63.9445
 20
131.86833333333334
 10
63.817499999999995
 20
131.99533333333332
 10
63.775166666666664
 20
132.0165
 10
63.6905
 20
132.03766666666667
 10
63.64816666666667
 20
132.03766666666667
 10
63.60583333333333
 20
132.05883333333333
 10
63.478833333333334
 20
132.18583333333333
 10
63.41533333333333
 20
132.22816666666665
 10
63.330666666666666
 20
132.24933333333334
 10
63.288333333333334
 20
132.24933333333334
 10
63.22483333333333
 20
132.29166666666666
 10
63.1825
 20
132.334
 10
63.119
 20
132.37633333333332
 10
63.07666666666667
 20
132.37633333333332
 10
62.992
 20
132.41866666666667
 10
62.9285
 20
132.48216666666667
 10
62.88616666666667
 20
132.50333333333333
 10
62.82266666666666
 20
132.5245
 10
62.738
 20
132.5245
 10
62.69566666666667
 20
132.54566666666668
 10
62.63216666666666
 20
132.60916666666665
 10
62.58983333333333
 20
132.63033333333334
 10
62.52633333333333
 20
132.6515
 10
62.44166666666666
 20
132.67266666666666
 10
62.378166666666665
 20
132.69383333333332
 10
62.31466666666667
 20
132.715
 10
62.27233333333333
 20
132.715
 10
62.103
 20
132.69383333333332
 10
62.06066666666666
 20
132.715
 10
61.997166666666665
 20
132.7785
 10
61.9125
 20
132.82083333333333
 10
61.74316666666667
 20
132.84199999999998
 10
61.595
 20
132.82083333333333
 10
61.48916666666666
 20
132.82083333333333
 10
61.44683333333333
 20
132.86316666666667
 10
61.36216666666667
 20
132.9055
 10
61.235166666666665
 20
132.9055
 10
61.086999999999996
 20
132.88433333333333
 10
60.81183333333333
 20
132.92666666666668
 10
60.68483333333333
 20
132.92666666666668
 10
60.515499999999996
 20
132.9055
 10
60.452
 20
132.94783333333334
  0
LWPOLYLINE
  5
47
330
17
100
AcDbEntity
  8
0
100
AcDbPolyline
 90
88
 70
1
 10
59.2455
 20
48.87383333333333
 10
59.414833333333334
 20
48.87383333333333
 10
59.605333333333334
 20
48.852666666666664
 10
59.795833333333334
 20
48.8315
 10
59.8805
 20
48.81033333333333
 10
59.943999999999996
 20
48.78916666666667
 10
59.986333333333334
 20
48.746833333333335
 10
60.176833333333335
 20
48.662166666666664
 10
60.219166666666666
 20
48.61983333333333
 10
60.282666666666664
 20
48.5775
 10
60.34616666666666
 20
48.556333333333335
 10
60.409666666666666
 20
48.556333333333335
 10
60.49433333333333
 20
48.513999999999996
 10
60.579
 20
48.42933333333333
 10
60.579
 20
48.30233333333333
 10
60.60016666666667
 20
48.26
 10
60.72716666666666
 20
48.132999999999996
 10
60.854166666666664
 20
47.984833333333334
 10
60.87533333333333
 20
47.942499999999995
 10
60.896499999999996
 20
47.836666666666666
 10
60.91766666666666
 20
47.709666666666664
 10
60.938833333333335
 20
47.47683333333333
 10
60.938833333333335
 20
47.3075
 10
60.896499999999996
 20
47.15933333333333
 10
60.896499999999996
 20
47.074666666666666
 10
60.91766666666666
 20
46.9265
 10
60.896499999999996
 20
46.7995
 10
60.87533333333333
 20
46.736
 10
60.81183333333333
 20
46.65133333333333
 10
60.7695
 20
46.609
 10
60.72716666666666
 20
46.5455
 10
60.705999999999996
 20
46.482
 10
60.663666666666664
 20
46.43966666666667
 10
60.6425
 20
46.37616666666666
 10
60.579
 20
46.2915
 10
60.3885
 20
46.101
 10
60.30383333333333
 20
46.0375
 10
60.219166666666666
 20
45.99516666666666
 10
60.15566666666666
 20
45.974
 10
60.11333333333333
 20
45.974
 10
60.071
 20
45.95283333333333
 10
60.0075
 20
45.88933333333333
 10
59.96516666666667
 20
45.86816666666667
 10
59.8805
 20
45.847
 10
59.54183333333333
 20
45.825833333333335
 10
59.076166666666666
 20
45.825833333333335
 10
58.8645
 20
45.847
 10
58.800999999999995
 20
45.86816666666667
 10
58.6105
 20
45.974
 10
58.547
 20
45.974
 10
58.46233333333333
 20
46.016333333333336
 10
58.39883333333333
 20
46.05866666666667
 10
58.27183333333333
 20
46.18566666666666
 10
58.2295
 20
46.24916666666667
 10
58.166
 20
46.33383333333333
 10
58.123666666666665
 20
46.39733333333333
 10
58.1025
 20
46.46083333333333
 10
57.9755
 20
46.58783333333333
 10
57.95433333333333
 20
46.63016666666667
 10
57.933166666666665
 20
46.693666666666665
 10
57.933166666666665
 20
46.7995
 10
57.912
 20
46.884166666666665
 10
57.82733333333333
 20
47.032333333333334
 10
57.80616666666666
 20
47.13816666666666
 10
57.80616666666666
 20
47.244
 10
57.82733333333333
 20
47.3075
 10
57.86966666666667
 20
47.39216666666667
 10
57.86966666666667
 20
47.51916666666666
 10
57.82733333333333
 20
47.603833333333334
 10
57.82733333333333
 20
47.751999999999995
 10
57.8485
 20
47.836666666666666
 10
58.01783333333333
 20
48.006
 10
58.06016666666667
 20
48.090666666666664
 10
58.06016666666667
 20
48.15416666666667
 10
58.08133333333333
 20
48.26
 10
58.14483333333333
 20
48.323499999999996
 10
58.2295
 20
48.365833333333335
 10
58.3565
 20
48.49283333333333
 10
58.504666666666665
 20
48.61983333333333
 10
58.56816666666666
 20
48.662166666666664
 10
58.652833333333334
 20
48.704499999999996
 10
58.71633333333333
 20
48.72566666666666
 10
58.77983333333333
 20
48.746833333333335
 10
58.843333333333334
 20
48.768
 10
58.90683333333333
 20
48.78916666666667
 10
58.97033333333333
 20
48.81033333333333
 10
59.055
 20
48.8315
 10
59.16083333333333
 20
48.852666666666664
  0
LWPOLYLINE
  5
48
330
17
100
AcDbEntity
  8
0
100
AcDbPolyline
 90
94
 70
1
 10
60.833
 20
128.8415
 10
60.96
 20
128.8415
 10
61.0235
 20
128.82033333333334
 10
61.06583333333333
 20
128.79916666666665
 10
61.1505
 20
128.73566666666667
 10
61.19283333333333
 20
128.69333333333333
 10
61.25633333333333
 20
128.651
 10
61.29866666666666
 20
128.651
 10
61.4045
 20
128.5875
 10
61.44683333333333
 20
128.5875
 10
61.48916666666666
 20
128.56633333333332
 10
61.57383333333333
 20
128.48166666666665
 10
61.6585
 20
128.43933333333334
 10
61.70083333333333
 20
128.43933333333334
 10
61.76433333333333
 20
128.43933333333334
 10
61.806666666666665
 20
128.43933333333334
 10
61.87016666666666
 20
128.37583333333333
 10
61.87016666666666
 20
128.3335
 10
61.9125
 20
128.24883333333332
 10
62.08183333333333
 20
128.0795
 10
62.14533333333333
 20
127.9525
 10
62.1665
 20
127.889
 10
62.187666666666665
 20
127.82549999999999
 10
62.20883333333333
 20
127.74083333333333
 10
62.23
 20
127.65616666666666
 10
62.25116666666666
 20
127.42333333333333
 10
62.25116666666666
 20
126.95766666666667
 10
62.23
 20
126.87299999999999
 10
62.20883333333333
 20
126.8095
 10
62.187666666666665
 20
126.746
 10
62.1665
 20
126.68249999999999
 10
62.14533333333333
 20
126.619
 10
62.12416666666667
 20
126.5555
 10
62.103
 20
126.49199999999999
 10
62.06066666666666
 20
126.40733333333333
 10
61.976
 20
126.34383333333334
 10
61.93366666666667
 20
126.30149999999999
 10
61.89133333333333
 20
126.238
 10
61.849
 20
126.15333333333334
 10
61.806666666666665
 20
126.11099999999999
 10
61.76433333333333
 20
126.06866666666666
 10
61.70083333333333
 20
126.02633333333333
 10
61.5315
 20
125.857
 10
61.467999999999996
 20
125.81466666666667
 10
61.425666666666665
 20
125.7935
 10
61.341
 20
125.77233333333334
 10
61.29866666666666
 20
125.77233333333334
 10
61.235166666666665
 20
125.72999999999999
 10
61.1505
 20
125.70883333333333
 10
61.00233333333333
 20
125.70883333333333
 10
60.854166666666664
 20
125.6665
 10
60.473166666666664
 20
125.68766666666666
 10
60.367333333333335
 20
125.68766666666666
 10
60.24033333333333
 20
125.6665
 10
60.071
 20
125.68766666666666
 10
59.986333333333334
 20
125.70883333333333
 10
59.92283333333333
 20
125.72999999999999
 10
59.8805
 20
125.77233333333334
 10
59.69
 20
125.857
 10
59.6265
 20
125.89933333333333
 10
59.58416666666667
 20
125.94166666666666
 10
59.54183333333333
 20
126.00516666666667
 10
59.47833333333333
 20
126.11099999999999
 10
59.266666666666666
 20
126.32266666666666
 10
59.181999999999995
 20
126.4285
 10
59.13966666666666
 20
126.49199999999999
 10
59.1185
 20
126.53433333333334
 10
59.1185
 20
126.57666666666667
 10
59.055
 20
126.70366666666666
 10
59.01266666666667
 20
126.746
 10
58.991499999999995
 20
126.78833333333333
 10
58.97033333333333
 20
127.10583333333334
 10
58.97033333333333
 20
127.381
 10
59.01266666666667
 20
127.48683333333334
 10
59.01266666666667
 20
127.61383333333333
 10
59.033833333333334
 20
127.67733333333332
 10
59.055
 20
127.74083333333333
 10
59.09733333333333
 20
127.82549999999999
 10
59.13966666666666
 20
127.889
 10
59.181999999999995
 20
127.9525
 10
59.2455
 20
128.016
 10
59.33016666666666
 20
128.2065
 10
59.457166666666666
 20
128.35466666666667
 10
59.58416666666667
 20
128.48166666666665
 10
59.647666666666666
 20
128.524
 10
59.77466666666667
 20
128.5875
 10
59.817
 20
128.5875
 10
59.85933333333333
 20
128.60866666666666
 10
59.92283333333333
 20
128.651
 10
60.0075
 20
128.73566666666667
 10
60.092166666666664
 20
128.75683333333333
 10
60.49433333333333
 20
128.75683333333333
 10
60.60016666666667
 20
128.778
 10
60.72716666666666
 20
128.82033333333334
  0
LWPOLYLINE
  5
49
330
17
100
AcDbEntity
  8
0
100
AcDbPolyline
 90
1211
 70
1
 10
138.95916666666668
 20
187.04983333333334
 10
138.87449999999998
 20
187.0075
 10
138.684
 20
187.0075
 10
138.49349999999998
 20
186.98633333333333
 10
138.43
 20
186.944
 10
138.38766666666666
 20
186.944
 10
138.32416666666666
 20
186.90166666666667
 10
138.21833333333333
 20
186.88049999999998
 10
138.13366666666667
 20
186.85933333333332
 10
138.049
 20
186.83816666666667
 10
137.96433333333334
 20
186.817
 10
137.8585
 20
186.79583333333332
 10
137.77383333333333
 20
186.77466666666666
 10
137.668
 20
186.7535
 10
137.51983333333334
 20
186.7535
 10
137.45633333333333
 20
186.73233333333332
 10
137.39283333333333
 20
186.69
 10
137.35049999999998
 20
186.64766666666665
 10
137.287
 20
186.6265
 10
137.24466666666666
 20
186.6265
 10
137.18116666666666
 20
186.60533333333333
 10
137.13883333333334
 20
186.58416666666668
 10
137.07533333333333
 20
186.52066666666667
 10
137.01183333333333
 20
186.47833333333332
 10
136.96949999999998
 20
186.47833333333332
 10
136.906
 20
186.436
 10
136.80016666666666
 20
186.33016666666666
 10
136.7155
 20
186.26666666666665
 10
136.60966666666667
 20
186.20316666666668
 10
136.525
 20
186.13966666666667
 10
136.398
 20
186.03383333333332
 10
136.2075
 20
185.84333333333333
 10
136.12283333333332
 20
185.73749999999998
 10
136.05933333333334
 20
185.65283333333332
 10
136.017
 20
185.58933333333331
 10
135.9535
 20
185.44116666666667
 10
135.86883333333333
 20
185.33533333333332
 10
135.8265
 20
185.293
 10
135.763
 20
185.25066666666666
 10
135.65716666666665
 20
185.20833333333331
 10
135.59366666666665
 20
185.14483333333334
 10
135.55133333333333
 20
185.06016666666667
 10
135.53016666666667
 20
184.99666666666667
 10
135.53016666666667
 20
184.785
 10
135.46666666666667
 20
184.67916666666667
 10
135.4455
 20
184.61566666666667
 10
135.4455
 20
184.50983333333332
 10
135.40316666666666
 20
184.42516666666666
 10
135.382
 20
184.3405
 10
135.382
 20
184.23466666666667
 10
135.36083333333332
 20
184.0865
 10
135.33966666666666
 20
184.023
 10
135.29733333333334
 20
183.93833333333333
 10
135.255
 20
183.896
 10
135.23383333333334
 20
183.83249999999998
 10
135.21266666666665
 20
183.769
 10
135.21266666666665
 20
183.7055
 10
135.1915
 20
183.642
 10
135.10683333333333
 20
183.49383333333333
 10
135.10683333333333
 20
183.40916666666666
 10
135.08566666666667
 20
183.3245
 10
135.0645
 20
183.28216666666665
 10
135.001
 20
183.21866666666665
 10
134.95866666666666
 20
183.134
 10
134.9375
 20
183.07049999999998
 10
134.9375
 20
183.02816666666666
 10
134.91633333333334
 20
182.96466666666666
 10
134.89516666666665
 20
182.90116666666665
 10
134.874
 20
182.85883333333334
 10
134.83166666666665
 20
182.8165
 10
134.66233333333332
 20
182.47783333333334
 10
134.66233333333332
 20
182.4355
 10
134.62
 20
182.37199999999999
 10
134.53533333333334
 20
182.28733333333332
 10
134.51416666666665
 20
182.245
 10
134.493
 20
182.1815
 10
134.493
 20
182.13916666666665
 10
134.38716666666667
 20
181.92749999999998
 10
134.34483333333333
 20
181.864
 10
134.239
 20
181.75816666666665
 10
134.19666666666666
 20
181.6735
 10
134.112
 20
181.58883333333333
 10
134.06966666666665
 20
181.52533333333332
 10
134.0485
 20
181.46183333333332
 10
134.0485
 20
181.4195
 10
134.02733333333333
 20
181.356
 10
133.96383333333333
 20
181.27133333333333
 10
133.858
 20
181.1655
 10
133.81566666666666
 20
181.08083333333332
 10
133.75216666666665
 20
180.99616666666665
 10
133.68866666666668
 20
180.9115
 10
133.58283333333333
 20
180.80566666666667
 10
133.51933333333332
 20
180.721
 10
133.45583333333332
 20
180.63633333333334
 10
133.43466666666666
 20
180.57283333333334
 10
133.39233333333334
 20
180.50933333333333
 10
133.35
 20
180.46699999999998
 10
133.30766666666668
 20
180.42466666666667
 10
133.20183333333333
 20
180.31883333333332
 10
133.11716666666666
 20
180.19183333333334
 10
133.01133333333334
 20
180.08599999999998
 10
132.92666666666668
 20
180.04366666666667
 10
132.84199999999998
 20
179.959
 10
132.82083333333333
 20
179.8955
 10
132.63033333333334
 20
179.68383333333333
 10
132.5245
 20
179.578
 10
132.29166666666666
 20
179.36633333333333
 10
132.18583333333333
 20
179.30283333333333
 10
132.10116666666667
 20
179.21816666666666
 10
131.93183333333332
 20
179.02766666666668
 10
131.84716666666665
 20
178.96416666666667
 10
131.78366666666668
 20
178.92183333333332
 10
131.69899999999998
 20
178.8795
 10
131.6355
 20
178.83716666666666
 10
131.48733333333334
 20
178.689
 10
131.29683333333332
 20
178.60433333333333
 10
131.14866666666666
 20
178.45616666666666
 10
131.08516666666665
 20
178.41383333333332
 10
131.0005
 20
178.3715
 10
130.93699999999998
 20
178.32916666666665
 10
130.85233333333332
 20
178.2445
 10
130.66183333333333
 20
178.15983333333332
 10
130.6195
 20
178.1175
 10
130.57716666666667
 20
178.1175
 10
130.4925
 20
178.07516666666666
 10
130.40783333333334
 20
178.01166666666666
 10
130.32316666666665
 20
177.927
 10
130.2385
 20
177.88466666666667
 10
130.19616666666667
 20
177.88466666666667
 10
130.1115
 20
177.84233333333333
 10
130.048
 20
177.79999999999998
 10
130.00566666666666
 20
177.75766666666667
 10
129.81516666666667
 20
177.673
 10
129.75166666666667
 20
177.6095
 10
129.70933333333332
 20
177.58833333333334
 10
129.62466666666666
 20
177.56716666666665
 10
129.58233333333334
 20
177.56716666666665
 10
129.49766666666667
 20
177.52483333333333
 10
129.45533333333333
 20
177.4825
 10
129.286
 20
177.39783333333332
 10
129.24366666666666
 20
177.39783333333332
 10
129.13783333333333
 20
177.33433333333332
 10
129.07433333333333
 20
177.31316666666666
 10
129.01083333333332
 20
177.31316666666666
 10
128.94733333333332
 20
177.27083333333331
 10
128.905
 20
177.27083333333331
 10
128.86266666666666
 20
177.2285
 10
128.778
 20
177.18616666666665
 10
128.69333333333333
 20
177.165
 10
128.60866666666666
 20
177.165
 10
128.524
 20
177.14383333333333
 10
128.43933333333334
 20
177.12266666666667
 10
128.35466666666667
 20
177.08033333333333
 10
128.31233333333333
 20
177.03799999999998
 10
128.27
 20
177.01683333333332
 10
128.18533333333332
 20
176.99566666666666
 10
128.10066666666665
 20
176.99566666666666
 10
128.03716666666665
 20
176.9745
 10
127.84666666666666
 20
176.86866666666666
 10
127.78316666666666
 20
176.8475
 10
127.6985
 20
176.82633333333334
 10
127.59266666666666
 20
176.80516666666665
 10
127.46566666666666
 20
176.80516666666665
 10
127.40216666666666
 20
176.76283333333333
 10
127.33866666666667
 20
176.74166666666667
 10
127.27516666666666
 20
176.7205
 10
127.1905
 20
176.69933333333333
 10
127.08466666666666
 20
176.69933333333333
 10
127.02116666666666
 20
176.65699999999998
 10
126.91533333333334
 20
176.63583333333332
 10
126.66133333333333
 20
176.63583333333332
 10
126.51316666666666
 20
176.5935
 10
126.40733333333333
 20
176.5935
 10
126.19566666666667
 20
176.61466666666666
 10
126.11099999999999
 20
176.57233333333332
 10
125.96283333333334
 20
176.55116666666666
 10
125.7935
 20
176.53
 10
125.13733333333333
 20
176.55116666666666
 10
125.095
 20
176.55116666666666
 10
124.98916666666666
 20
176.48766666666666
 10
124.714
 20
176.48766666666666
 10
124.60816666666666
 20
176.53
 10
124.46
 20
176.55116666666666
 10
124.29066666666667
 20
176.53
 10
124.18483333333333
 20
176.53
 10
123.65566666666666
 20
176.55116666666666
 10
123.317
 20
176.57233333333332
 10
123.2535
 20
176.5935
 10
123.19
 20
176.63583333333332
 10
123.1265
 20
176.65699999999998
 10
123.02066666666666
 20
176.67816666666667
 10
122.91483333333333
 20
176.69933333333333
 10
122.809
 20
176.7205
 10
122.70316666666666
 20
176.74166666666667
 10
122.59733333333332
 20
176.76283333333333
 10
122.4915
 20
176.784
 10
122.38566666666667
 20
176.80516666666665
 10
122.301
 20
176.82633333333334
 10
122.13166666666666
 20
176.82633333333334
 10
122.06816666666667
 20
176.8475
 10
121.98349999999999
 20
176.8898333333333
 10
121.94116666666666
 20
176.93216666666666
 10
121.77183333333333
 20
177.01683333333332
 10
121.70833333333333
 20
177.03799999999998
 10
121.56016666666666
 20
177.03799999999998
 10
121.4755
 20
177.05916666666667
 10
121.41199999999999
 20
177.08033333333333
 10
121.3485
 20
177.12266666666667
 10
121.24266666666666
 20
177.14383333333333
 10
121.11566666666667
 20
177.14383333333333
 10
121.03099999999999
 20
177.165
 10
120.9675
 20
177.18616666666665
 10
120.904
 20
177.20733333333334
 10
120.84049999999999
 20
177.24966666666666
 10
120.777
 20
177.27083333333331
 10
120.69233333333332
 20
177.292
 10
120.60766666666666
 20
177.292
 10
120.523
 20
177.33433333333332
 10
120.41716666666666
 20
177.3555
 10
120.16316666666667
 20
177.3555
 10
120.05733333333333
 20
177.37666666666667
 10
119.93033333333334
 20
177.39783333333332
 10
119.86683333333333
 20
177.41899999999998
 10
119.80333333333333
 20
177.44016666666667
 10
119.73983333333334
 20
177.4825
 10
119.67633333333333
 20
177.50366666666667
 10
119.1895
 20
177.4825
 10
118.93549999999999
 20
177.4825
 10
118.59683333333334
 20
177.50366666666667
 10
118.44866666666667
 20
177.41899999999998
 10
118.25816666666667
 20
177.41899999999998
 10
118.13116666666666
 20
177.39783333333332
 10
118.0465
 20
177.37666666666667
 10
117.98299999999999
 20
177.33433333333332
 10
117.9195
 20
177.31316666666666
 10
117.856
 20
177.31316666666666
 10
117.79249999999999
 20
177.292
 10
117.729
 20
177.27083333333331
 10
117.6655
 20
177.2285
 10
117.60199999999999
 20
177.20733333333334
 10
117.30566666666667
 20
177.20733333333334
 10
117.221
 20
177.18616666666665
 10
117.11516666666667
 20
177.165
 10
117.05166666666666
 20
177.14383333333333
 10
116.98816666666666
 20
177.12266666666667
 10
116.92466666666667
 20
177.08033333333333
 10
116.86116666666666
 20
177.03799999999998
 10
116.79766666666666
 20
176.99566666666666
 10
116.713
 20
176.911
 10
116.67066666666666
 20
176.8898333333333
 10
116.60716666666666
 20
176.86866666666666
 10
116.54366666666667
 20
176.8475
 10
116.48016666666666
 20
176.8475
 10
116.41666666666666
 20
176.82633333333334
 10
116.35316666666667
 20
176.784
 10
116.28966666666666
 20
176.7205
 10
116.22616666666666
 20
176.67816666666667
 10
116.18383333333333
 20
176.65699999999998
 10
116.1415
 20
176.65699999999998
 10
116.05683333333333
 20
176.61466666666666
 10
115.99333333333333
 20
176.57233333333332
 10
115.90866666666666
 20
176.50883333333334
 10
115.86633333333333
 20
176.4665
 10
115.78166666666667
 20
176.42416666666665
 10
115.73933333333333
 20
176.3395
 10
115.61233333333332
 20
176.2125
 10
115.52766666666666
 20
176.17016666666666
 10
115.443
 20
176.0855
 10
115.33716666666666
 20
176.04316666666665
 10
115.29483333333333
 20
176.00083333333333
 10
115.2525
 20
175.9585
 10
115.21016666666667
 20
175.91616666666667
 10
115.189
 20
175.85266666666666
 10
115.14666666666666
 20
175.78916666666666
 10
115.08316666666666
 20
175.72566666666665
 10
114.99849999999999
 20
175.68333333333334
 10
114.935
 20
175.61983333333333
 10
114.89266666666667
 20
175.53516666666667
 10
114.80799999999999
 20
175.4505
 10
114.76566666666666
 20
175.40816666666666
 10
114.65983333333332
 20
175.30233333333334
 10
114.59633333333333
 20
175.21766666666667
 10
114.554
 20
175.13299999999998
 10
114.51166666666667
 20
175.0695
 10
114.44816666666667
 20
175.006
 10
114.40583333333333
 20
174.96366666666665
 10
114.3635
 20
174.92133333333334
 10
114.32116666666667
 20
174.85783333333333
 10
114.27883333333332
 20
174.77316666666667
 10
114.25766666666667
 20
174.6885
 10
114.25766666666667
 20
174.58266666666665
 10
114.173
 20
174.498
 10
113.9825
 20
174.41333333333333
 10
113.94016666666667
 20
174.37099999999998
 10
113.919
 20
174.32866666666666
 10
113.919
 20
173.99
 10
113.87666666666667
 20
173.9265
 10
113.83433333333333
 20
173.88416666666666
 10
113.83433333333333
 20
173.84183333333334
 10
113.81316666666666
 20
173.77833333333334
 10
113.77083333333333
 20
173.69366666666667
 10
113.7285
 20
173.65133333333333
 10
113.70733333333332
 20
173.609
 10
113.68616666666667
 20
173.5455
 10
113.68616666666667
 20
173.50316666666666
 10
113.64383333333333
 20
173.43966666666665
 10
113.64383333333333
 20
173.27033333333333
 10
113.62266666666666
 20
173.14333333333332
 10
113.55916666666667
 20
173.0375
 10
113.538
 20
172.974
 10
113.51683333333332
 20
172.88933333333333
 10
113.49566666666666
 20
172.82583333333332
 10
113.47449999999999
 20
172.74116666666666
 10
113.45333333333333
 20
172.63533333333334
 10
113.45333333333333
 20
172.52949999999998
 10
113.411
 20
172.42366666666666
 10
113.38983333333333
 20
171.97916666666666
 10
113.43216666666666
 20
171.61933333333332
 10
113.43216666666666
 20
170.942
 10
113.45333333333333
 20
170.8785
 10
113.51683333333332
 20
170.77266666666665
 10
113.51683333333332
 20
170.561
 10
113.538
 20
170.4975
 10
113.55916666666667
 20
170.434
 10
113.6015
 20
170.34933333333333
 10
113.62266666666666
 20
170.26466666666667
 10
113.64383333333333
 20
170.18
 10
113.64383333333333
 20
170.09533333333331
 10
113.68616666666667
 20
170.03183333333334
 10
113.68616666666667
 20
169.94716666666667
 10
113.70733333333332
 20
169.86249999999998
 10
113.7285
 20
169.799
 10
113.77083333333333
 20
169.7355
 10
113.77083333333333
 20
169.69316666666666
 10
113.81316666666666
 20
169.62966666666665
 10
113.87666666666667
 20
169.56616666666667
 10
113.919
 20
169.50266666666667
 10
113.94016666666667
 20
169.46033333333332
 10
113.94016666666667
 20
169.418
 10
113.9825
 20
169.3545
 10
113.9825
 20
169.291
 10
114.04599999999999
 20
169.18516666666667
 10
114.04599999999999
 20
169.14283333333333
 10
114.1095
 20
169.01583333333332
 10
114.15183333333333
 20
168.95233333333334
 10
114.21533333333333
 20
168.88883333333334
 10
114.25766666666667
 20
168.80416666666667
 10
114.25766666666667
 20
168.74066666666667
 10
114.27883333333332
 20
168.67716666666666
 10
114.40583333333333
 20
168.529
 10
114.57516666666666
 20
168.35966666666667
 10
114.61749999999999
 20
168.29616666666666
 10
114.65983333333332
 20
168.23266666666666
 10
114.681
 20
168.16916666666665
 10
114.80799999999999
 20
168.04216666666667
 10
114.85033333333332
 20
167.95749999999998
 10
114.89266666666667
 20
167.91516666666666
 10
115.01966666666667
 20
167.80933333333334
 10
115.04083333333332
 20
167.767
 10
115.062
 20
167.7035
 10
115.062
 20
167.61883333333333
 10
115.08316666666666
 20
167.57649999999998
 10
115.21016666666667
 20
167.4495
 10
115.27366666666666
 20
167.40716666666665
 10
115.42183333333332
 20
167.34366666666665
 10
115.5065
 20
167.28016666666667
 10
115.57
 20
167.23783333333333
 10
115.6335
 20
167.19549999999998
 10
115.71816666666666
 20
167.132
 10
115.84516666666666
 20
167.005
 10
115.90866666666666
 20
166.98383333333334
 10
116.09916666666666
 20
166.79333333333332
 10
116.16266666666667
 20
166.751
 10
116.22616666666666
 20
166.70866666666666
 10
116.28966666666666
 20
166.66633333333334
 10
116.332
 20
166.64516666666665
 10
116.3955
 20
166.624
 10
116.43783333333333
 20
166.624
 10
116.50133333333333
 20
166.60283333333334
 10
116.586
 20
166.5605
 10
116.69183333333334
 20
166.45466666666667
 10
116.7765
 20
166.41233333333332
 10
116.86116666666666
 20
166.39116666666666
 10
117.05166666666666
 20
166.39116666666666
 10
117.11516666666667
 20
166.37
 10
117.1575
 20
166.34883333333332
 10
117.221
 20
166.3065
 10
117.26333333333334
 20
166.26416666666665
 10
117.5385
 20
166.13716666666667
 10
117.60199999999999
 20
166.07366666666667
 10
117.68666666666667
 20
166.03133333333332
 10
117.75016666666666
 20
166.01016666666666
 10
117.79249999999999
 20
166.01016666666666
 10
117.83483333333334
 20
165.989
 10
117.87716666666667
 20
165.94666666666666
 10
117.9195
 20
165.9255
 10
117.98299999999999
 20
165.90433333333334
 10
118.02533333333334
 20
165.90433333333334
 10
118.08883333333333
 20
165.88316666666665
 10
118.15233333333333
 20
165.862
 10
118.237
 20
165.81966666666665
 10
118.32166666666666
 20
165.73499999999999
 10
118.36399999999999
 20
165.71383333333333
 10
118.4275
 20
165.71383333333333
 10
118.491
 20
165.69266666666667
 10
118.55449999999999
 20
165.6715
 10
118.63916666666667
 20
165.608
 10
118.6815
 20
165.56566666666666
 10
118.95666666666666
 20
165.43866666666665
 10
119.0625
 20
165.33283333333333
 10
119.14716666666666
 20
165.2905
 10
119.21066666666667
 20
165.26933333333332
 10
119.253
 20
165.26933333333332
 10
119.29533333333333
 20
165.24816666666666
 10
119.35883333333334
 20
165.18466666666666
 10
119.42233333333333
 20
165.1
 10
119.46466666666666
 20
165.07883333333334
 10
119.50699999999999
 20
165.07883333333334
 10
119.5705
 20
165.05766666666665
 10
119.61283333333333
 20
165.0365
 10
119.67633333333333
 20
164.97299999999998
 10
119.73983333333334
 20
164.93066666666667
 10
119.8245
 20
164.88833333333332
 10
119.88799999999999
 20
164.86716666666666
 10
119.97266666666667
 20
164.86716666666666
 10
120.05733333333333
 20
164.82483333333332
 10
120.12083333333332
 20
164.7825
 10
120.29016666666666
 20
164.59199999999998
 10
120.3325
 20
164.54966666666667
 10
120.396
 20
164.50733333333332
 10
120.43833333333333
 20
164.48616666666666
 10
120.48066666666666
 20
164.48616666666666
 10
120.54416666666667
 20
164.465
 10
120.73466666666667
 20
164.35916666666665
 10
120.777
 20
164.35916666666665
 10
120.84049999999999
 20
164.338
 10
120.88283333333332
 20
164.29566666666665
 10
120.94633333333333
 20
164.25333333333333
 10
121.03099999999999
 20
164.21099999999998
 10
121.17916666666666
 20
164.21099999999998
 10
121.24266666666666
 20
164.18983333333333
 10
121.285
 20
164.1475
 10
121.3485
 20
164.12633333333332
 10
121.45433333333332
 20
164.04166666666666
 10
121.51783333333333
 20
163.97816666666665
 10
121.58133333333333
 20
163.87233333333333
 10
121.64483333333332
 20
163.80883333333333
 10
121.70833333333333
 20
163.80883333333333
 10
121.79299999999999
 20
163.78766666666667
 10
121.96233333333333
 20
163.703
 10
122.02583333333332
 20
163.66066666666666
 10
122.1105
 20
163.59716666666665
 10
122.25866666666667
 20
163.44899999999998
 10
122.34333333333333
 20
163.40666666666667
 10
122.51266666666666
 20
163.23733333333334
 10
122.55499999999999
 20
163.195
 10
122.59733333333332
 20
163.15266666666668
 10
122.72433333333333
 20
163.06799999999998
 10
122.83016666666666
 20
162.96216666666666
 10
122.97833333333332
 20
162.77166666666668
 10
123.10533333333333
 20
162.64466666666667
 10
123.16883333333332
 20
162.6235
 10
123.3805
 20
162.39066666666668
 10
123.5075
 20
162.26366666666667
 10
123.59216666666666
 20
162.22133333333332
 10
123.7615
 20
162.052
 10
123.952
 20
161.8615
 10
124.0155
 20
161.798
 10
124.05783333333333
 20
161.69216666666665
 10
124.16366666666666
 20
161.58633333333333
 10
124.24833333333333
 20
161.54399999999998
 10
124.41766666666666
 20
161.39583333333334
 10
124.46
 20
161.3535
 10
124.50233333333333
 20
161.29
 10
124.587
 20
161.2265
 10
124.62933333333334
 20
161.16299999999998
 10
124.67166666666667
 20
161.07833333333332
 10
124.73516666666666
 20
160.99366666666666
 10
124.79866666666666
 20
160.93016666666665
 10
124.86216666666667
 20
160.909
 10
125.01033333333334
 20
160.76083333333332
 10
125.15849999999999
 20
160.57033333333334
 10
125.26433333333333
 20
160.4645
 10
125.39133333333334
 20
160.35866666666666
 10
125.49716666666666
 20
160.23166666666665
 10
125.53949999999999
 20
160.12583333333333
 10
125.62416666666667
 20
160.04116666666667
 10
125.72999999999999
 20
159.9565
 10
125.7935
 20
159.8295
 10
125.7935
 20
159.766
 10
125.81466666666667
 20
159.7025
 10
125.89933333333333
 20
159.61783333333332
 10
126.06866666666666
 20
159.46966666666665
 10
126.11099999999999
 20
159.36383333333333
 10
126.19566666666667
 20
159.27916666666667
 10
126.25916666666666
 20
159.25799999999998
 10
126.30149999999999
 20
159.21566666666666
 10
126.34383333333334
 20
159.17333333333332
 10
126.38616666666667
 20
159.131
 10
126.38616666666667
 20
159.08866666666665
 10
126.44966666666666
 20
158.96166666666667
 10
126.53433333333334
 20
158.877
 10
126.5555
 20
158.83466666666666
 10
126.5555
 20
158.79233333333332
 10
126.66133333333333
 20
158.70766666666665
 10
126.72483333333334
 20
158.64416666666665
 10
126.746
 20
158.58066666666667
 10
126.87299999999999
 20
158.45366666666666
 10
126.91533333333334
 20
158.34783333333334
 10
126.95766666666667
 20
158.28433333333334
 10
127.0
 20
158.22083333333333
 10
127.04233333333333
 20
158.15733333333333
 10
127.08466666666666
 20
158.09383333333332
 10
127.23283333333333
 20
157.94566666666665
 10
127.25399999999999
 20
157.88216666666665
 10
127.29633333333334
 20
157.83983333333333
 10
127.3175
 20
157.77633333333333
 10
127.35983333333333
 20
157.71283333333332
 10
127.40216666666666
 20
157.6705
 10
127.44449999999999
 20
157.607
 10
127.46566666666666
 20
157.5435
 10
127.52916666666667
 20
157.48
 10
127.5715
 20
157.41649999999998
 10
127.63499999999999
 20
157.26833333333332
 10
127.67733333333332
 20
157.226
 10
127.71966666666667
 20
157.1625
 10
127.762
 20
157.05666666666667
 10
127.80433333333333
 20
157.01433333333333
 10
127.86783333333332
 20
156.86616666666666
 10
127.91016666666667
 20
156.82383333333334
 10
127.99483333333333
 20
156.63333333333333
 10
128.05833333333334
 20
156.56983333333332
 10
128.143
 20
156.464
 10
128.18533333333332
 20
156.37933333333334
 10
128.18533333333332
 20
156.337
 10
128.27
 20
156.18883333333332
 10
128.27
 20
156.12533333333332
 10
128.35466666666667
 20
155.956
 10
128.397
 20
155.91366666666667
 10
128.4605
 20
155.829
 10
128.48166666666665
 20
155.78666666666666
 10
128.50283333333334
 20
155.72316666666666
 10
128.50283333333334
 20
155.6385
 10
128.524
 20
155.575
 10
128.56633333333332
 20
155.49033333333333
 10
128.60866666666666
 20
155.42683333333332
 10
128.7145
 20
155.321
 10
128.73566666666667
 20
155.27866666666665
 10
128.73566666666667
 20
155.21516666666668
 10
128.778
 20
155.13049999999998
 10
128.86266666666666
 20
155.04583333333332
 10
128.88383333333334
 20
155.0035
 10
128.905
 20
154.94
 10
128.905
 20
154.79183333333333
 10
128.94733333333332
 20
154.72833333333332
 10
129.01083333333332
 20
154.64366666666666
 10
129.05316666666667
 20
154.60133333333332
 10
129.11666666666667
 20
154.51666666666665
 10
129.18016666666665
 20
154.38966666666667
 10
129.20133333333334
 20
154.32616666666667
 10
129.20133333333334
 20
154.28383333333332
 10
129.286
 20
154.13566666666665
 10
129.286
 20
154.09333333333333
 10
129.32833333333332
 20
154.02983333333333
 10
129.32833333333332
 20
153.96633333333332
 10
129.3495
 20
153.90283333333332
 10
129.41299999999998
 20
153.797
 10
129.41299999999998
 20
153.75466666666665
 10
129.43416666666667
 20
153.69116666666667
 10
129.45533333333333
 20
153.62766666666667
 10
129.54
 20
153.4795
 10
129.54
 20
153.43716666666666
 10
129.58233333333334
 20
153.37366666666665
 10
129.6035
 20
153.289
 10
129.62466666666666
 20
153.20433333333332
 10
129.62466666666666
 20
152.86566666666667
 10
129.64583333333334
 20
152.80216666666666
 10
129.75166666666667
 20
152.69633333333334
 10
129.79399999999998
 20
152.61166666666665
 10
129.79399999999998
 20
152.46349999999998
 10
129.81516666666667
 20
152.4
 10
129.8575
 20
152.3365
 10
129.8575
 20
152.29416666666665
 10
129.87866666666667
 20
152.23066666666665
 10
129.9845
 20
152.04016666666666
 10
130.00566666666666
 20
151.9555
 10
130.00566666666666
 20
151.8285
 10
130.02683333333334
 20
151.72266666666667
 10
130.048
 20
151.638
 10
130.06916666666666
 20
151.55333333333334
 10
130.15383333333332
 20
151.40516666666667
 10
130.17499999999998
 20
151.3205
 10
130.17499999999998
 20
151.257
 10
130.19616666666667
 20
151.1935
 10
130.2385
 20
151.10883333333334
 10
130.25966666666667
 20
151.04533333333333
 10
130.28083333333333
 20
150.98183333333333
 10
130.302
 20
150.89716666666666
 10
130.32316666666665
 20
150.83366666666666
 10
130.34433333333334
 20
150.749
 10
130.3655
 20
150.6855
 10
130.3655
 20
150.47383333333332
 10
130.38666666666666
 20
150.34683333333334
 10
130.40783333333334
 20
150.24099999999999
 10
130.45016666666666
 20
150.114
 10
130.47133333333332
 20
149.987
 10
130.47133333333332
 20
149.85999999999999
 10
130.51366666666667
 20
149.75416666666666
 10
130.51366666666667
 20
149.606
 10
130.53483333333332
 20
149.5425
 10
130.57716666666667
 20
149.50016666666667
 10
130.6195
 20
149.4155
 10
130.64066666666668
 20
149.352
 10
130.66183333333333
 20
149.24616666666665
 10
130.683
 20
149.14033333333333
 10
130.683
 20
148.99216666666666
 10
130.70416666666665
 20
148.9075
 10
130.72533333333334
 20
148.82283333333334
 10
130.76766666666666
 20
148.73816666666667
 10
130.78883333333334
 20
148.63233333333332
 10
130.78883333333334
 20
148.50533333333334
 10
130.81
 20
148.3995
 10
130.85233333333332
 20
148.31483333333333
 10
130.8735
 20
148.25133333333332
 10
130.85233333333332
 20
148.06083333333333
 10
130.85233333333332
 20
147.95499999999998
 10
130.8735
 20
147.87033333333332
 10
130.89466666666667
 20
147.80683333333332
 10
130.95816666666667
 20
147.701
 10
130.97933333333333
 20
147.6375
 10
130.97933333333333
 20
147.19299999999998
 10
131.0005
 20
146.98133333333334
 10
131.02166666666668
 20
146.91783333333333
 10
131.064
 20
146.83316666666667
 10
131.08516666666665
 20
146.7485
 10
131.10633333333334
 20
146.64266666666666
 10
131.1275
 20
146.53683333333333
 10
131.14866666666666
 20
146.43099999999998
 10
131.14866666666666
 20
146.15583333333333
 10
131.16983333333334
 20
146.09233333333333
 10
131.21216666666666
 20
146.00766666666667
 10
131.21216666666666
 20
145.83833333333334
 10
131.2545
 20
145.7325
 10
131.27566666666667
 20
145.56316666666666
 10
131.27566666666667
 20
145.3515
 10
131.29683333333332
 20
145.28799999999998
 10
131.33916666666667
 20
145.20333333333332
 10
131.33916666666667
 20
145.13983333333334
 10
131.29683333333332
 20
145.05516666666665
 10
131.29683333333332
 20
144.88583333333332
 10
131.31799999999998
 20
144.54716666666667
 10
131.33916666666667
 20
144.399
 10
131.3815
 20
144.272
 10
131.40266666666668
 20
144.12383333333332
 10
131.42383333333333
 20
143.84866666666667
 10
131.445
 20
143.53116666666665
 10
131.445
 20
143.17133333333334
 10
131.46616666666665
 20
142.8115
 10
131.5085
 20
142.70566666666667
 10
131.5085
 20
142.494
 10
131.5085
 20
142.21883333333332
 10
131.5085
 20
142.13416666666666
 10
131.48733333333334
 20
141.986
 10
131.5085
 20
141.7955
 10
131.55083333333332
 20
141.71083333333334
 10
131.572
 20
141.54149999999998
 10
131.55083333333332
 20
141.32983333333334
 10
131.55083333333332
 20
141.20283333333333
 10
131.55083333333332
 20
139.80583333333334
 10
131.55083333333332
 20
139.61533333333333
 10
131.572
 20
139.29783333333333
 10
131.572
 20
138.684
 10
131.572
 20
138.26066666666665
 10
131.55083333333332
 20
137.90083333333334
 10
131.5085
 20
137.73149999999998
 10
131.5085
 20
137.35049999999998
 10
131.46616666666665
 20
137.13883333333334
 10
131.445
 20
136.779
 10
131.445
 20
136.24983333333333
 10
131.42383333333333
 20
135.99583333333334
 10
131.40266666666668
 20
135.763
 10
131.3815
 20
135.65716666666665
 10
131.33916666666667
 20
135.55133333333333
 10
131.33916666666667
 20
135.29733333333334
 10
131.29683333333332
 20
135.128
 10
131.27566666666667
 20
135.001
 10
131.27566666666667
 20
134.8105
 10
131.31799999999998
 20
134.72583333333333
 10
131.36033333333333
 20
134.6835
 10
131.3815
 20
134.62
 10
131.3815
 20
134.5565
 10
131.40266666666668
 20
134.493
 10
131.48733333333334
 20
134.34483333333333
 10
131.48733333333334
 20
134.0485
 10
131.5085
 20
133.98499999999999
 10
131.52966666666666
 20
133.94266666666667
 10
131.572
 20
133.90033333333332
 10
131.6355
 20
133.77333333333334
 10
131.6355
 20
133.70983333333334
 10
131.65666666666667
 20
133.64633333333333
 10
131.67783333333333
 20
133.58283333333333
 10
131.69899999999998
 20
133.5405
 10
131.74133333333333
 20
133.49816666666666
 10
131.78366666666668
 20
133.39233333333334
 10
131.8895
 20
133.2865
 10
131.91066666666666
 20
133.24416666666667
 10
131.91066666666666
 20
133.20183333333333
 10
132.0165
 20
133.01133333333334
 10
132.0165
 20
132.969
 10
132.05883333333333
 20
132.88433333333333
 10
132.12233333333333
 20
132.79966666666667
 10
132.16466666666668
 20
132.73616666666666
 10
132.207
 20
132.67266666666666
 10
132.31283333333332
 20
132.56683333333334
 10
132.334
 20
132.50333333333333
 10
132.37633333333332
 20
132.43983333333333
 10
132.56683333333334
 20
132.22816666666665
 10
132.69383333333332
 20
132.10116666666667
 10
132.86316666666667
 20
131.953
 10
132.92666666666668
 20
131.91066666666666
 10
133.01133333333334
 20
131.84716666666665
 10
133.096
 20
131.78366666666668
 10
133.18066666666667
 20
131.74133333333333
 10
133.26533333333333
 20
131.65666666666667
 10
133.32883333333334
 20
131.61433333333332
 10
133.39233333333334
 20
131.59316666666666
 10
133.5405
 20
131.445
 10
133.60399999999998
 20
131.42383333333333
 10
133.6675
 20
131.42383333333333
 10
133.731
 20
131.40266666666668
 10
133.90033333333332
 20
131.31799999999998
 10
133.94266666666667
 20
131.27566666666667
 10
134.02733333333333
 20
131.23333333333332
 10
134.09083333333334
 20
131.21216666666666
 10
134.15433333333334
 20
131.191
 10
134.21783333333332
 20
131.16983333333334
 10
134.3025
 20
131.14866666666666
 10
134.36599999999999
 20
131.1275
 10
134.51416666666665
 20
131.1275
 10
134.57766666666666
 20
131.10633333333334
 10
134.66233333333332
 20
131.064
 10
134.72583333333333
 20
131.04283333333333
 10
134.78933333333333
 20
131.02166666666668
 10
134.97983333333332
 20
131.02166666666668
 10
135.08566666666667
 20
131.0005
 10
135.1915
 20
130.95816666666667
 10
135.29733333333334
 20
130.93699999999998
 10
135.46666666666667
 20
130.93699999999998
 10
135.55133333333333
 20
130.89466666666667
 10
135.6995
 20
130.91583333333332
 10
135.78416666666666
 20
130.91583333333332
 10
135.89
 20
130.8735
 10
136.03816666666665
 20
130.8735
 10
136.0805
 20
130.89466666666667
 10
136.144
 20
130.95816666666667
 10
136.22866666666667
 20
131.0005
 10
136.35566666666665
 20
131.0005
 10
136.41916666666665
 20
131.02166666666668
 10
136.50383333333332
 20
131.064
 10
136.56733333333332
 20
131.064
 10
136.652
 20
131.08516666666665
 10
136.7155
 20
131.10633333333334
 10
136.80016666666666
 20
131.1275
 10
136.86366666666666
 20
131.14866666666666
 10
136.906
 20
131.16983333333334
 10
136.94833333333332
 20
131.21216666666666
 10
137.033
 20
131.2545
 10
137.11766666666665
 20
131.27566666666667
 10
137.18116666666666
 20
131.27566666666667
 10
137.26583333333332
 20
131.31799999999998
 10
137.30816666666666
 20
131.36033333333333
 10
137.35049999999998
 20
131.3815
 10
137.45633333333333
 20
131.3815
 10
137.51983333333334
 20
131.40266666666668
 10
137.58333333333334
 20
131.42383333333333
 10
137.64683333333332
 20
131.445
 10
137.68916666666667
 20
131.46616666666665
 10
137.75266666666667
 20
131.5085
 10
137.8585
 20
131.61433333333332
 10
137.922
 20
131.65666666666667
 10
138.049
 20
131.72016666666667
 10
138.09133333333332
 20
131.72016666666667
 10
138.15483333333333
 20
131.78366666666668
 10
138.21833333333333
 20
131.86833333333334
 10
138.28183333333334
 20
131.91066666666666
 10
138.34533333333334
 20
131.93183333333332
 10
138.43
 20
131.99533333333332
 10
138.51466666666667
 20
132.07999999999998
 10
138.811
 20
132.3975
 10
138.83216666666667
 20
132.46099999999998
 10
138.87449999999998
 20
132.5245
 10
139.0015
 20
132.63033333333334
 10
139.065
 20
132.69383333333332
 10
139.10733333333332
 20
132.75733333333332
 10
139.14966666666666
 20
132.82083333333333
 10
139.192
 20
132.88433333333333
 10
139.21316666666667
 20
132.94783333333334
 10
139.25549999999998
 20
133.01133333333334
 10
139.34016666666668
 20
133.096
 10
139.36133333333333
 20
133.18066666666667
 10
139.36133333333333
 20
133.24416666666667
 10
139.3825
 20
133.2865
 10
139.42483333333334
 20
133.35
 10
139.46716666666666
 20
133.39233333333334
 10
139.48833333333332
 20
133.43466666666666
 10
139.5095
 20
133.49816666666666
 10
139.5095
 20
133.5405
 10
139.55183333333332
 20
133.58283333333333
 10
139.61533333333333
 20
133.70983333333334
 10
139.61533333333333
 20
133.75216666666665
 10
139.65766666666667
 20
133.83683333333332
 10
139.7
 20
133.87916666666666
 10
139.72116666666668
 20
133.9215
 10
139.74233333333333
 20
134.00616666666667
 10
139.74233333333333
 20
134.19666666666666
 10
139.7635
 20
134.3025
 10
139.80583333333334
 20
134.40833333333333
 10
139.80583333333334
 20
134.5565
 10
139.84816666666666
 20
134.66233333333332
 10
139.86933333333332
 20
134.8105
 10
139.8905
 20
135.02216666666666
 10
139.8905
 20
135.3185
 10
139.93283333333332
 20
135.42433333333332
 10
139.93283333333332
 20
135.6995
 10
139.91166666666666
 20
135.763
 10
139.86933333333332
 20
135.86883333333333
 10
139.86933333333332
 20
136.017
 10
139.84816666666666
 20
136.10166666666666
 10
139.827
 20
136.18633333333332
 10
139.78466666666665
 20
136.271
 10
139.7635
 20
136.3345
 10
139.74233333333333
 20
136.41916666666665
 10
139.72116666666668
 20
136.525
 10
139.7
 20
136.67316666666667
 10
139.7
 20
136.779
 10
139.67883333333333
 20
136.88483333333332
 10
139.63649999999998
 20
136.99066666666667
 10
139.61533333333333
 20
137.0965
 10
139.59416666666667
 20
137.24466666666666
 10
139.59416666666667
 20
137.414
 10
139.55183333333332
 20
137.51983333333334
 10
139.53066666666666
 20
137.64683333333332
 10
139.53066666666666
 20
137.81616666666667
 10
139.48833333333332
 20
137.90083333333334
 10
139.46716666666666
 20
138.00666666666666
 10
139.46716666666666
 20
138.2395
 10
139.42483333333334
 20
138.3665
 10
139.42483333333334
 20
138.6205
 10
139.3825
 20
138.7475
 10
139.36133333333333
 20
138.89566666666667
 10
139.36133333333333
 20
139.02266666666665
 10
139.34016666666668
 20
139.17083333333332
 10
139.29783333333333
 20
139.27666666666667
 10
139.27666666666667
 20
139.36133333333333
 10
139.27666666666667
 20
139.55183333333332
 10
139.25549999999998
 20
139.7635
 10
139.23433333333332
 20
139.827
 10
139.192
 20
139.91166666666666
 10
139.17083333333332
 20
140.10216666666668
 10
139.17083333333332
 20
140.2715
 10
139.1285
 20
140.39849999999998
 10
139.1285
 20
140.48316666666668
 10
139.14966666666666
 20
140.67366666666666
 10
139.1285
 20
140.94883333333334
 10
139.08616666666666
 20
141.0335
 10
139.065
 20
141.18166666666667
 10
139.04383333333334
 20
141.32983333333334
 10
139.04383333333334
 20
141.54149999999998
 10
139.02266666666665
 20
141.6685
 10
138.98033333333333
 20
141.75316666666666
 10
139.0015
 20
142.00716666666665
 10
139.0015
 20
142.09183333333334
 10
138.95916666666668
 20
142.21883333333332
 10
138.938
 20
142.38816666666665
 10
138.938
 20
142.66333333333333
 10
138.89566666666667
 20
142.748
 10
138.87449999999998
 20
142.98083333333332
 10
138.87449999999998
 20
143.17133333333334
 10
138.83216666666667
 20
143.383
 10
138.811
 20
143.55233333333334
 10
138.811
 20
143.59466666666665
 10
138.811
 20
143.65816666666666
 10
138.78983333333332
 20
143.84866666666667
 10
138.78983333333332
 20
143.891
 10
138.811
 20
144.16616666666667
 10
138.76866666666666
 20
144.272
 10
138.7475
 20
144.44133333333332
 10
138.76866666666666
 20
144.73766666666666
 10
138.76866666666666
 20
144.8435
 10
138.70516666666666
 20
144.94933333333333
 10
138.70516666666666
 20
145.18216666666666
 10
138.66283333333334
 20
145.3515
 10
138.684
 20
145.49966666666666
 10
138.684
 20
145.58433333333332
 10
138.64166666666665
 20
145.75366666666667
 10
138.6205
 20
146.09233333333333
 10
138.64166666666665
 20
146.304
 10
138.59933333333333
 20
146.47333333333333
 10
138.59933333333333
 20
146.66383333333332
 10
138.557
 20
146.76966666666667
 10
138.57816666666668
 20
147.02366666666666
 10
138.57816666666668
 20
147.1295
 10
138.53583333333333
 20
147.23533333333333
 10
138.51466666666667
 20
147.84916666666666
 10
138.51466666666667
 20
148.61116666666666
 10
138.47233333333332
 20
148.7805
 10
138.47233333333332
 20
148.9075
 10
138.51466666666667
 20
149.05566666666667
 10
138.51466666666667
 20
149.37316666666666
 10
138.47233333333332
 20
149.43666666666667
 10
138.45116666666667
 20
149.69066666666666
 10
138.43
 20
150.32566666666665
 10
138.43
 20
150.57966666666667
 10
138.45116666666667
 20
150.85483333333332
 10
138.43
 20
151.17233333333334
 10
138.38766666666666
 20
151.384
 10
138.40883333333332
 20
151.5745
 10
138.38766666666666
 20
151.65916666666666
 10
138.38766666666666
 20
152.04016666666666
 10
138.40883333333332
 20
152.25183333333334
 10
138.40883333333332
 20
152.35766666666666
 10
138.40883333333332
 20
152.61166666666665
 10
138.40883333333332
 20
152.69633333333334
 10
138.40883333333332
 20
153.39483333333334
 10
138.40883333333332
 20
153.7335
 10
138.3665
 20
154.07216666666667
 10
138.3665
 20
154.47433333333333
 10
138.38766666666666
 20
154.79183333333333
 10
138.43
 20
154.96116666666666
 10
138.45116666666667
 20
155.59616666666668
 10
138.43
 20
155.97716666666668
 10
138.47233333333332
 20
156.06183333333334
 10
138.49349999999998
 20
156.12533333333332
 10
138.49349999999998
 20
156.25233333333333
 10
138.47233333333332
 20
156.4005
 10
138.51466666666667
 20
156.5275
 10
138.51466666666667
 20
156.591
 10
138.47233333333332
 20
156.76033333333334
 10
138.47233333333332
 20
157.18366666666665
 10
138.51466666666667
 20
157.33183333333332
 10
138.51466666666667
 20
157.96683333333334
 10
138.557
 20
158.3055
 10
138.57816666666668
 20
158.64416666666665
 10
138.57816666666668
 20
158.72883333333334
 10
138.57816666666668
 20
158.79233333333332
 10
138.59933333333333
 20
158.89816666666667
 10
138.6205
 20
159.10983333333334
 10
138.59933333333333
 20
159.4485
 10
138.59933333333333
 20
159.49083333333334
 10
138.64166666666665
 20
159.63899999999998
 10
138.64166666666665
 20
159.91416666666666
 10
138.684
 20
159.99883333333332
 10
138.70516666666666
 20
160.0835
 10
138.70516666666666
 20
160.2105
 10
138.70516666666666
 20
160.4645
 10
138.70516666666666
 20
160.5915
 10
138.684
 20
160.82433333333333
 10
138.70516666666666
 20
161.417
 10
138.7475
 20
161.52283333333332
 10
138.7475
 20
161.56516666666667
 10
138.72633333333334
 20
161.671
 10
138.7475
 20
161.7345
 10
138.78983333333332
 20
161.81916666666666
 10
138.811
 20
161.96733333333333
 10
138.83216666666667
 20
162.1155
 10
138.85333333333332
 20
162.30599999999998
 10
138.85333333333332
 20
162.4965
 10
138.83216666666667
 20
162.7505
 10
138.85333333333332
 20
162.8775
 10
138.89566666666667
 20
162.96216666666666
 10
138.89566666666667
 20
163.11033333333333
 10
138.91683333333333
 20
163.195
 10
138.95916666666668
 20
163.27966666666666
 10
138.98033333333333
 20
163.3855
 10
138.98033333333333
 20
163.44899999999998
 10
138.98033333333333
 20
163.5125
 10
138.98033333333333
 20
163.85116666666667
 10
139.0015
 20
163.99933333333334
 10
139.02266666666665
 20
164.1475
 10
139.065
 20
164.2745
 10
139.065
 20
164.44383333333332
 10
139.10733333333332
 20
164.57083333333333
 10
139.1285
 20
164.67666666666665
 10
139.1285
 20
165.07883333333334
 10
139.14966666666666
 20
165.33283333333333
 10
139.192
 20
165.43866666666665
 10
139.192
 20
165.56566666666666
 10
139.23433333333332
 20
165.69266666666667
 10
139.23433333333332
 20
165.81966666666665
 10
139.25549999999998
 20
165.9255
 10
139.29783333333333
 20
166.01016666666666
 10
139.29783333333333
 20
166.09483333333333
 10
139.27666666666667
 20
166.26416666666665
 10
139.29783333333333
 20
166.47583333333333
 10
139.34016666666668
 20
166.60283333333334
 10
139.36133333333333
 20
166.72983333333332
 10
139.34016666666668
 20
166.85683333333333
 10
139.34016666666668
 20
166.89916666666667
 10
139.36133333333333
 20
166.96266666666665
 10
139.40366666666665
 20
167.04733333333334
 10
139.42483333333334
 20
167.23783333333333
 10
139.42483333333334
 20
167.386
 10
139.46716666666666
 20
167.53416666666666
 10
139.46716666666666
 20
167.7035
 10
139.48833333333332
 20
167.74583333333334
 10
139.53066666666666
 20
167.78816666666665
 10
139.55183333333332
 20
167.8305
 10
139.55183333333332
 20
167.99983333333333
 10
139.59416666666667
 20
168.0845
 10
139.59416666666667
 20
168.44433333333333
 10
139.63649999999998
 20
168.50783333333334
 10
139.65766666666667
 20
168.63483333333332
 10
139.63649999999998
 20
168.67716666666666
 10
139.65766666666667
 20
168.783
 10
139.7
 20
168.86766666666665
 10
139.7
 20
169.20633333333333
 10
139.72116666666668
 20
169.3545
 10
139.7635
 20
169.418
 10
139.7635
 20
169.50266666666667
 10
139.78466666666665
 20
169.62966666666665
 10
139.827
 20
169.71433333333331
 10
139.86933333333332
 20
169.75666666666666
 10
139.8905
 20
169.799
 10
139.91166666666666
 20
169.86249999999998
 10
139.8905
 20
170.1165
 10
139.8905
 20
170.28583333333333
 10
139.91166666666666
 20
170.53983333333332
 10
139.97516666666667
 20
170.64566666666667
 10
139.99633333333333
 20
170.7515
 10
139.99633333333333
 20
170.83616666666666
 10
140.01749999999998
 20
170.92083333333332
 10
140.12333333333333
 20
171.11133333333333
 10
140.1445
 20
171.17483333333334
 10
140.16566666666665
 20
171.2595
 10
140.18683333333334
 20
171.34416666666667
 10
140.208
 20
171.5135
 10
140.18683333333334
 20
171.59816666666666
 10
140.18683333333334
 20
171.6405
 10
140.22916666666666
 20
171.78866666666667
 10
140.22916666666666
 20
172.10616666666667
 10
140.2715
 20
172.23316666666665
 10
140.2715
 20
172.38133333333332
 10
140.35616666666667
 20
172.52949999999998
 10
140.37733333333333
 20
172.61416666666665
 10
140.37733333333333
 20
172.86816666666667
 10
140.39849999999998
 20
173.07983333333334
 10
140.41966666666667
 20
173.14333333333332
 10
140.462
 20
173.24916666666667
 10
140.462
 20
173.37616666666665
 10
140.48316666666668
 20
173.46083333333334
 10
140.5255
 20
173.5455
 10
140.54666666666665
 20
173.609
 10
140.56783333333334
 20
173.69366666666667
 10
140.56783333333334
 20
173.88416666666666
 10
140.61016666666666
 20
173.99
 10
140.61016666666666
 20
174.13816666666665
 10
140.6525
 20
174.26516666666666
 10
140.67366666666666
 20
174.34983333333332
 10
140.67366666666666
 20
174.625
 10
140.75833333333333
 20
174.77316666666667
 10
140.77949999999998
 20
174.85783333333333
 10
140.80066666666667
 20
174.92133333333334
 10
140.82183333333333
 20
174.98483333333334
 10
140.843
 20
175.0695
 10
140.843
 20
175.17533333333333
 10
140.88533333333334
 20
175.28116666666665
 10
140.9065
 20
175.387
 10
140.92766666666665
 20
175.47166666666666
 10
140.92766666666665
 20
175.55633333333333
 10
140.94883333333334
 20
175.68333333333334
 10
140.97
 20
175.768
 10
140.99116666666666
 20
175.87383333333332
 10
141.01233333333332
 20
175.9585
 10
141.0335
 20
176.04316666666665
 10
141.07583333333332
 20
176.10666666666665
 10
141.097
 20
176.17016666666666
 10
141.11816666666667
 20
176.23366666666666
 10
141.13933333333333
 20
176.36066666666667
 10
141.13933333333333
 20
176.4665
 10
141.16049999999998
 20
176.55116666666666
 10
141.18166666666667
 20
176.63583333333332
 10
141.224
 20
176.69933333333333
 10
141.24516666666668
 20
176.784
 10
141.24516666666668
 20
176.911
 10
141.2875
 20
177.03799999999998
 10
141.2875
 20
177.18616666666665
 10
141.30866666666665
 20
177.24966666666666
 10
141.351
 20
177.292
 10
141.37216666666666
 20
177.33433333333332
 10
141.39333333333332
 20
177.44016666666667
 10
141.4145
 20
177.52483333333333
 10
141.4145
 20
177.63066666666666
 10
141.43566666666666
 20
177.75766666666667
 10
141.45683333333332
 20
177.82116666666667
 10
141.478
 20
177.88466666666667
 10
141.52033333333333
 20
177.94816666666665
 10
141.52033333333333
 20
178.1175
 10
141.54149999999998
 20
178.18099999999998
 10
141.58383333333333
 20
178.26566666666668
 10
141.58383333333333
 20
178.32916666666665
 10
141.605
 20
178.41383333333332
 10
141.62616666666665
 20
178.47733333333332
 10
141.64733333333334
 20
178.54083333333332
 10
141.68966666666665
 20
178.60433333333333
 10
141.71083333333334
 20
178.689
 10
141.732
 20
178.79483333333332
 10
141.732
 20
178.8795
 10
141.75316666666666
 20
179.0065
 10
141.77433333333332
 20
179.09116666666665
 10
141.81666666666666
 20
179.17583333333332
 10
141.859
 20
179.21816666666666
 10
141.88016666666667
 20
179.28166666666667
 10
141.88016666666667
 20
179.40866666666665
 10
141.90133333333333
 20
179.49333333333334
 10
141.92249999999999
 20
179.55683333333332
 10
141.96483333333333
 20
179.66266666666667
 10
141.986
 20
179.72616666666667
 10
142.00716666666665
 20
179.81083333333333
 10
142.00716666666665
 20
179.959
 10
142.02833333333334
 20
180.06483333333333
 10
142.07066666666665
 20
180.12833333333333
 10
142.07066666666665
 20
180.17066666666665
 10
142.113
 20
180.23416666666665
 10
142.13416666666666
 20
180.29766666666666
 10
142.15533333333332
 20
180.36116666666666
 10
142.1765
 20
180.46699999999998
 10
142.19766666666666
 20
180.57283333333334
 10
142.19766666666666
 20
180.721
 10
142.21883333333332
 20
180.7845
 10
142.26116666666667
 20
180.82683333333333
 10
142.28233333333333
 20
180.86916666666667
 10
142.30349999999999
 20
180.93266666666665
 10
142.32466666666667
 20
180.99616666666665
 10
142.32466666666667
 20
181.08083333333332
 10
142.45166666666665
 20
181.20783333333333
 10
142.47283333333334
 20
181.25016666666667
 10
142.47283333333334
 20
181.2925
 10
142.51516666666666
 20
181.356
 10
142.51516666666666
 20
181.39833333333334
 10
142.53633333333332
 20
181.44066666666666
 10
142.57866666666666
 20
181.483
 10
142.59983333333332
 20
181.52533333333332
 10
142.621
 20
181.60999999999999
 10
142.59983333333332
 20
181.82166666666666
 10
142.59983333333332
 20
181.96983333333333
 10
142.64216666666667
 20
182.03333333333333
 10
142.66333333333333
 20
182.09683333333334
 10
142.66333333333333
 20
182.26616666666666
 10
142.70566666666667
 20
182.35083333333333
 10
142.72683333333333
 20
182.41433333333333
 10
142.748
 20
182.58366666666666
 10
142.748
 20
182.85883333333334
 10
142.79033333333334
 20
183.007
 10
142.79033333333334
 20
183.5785
 10
142.76916666666665
 20
183.83249999999998
 10
142.748
 20
183.9595
 10
142.72683333333333
 20
184.06533333333334
 10
142.70566666666667
 20
184.15
 10
142.68449999999999
 20
184.23466666666667
 10
142.66333333333333
 20
184.31933333333333
 10
142.64216666666667
 20
184.404
 10
142.59983333333332
 20
184.48866666666666
 10
142.5575
 20
184.531
 10
142.53633333333332
 20
184.57333333333332
 10
142.51516666666666
 20
184.63683333333333
 10
142.51516666666666
 20
184.7215
 10
142.494
 20
184.785
 10
142.47283333333334
 20
184.8485
 10
142.45166666666665
 20
184.912
 10
142.4305
 20
184.97549999999998
 10
142.40933333333334
 20
185.01783333333333
 10
142.367
 20
185.06016666666667
 10
142.32466666666667
 20
185.166
 10
142.28233333333333
 20
185.2295
 10
142.19766666666666
 20
185.31416666666667
 10
142.15533333333332
 20
185.39883333333333
 10
142.15533333333332
 20
185.44116666666667
 10
142.13416666666666
 20
185.4835
 10
142.09183333333334
 20
185.547
 10
142.0495
 20
185.6105
 10
141.986
 20
185.69516666666667
 10
141.83783333333332
 20
185.84333333333333
 10
141.77433333333332
 20
185.928
 10
141.732
 20
185.97033333333331
 10
141.64733333333334
 20
186.03383333333332
 10
141.56266666666667
 20
186.11849999999998
 10
141.49916666666667
 20
186.22433333333333
 10
141.39333333333332
 20
186.33016666666666
 10
141.26633333333334
 20
186.45716666666667
 10
141.224
 20
186.49949999999998
 10
141.13933333333333
 20
186.563
 10
141.097
 20
186.58416666666668
 10
141.05466666666666
 20
186.58416666666668
 10
140.94883333333334
 20
186.66883333333334
 10
140.9065
 20
186.73233333333332
 10
140.86416666666668
 20
186.77466666666666
 10
140.82183333333333
 20
186.79583333333332
 10
140.75833333333333
 20
186.817
 10
140.67366666666666
 20
186.83816666666667
 10
140.56783333333334
 20
186.85933333333332
 10
140.48316666666668
 20
186.85933333333332
 10
140.35616666666667
 20
186.88049999999998
 10
140.2715
 20
186.92283333333333
 10
140.208
 20
186.944
 10
140.10216666666668
 20
186.944
 10
139.99633333333333
 20
186.98633333333333
 10
139.86933333333332
 20
186.98633333333333
 10
139.7635
 20
187.0075
 10
139.67883333333333
 20
187.04983333333334
 10
139.27666666666667
 20
187.02866666666665
 10
139.14966666666666
 20
187.02866666666665
  0
LWPOLYLINE
  5
4A
330
17
100
AcDbEntity
  8
0
100
AcDbPolyline
 90
100
 70
1
 10
135.59366666666665
 20
136.525
 10
135.74183333333332
 20
136.525
 10
135.86883333333333
 20
136.50383333333332
 10
135.9535
 20
136.48266666666666
 10
136.05933333333334
 20
136.44033333333334
 10
136.16516666666666
 20
136.41916666666665
 10
136.24983333333333
 20
136.41916666666665
 10
136.31333333333333
 20
136.41916666666665
 10
136.35566666666665
 20
136.44033333333334
 10
136.44033333333334
 20
136.44033333333334
 10
136.525
 20
136.398
 10
136.60966666666667
 20
136.29216666666667
 10
136.56733333333332
 20
136.24983333333333
 10
136.48266666666666
 20
136.24983333333333
 10
136.50383333333332
 20
136.18633333333332
 10
136.54616666666666
 20
136.144
 10
136.58849999999998
 20
136.12283333333332
 10
136.73666666666665
 20
136.12283333333332
 10
136.86366666666666
 20
136.16516666666666
 10
136.94833333333332
 20
136.0805
 10
136.99066666666667
 20
136.017
 10
137.01183333333333
 20
135.97466666666665
 10
136.99066666666667
 20
135.86883333333333
 10
136.94833333333332
 20
135.84766666666667
 10
136.82133333333334
 20
135.84766666666667
 10
136.779
 20
135.80533333333332
 10
136.80016666666666
 20
135.74183333333332
 10
136.82133333333334
 20
135.6995
 10
136.86366666666666
 20
135.65716666666665
 10
136.906
 20
135.5725
 10
136.92716666666666
 20
135.48783333333333
 10
136.94833333333332
 20
135.40316666666666
 10
136.96949999999998
 20
135.27616666666665
 10
136.96949999999998
 20
135.14916666666667
 10
136.92716666666666
 20
135.08566666666667
 10
136.906
 20
135.02216666666666
 10
136.88483333333332
 20
134.95866666666666
 10
136.88483333333332
 20
134.76816666666667
 10
136.86366666666666
 20
134.70466666666667
 10
136.779
 20
134.5565
 10
136.779
 20
134.493
 10
136.75783333333334
 20
134.45066666666665
 10
136.7155
 20
134.40833333333333
 10
136.652
 20
134.36599999999999
 10
136.58849999999998
 20
134.34483333333333
 10
136.525
 20
134.28133333333332
 10
136.4615
 20
134.239
 10
136.398
 20
134.19666666666666
 10
136.3345
 20
134.1755
 10
136.29216666666667
 20
134.13316666666665
 10
136.2075
 20
134.09083333333334
 10
136.16516666666666
 20
134.09083333333334
 10
136.10166666666666
 20
134.0485
 10
136.05933333333334
 20
134.0485
 10
135.99583333333334
 20
134.02733333333333
 10
135.9535
 20
134.00616666666667
 10
135.86883333333333
 20
133.9215
 10
135.8265
 20
133.90033333333332
 10
135.61483333333334
 20
133.87916666666666
 10
135.23383333333334
 20
133.87916666666666
 10
135.1915
 20
133.90033333333332
 10
135.128
 20
133.94266666666667
 10
135.0645
 20
134.00616666666667
 10
134.9375
 20
134.06966666666665
 10
134.89516666666665
 20
134.06966666666665
 10
134.85283333333334
 20
134.09083333333334
 10
134.78933333333333
 20
134.13316666666665
 10
134.6835
 20
134.21783333333332
 10
134.57766666666666
 20
134.32366666666667
 10
134.45066666666665
 20
134.47183333333334
 10
134.40833333333333
 20
134.53533333333334
 10
134.38716666666667
 20
134.59883333333332
 10
134.38716666666667
 20
134.66233333333332
 10
134.36599999999999
 20
134.74699999999999
 10
134.34483333333333
 20
134.78933333333333
 10
134.28133333333332
 20
134.85283333333334
 10
134.26016666666666
 20
134.89516666666665
 10
134.239
 20
134.95866666666666
 10
134.21783333333332
 20
135.0645
 10
134.21783333333332
 20
135.29733333333334
 10
134.239
 20
135.42433333333332
 10
134.28133333333332
 20
135.55133333333333
 10
134.3025
 20
135.636
 10
134.3025
 20
135.80533333333332
 10
134.26016666666666
 20
135.93233333333333
 10
134.3025
 20
135.97466666666665
 10
134.34483333333333
 20
135.97466666666665
 10
134.47183333333334
 20
136.10166666666666
 10
134.53533333333334
 20
136.12283333333332
 10
134.57766666666666
 20
136.12283333333332
 10
134.76816666666667
 20
136.22866666666667
 10
134.8105
 20
136.22866666666667
 10
134.9375
 20
136.29216666666667
 10
134.97983333333332
 20
136.3345
 10
135.10683333333333
 20
136.398
 10
135.17033333333333
 20
136.41916666666665
 10
135.23383333333334
 20
136.44033333333334
 10
135.33966666666666
 20
136.4615
 10
135.42433333333332
 20
136.48266666666666
 10
135.48783333333333
 20
136.50383333333332
  0
LWPOLYLINE
  5
4B
330
17
100
AcDbEntity
  8
0
100
AcDbPolyline
 90
80
 70
1
 10
118.97783333333334
 20
172.99516666666665
 10
119.27416666666666
 20
172.99516666666665
 10
119.40116666666667
 20
172.95283333333333
 10
119.65516666666666
 20
172.95283333333333
 10
119.71866666666666
 20
172.93166666666667
 10
119.78216666666667
 20
172.88933333333333
 10
119.84566666666666
 20
172.847
 10
119.90916666666666
 20
172.80466666666666
 10
119.99383333333333
 20
172.72
 10
120.015
 20
172.6565
 10
120.05733333333333
 20
172.61416666666665
 10
120.09966666666666
 20
172.55066666666667
 10
120.16316666666667
 20
172.4025
 10
120.2055
 20
172.339
 10
120.24783333333333
 20
172.2755
 10
120.45949999999999
 20
172.06383333333332
 10
120.45949999999999
 20
171.831
 10
120.54416666666667
 20
171.68283333333332
 10
120.56533333333333
 20
171.61933333333332
 10
120.56533333333333
 20
171.577
 10
120.523
 20
171.42883333333333
 10
120.523
 20
171.23833333333332
 10
120.50183333333332
 20
171.17483333333334
 10
120.48066666666666
 20
171.11133333333333
 10
120.43833333333333
 20
171.069
 10
120.396
 20
170.96316666666667
 10
120.3325
 20
170.8785
 10
120.26899999999999
 20
170.815
 10
120.142
 20
170.73033333333333
 10
120.07849999999999
 20
170.66683333333333
 10
119.97266666666667
 20
170.53983333333332
 10
119.90916666666666
 20
170.4975
 10
119.84566666666666
 20
170.45516666666666
 10
119.761
 20
170.41283333333334
 10
119.71866666666666
 20
170.41283333333334
 10
119.52816666666666
 20
170.434
 10
119.48583333333333
 20
170.39166666666665
 10
119.48583333333333
 20
170.28583333333333
 10
119.4435
 20
170.24349999999998
 10
119.38
 20
170.22233333333332
 10
119.27416666666666
 20
170.22233333333332
 10
119.23183333333333
 20
170.26466666666667
 10
119.1895
 20
170.28583333333333
 10
118.999
 20
170.28583333333333
 10
118.89316666666666
 20
170.34933333333333
 10
118.8085
 20
170.34933333333333
 10
118.6815
 20
170.32816666666668
 10
118.59683333333334
 20
170.3705
 10
118.53333333333333
 20
170.41283333333334
 10
118.46983333333333
 20
170.45516666666666
 10
118.36399999999999
 20
170.561
 10
118.25816666666667
 20
170.62449999999998
 10
118.13116666666666
 20
170.73033333333333
 10
118.06766666666667
 20
170.79383333333334
 10
117.98299999999999
 20
170.89966666666666
 10
117.94066666666666
 20
170.96316666666667
 10
117.89833333333333
 20
171.02666666666667
 10
117.81366666666666
 20
171.196
 10
117.79249999999999
 20
171.30183333333332
 10
117.79249999999999
 20
171.36533333333333
 10
117.75016666666666
 20
171.45
 10
117.729
 20
171.5135
 10
117.729
 20
171.68283333333332
 10
117.77133333333333
 20
171.76749999999998
 10
117.75016666666666
 20
171.958
 10
117.75016666666666
 20
172.00033333333332
 10
117.77133333333333
 20
172.085
 10
117.83483333333334
 20
172.212
 10
117.94066666666666
 20
172.31783333333334
 10
117.96183333333333
 20
172.36016666666666
 10
117.96183333333333
 20
172.42366666666666
 10
117.98299999999999
 20
172.466
 10
118.02533333333334
 20
172.50833333333333
 10
118.11
 20
172.55066666666667
 10
118.32166666666666
 20
172.76233333333332
 10
118.40633333333334
 20
172.82583333333332
 10
118.57566666666666
 20
172.91049999999998
 10
118.66033333333333
 20
172.93166666666667
 10
118.74499999999999
 20
172.95283333333333
 10
118.872
 20
172.974
  0
LWPOLYLINE
  5
4C
330
17
100
AcDbEntity
  8
0
100
AcDbPolyline
 90
79
 70
1
 10
139.08616666666666
 20
184.55216666666666
 10
139.23433333333332
 20
184.55216666666666
 10
139.34016666666668
 20
184.531
 10
139.446
 20
184.50983333333332
 10
139.53066666666666
 20
184.48866666666666
 10
139.61533333333333
 20
184.4675
 10
139.65766666666667
 20
184.4463333333333
 10
139.72116666666668
 20
184.404
 10
139.7635
 20
184.36166666666665
 10
139.86933333333332
 20
184.31933333333333
 10
139.93283333333332
 20
184.25583333333333
 10
140.01749999999998
 20
184.15
 10
140.081
 20
184.06533333333334
 10
140.12333333333333
 20
184.00183333333334
 10
140.18683333333334
 20
183.91716666666667
 10
140.22916666666666
 20
183.85366666666667
 10
140.25033333333332
 20
183.81133333333332
 10
140.2715
 20
183.72666666666666
 10
140.2715
 20
183.68433333333334
 10
140.335
 20
183.5785
 10
140.35616666666667
 20
183.47266666666667
 10
140.35616666666667
 20
183.134
 10
140.335
 20
183.02816666666666
 10
140.29266666666666
 20
182.92233333333334
 10
140.2715
 20
182.85883333333334
 10
140.2715
 20
182.71066666666667
 10
140.2715
 20
182.64716666666666
 10
140.25033333333332
 20
182.58366666666666
 10
140.01749999999998
 20
182.35083333333333
 10
139.78466666666665
 20
182.245
 10
139.72116666666668
 20
182.20266666666666
 10
139.67883333333333
 20
182.16033333333334
 10
139.61533333333333
 20
182.13916666666665
 10
139.55183333333332
 20
182.07566666666665
 10
139.48833333333332
 20
182.03333333333333
 10
139.40366666666665
 20
181.99099999999999
 10
139.34016666666668
 20
181.96983333333333
 10
139.27666666666667
 20
181.94866666666667
 10
139.21316666666667
 20
181.92749999999998
 10
138.7475
 20
181.92749999999998
 10
138.66283333333334
 20
181.94866666666667
 10
138.59933333333333
 20
181.96983333333333
 10
138.45116666666667
 20
182.0545
 10
138.38766666666666
 20
182.0545
 10
138.303
 20
182.07566666666665
 10
138.21833333333333
 20
182.16033333333334
 10
138.13366666666667
 20
182.20266666666666
 10
137.96433333333334
 20
182.37199999999999
 10
137.922
 20
182.4355
 10
137.90083333333334
 20
182.499
 10
137.87966666666665
 20
182.5625
 10
137.87966666666665
 20
182.60483333333332
 10
137.81616666666667
 20
182.71066666666667
 10
137.81616666666667
 20
182.753
 10
137.75266666666667
 20
182.85883333333334
 10
137.73149999999998
 20
182.92233333333334
 10
137.71033333333332
 20
183.007
 10
137.73149999999998
 20
183.134
 10
137.73149999999998
 20
183.17633333333333
 10
137.68916666666667
 20
183.23983333333334
 10
137.668
 20
183.34566666666666
 10
137.668
 20
183.43033333333332
 10
137.68916666666667
 20
183.515
 10
137.71033333333332
 20
183.5785
 10
137.77383333333333
 20
183.68433333333334
 10
137.795
 20
183.74783333333332
 10
137.795
 20
183.83249999999998
 10
137.8585
 20
183.896
 10
137.90083333333334
 20
183.98066666666665
 10
137.90083333333334
 20
184.023
 10
137.922
 20
184.06533333333334
 10
138.02783333333332
 20
184.17116666666666
 10
138.26066666666665
 20
184.38283333333334
 10
138.34533333333334
 20
184.42516666666666
 10
138.40883333333332
 20
184.4463333333333
 10
138.53583333333333
 20
184.4463333333333
 10
138.66283333333334
 20
184.48866666666666
 10
138.76866666666666
 20
184.50983333333332
 10
138.95916666666668
 20
184.50983333333332
  0
LWPOLYLINE
  5
4D
330
17
100
AcDbEntity
  8
0
100
AcDbPolyline
 90
1099
 70
1
 10
172.42366666666666
 20
196.23616666666666
 10
172.25433333333334
 20
196.215
 10
172.16966666666667
 20
196.17266666666666
 10
172.06383333333332
 20
196.17266666666666
 10
171.958
 20
196.1515
 10
171.8945
 20
196.13033333333334
 10
171.831
 20
196.088
 10
171.78866666666667
 20
196.04566666666665
 10
171.74633333333333
 20
196.0245
 10
171.704
 20
196.0245
 10
171.61933333333332
 20
196.00333333333333
 10
171.577
 20
195.98216666666667
 10
171.42883333333333
 20
195.85516666666666
 10
171.2595
 20
195.68583333333333
 10
171.04783333333333
 20
195.49533333333332
 10
170.96316666666667
 20
195.453
 10
170.85733333333332
 20
195.34716666666665
 10
170.66683333333333
 20
195.1355
 10
170.45516666666666
 20
194.945
 10
170.39166666666665
 20
194.83916666666667
 10
170.32816666666668
 20
194.77566666666667
 10
169.9895
 20
194.47933333333333
 10
169.82016666666667
 20
194.31
 10
169.164
 20
193.6115
 10
168.9735
 20
193.421
 10
168.8465
 20
193.33633333333333
 10
168.69833333333332
 20
193.18816666666666
 10
168.61366666666666
 20
193.08233333333334
 10
168.529
 20
192.9765
 10
168.4655
 20
192.89183333333332
 10
168.42316666666667
 20
192.80716666666666
 10
168.35966666666667
 20
192.7225
 10
168.29616666666666
 20
192.63783333333333
 10
168.04216666666667
 20
192.3838333333333
 10
167.99983333333333
 20
192.3415
 10
167.72466666666665
 20
192.04516666666666
 10
167.59766666666667
 20
191.91816666666665
 10
167.4495
 20
191.76999999999998
 10
167.386
 20
191.7065
 10
167.23783333333333
 20
191.5795
 10
166.9415
 20
191.28316666666666
 10
166.89916666666667
 20
191.24083333333334
 10
166.83566666666667
 20
191.135
 10
166.6875
 20
190.98683333333332
 10
166.5605
 20
190.90216666666666
 10
166.32766666666666
 20
190.66933333333333
 10
166.03133333333332
 20
190.35183333333333
 10
165.989
 20
190.26716666666667
 10
165.4175
 20
189.6745
 10
165.14233333333334
 20
189.39933333333332
 10
165.1
 20
189.357
 10
165.0365
 20
189.27233333333334
 10
164.9095
 20
189.16649999999998
 10
164.82483333333332
 20
189.08183333333332
 10
164.80366666666666
 20
189.01833333333332
 10
164.59199999999998
 20
188.80666666666667
 10
164.465
 20
188.70083333333332
 10
164.38033333333334
 20
188.6585
 10
164.2745
 20
188.55266666666665
 10
164.21099999999998
 20
188.468
 10
164.16866666666667
 20
188.38333333333333
 10
163.957
 20
188.1505
 10
163.78766666666667
 20
187.98116666666667
 10
163.72416666666666
 20
187.93883333333332
 10
163.6395
 20
187.8965
 10
163.44899999999998
 20
187.706
 10
163.322
 20
187.62133333333333
 10
163.2585
 20
187.55783333333332
 10
163.21616666666665
 20
187.5155
 10
163.17383333333333
 20
187.452
 10
162.98333333333332
 20
187.26149999999998
 10
162.941
 20
187.198
 10
162.91983333333332
 20
187.1345
 10
162.8775
 20
187.071
 10
162.72933333333333
 20
186.944
 10
162.68699999999998
 20
186.90166666666667
 10
162.60233333333332
 20
186.79583333333332
 10
162.56
 20
186.71116666666666
 10
162.4965
 20
186.64766666666665
 10
162.3695
 20
186.54183333333333
 10
162.1155
 20
186.26666666666665
 10
161.96733333333333
 20
186.07616666666667
 10
161.90383333333332
 20
186.01266666666666
 10
161.798
 20
185.94916666666666
 10
161.52283333333332
 20
185.674
 10
161.4805
 20
185.58933333333331
 10
161.33233333333334
 20
185.44116666666667
 10
161.18416666666667
 20
185.33533333333332
 10
160.93016666666665
 20
185.06016666666667
 10
160.82433333333333
 20
184.95433333333332
 10
160.73966666666666
 20
184.912
 10
160.655
 20
184.8273333333333
 10
160.5915
 20
184.7215
 10
160.54916666666665
 20
184.67916666666667
 10
160.40099999999998
 20
184.57333333333332
 10
160.274
 20
184.4463333333333
 10
160.23166666666665
 20
184.38283333333334
 10
160.2105
 20
184.31933333333333
 10
160.16816666666665
 20
184.277
 10
160.0835
 20
184.23466666666667
 10
159.9565
 20
184.0865
 10
159.87183333333334
 20
184.00183333333334
 10
159.61783333333332
 20
183.74783333333332
 10
159.55433333333332
 20
183.68433333333334
 10
159.34266666666667
 20
183.49383333333333
 10
158.96166666666667
 20
183.07049999999998
 10
158.89816666666667
 20
183.007
 10
158.77116666666666
 20
182.90116666666665
 10
158.72883333333334
 20
182.79533333333333
 10
158.6865
 20
182.73183333333333
 10
158.623
 20
182.66833333333332
 10
158.369
 20
182.4355
 10
158.26316666666665
 20
182.35083333333333
 10
158.17849999999999
 20
182.30849999999998
 10
158.09383333333332
 20
182.245
 10
157.94566666666665
 20
182.09683333333334
 10
157.88216666666665
 20
182.0545
 10
157.77633333333333
 20
181.99099999999999
 10
157.71283333333332
 20
181.94866666666667
 10
157.58583333333334
 20
181.82166666666666
 10
157.5435
 20
181.75816666666665
 10
157.50116666666665
 20
181.65233333333333
 10
157.45883333333333
 20
181.58883333333333
 10
157.39533333333333
 20
181.50416666666666
 10
157.33183333333332
 20
181.4195
 10
157.2895
 20
181.356
 10
157.226
 20
181.2925
 10
157.12016666666665
 20
181.22899999999998
 10
157.07783333333333
 20
181.18666666666667
 10
157.03549999999998
 20
181.12316666666666
 10
156.99316666666667
 20
181.0385
 10
156.95083333333332
 20
180.975
 10
156.845
 20
180.86916666666667
 10
156.7815
 20
180.84799999999998
 10
156.591
 20
180.63633333333334
 10
156.50633333333332
 20
180.55166666666665
 10
156.42166666666665
 20
180.48816666666667
 10
156.37933333333334
 20
180.44583333333333
 10
156.23116666666667
 20
180.29766666666666
 10
156.18883333333332
 20
180.25533333333334
 10
155.99833333333333
 20
180.04366666666667
 10
155.85016666666667
 20
179.8955
 10
155.7655
 20
179.85316666666665
 10
155.65966666666665
 20
179.74733333333333
 10
155.51149999999998
 20
179.578
 10
155.40566666666666
 20
179.5145
 10
155.34216666666666
 20
179.451
 10
155.23633333333333
 20
179.32399999999998
 10
155.04583333333332
 20
179.15466666666666
 10
155.0035
 20
179.07
 10
154.813
 20
178.8795
 10
154.74949999999998
 20
178.77366666666666
 10
154.66483333333332
 20
178.689
 10
154.51666666666665
 20
178.56199999999998
 10
154.47433333333333
 20
178.45616666666666
 10
154.34733333333332
 20
178.32916666666665
 10
154.28383333333332
 20
178.2445
 10
154.2415
 20
178.18099999999998
 10
154.22033333333331
 20
178.1175
 10
154.178
 20
178.054
 10
154.13566666666665
 20
177.9905
 10
154.07216666666667
 20
177.927
 10
154.02983333333333
 20
177.8635
 10
153.98749999999998
 20
177.79999999999998
 10
153.96633333333332
 20
177.75766666666667
 10
153.96633333333332
 20
177.71533333333332
 10
153.924
 20
177.65183333333331
 10
153.924
 20
177.6095
 10
153.8605
 20
177.50366666666667
 10
153.8605
 20
177.46133333333333
 10
153.81816666666666
 20
177.37666666666667
 10
153.77583333333334
 20
177.33433333333332
 10
153.7335
 20
177.24966666666666
 10
153.71233333333333
 20
177.18616666666665
 10
153.69116666666667
 20
177.12266666666667
 10
153.69116666666667
 20
177.01683333333332
 10
153.67
 20
176.911
 10
153.64883333333333
 20
176.8475
 10
153.56416666666667
 20
176.69933333333333
 10
153.543
 20
176.61466666666666
 10
153.543
 20
176.53
 10
153.52183333333332
 20
176.44533333333334
 10
153.50066666666666
 20
176.38183333333333
 10
153.4795
 20
176.31833333333333
 10
153.43716666666666
 20
176.23366666666666
 10
153.416
 20
176.17016666666666
 10
153.39483333333334
 20
176.10666666666665
 10
153.37366666666665
 20
176.022
 10
153.37366666666665
 20
175.93733333333333
 10
153.31016666666667
 20
175.8315
 10
153.289
 20
175.768
 10
153.289
 20
175.7045
 10
153.31016666666667
 20
175.55633333333333
 10
153.289
 20
175.49283333333332
 10
153.24666666666667
 20
175.42933333333332
 10
153.22549999999998
 20
175.3235
 10
153.22549999999998
 20
175.1965
 10
153.24666666666667
 20
175.04833333333332
 10
153.20433333333332
 20
174.879
 10
153.22549999999998
 20
174.66733333333332
 10
153.22549999999998
 20
174.51916666666665
 10
153.18316666666666
 20
174.37099999999998
 10
153.18316666666666
 20
174.26516666666666
 10
153.22549999999998
 20
174.09583333333333
 10
153.22549999999998
 20
174.01116666666667
 10
153.20433333333332
 20
173.84183333333334
 10
153.24666666666667
 20
173.58783333333332
 10
153.24666666666667
 20
173.228
 10
153.26783333333333
 20
173.1645
 10
153.289
 20
173.101
 10
153.33133333333333
 20
173.0375
 10
153.3525
 20
172.974
 10
153.3525
 20
172.88933333333333
 10
153.37366666666665
 20
172.82583333333332
 10
153.39483333333334
 20
172.74116666666666
 10
153.416
 20
172.67766666666665
 10
153.45833333333334
 20
172.63533333333334
 10
153.4795
 20
172.593
 10
153.50066666666666
 20
172.52949999999998
 10
153.50066666666666
 20
172.38133333333332
 10
153.52183333333332
 20
172.31783333333334
 10
153.543
 20
172.2755
 10
153.58533333333332
 20
172.23316666666665
 10
153.62766666666667
 20
172.16966666666667
 10
153.64883333333333
 20
172.12733333333333
 10
153.67
 20
172.00033333333332
 10
153.67
 20
171.8945
 10
153.69116666666667
 20
171.831
 10
153.71233333333333
 20
171.76749999999998
 10
153.7335
 20
171.704
 10
153.81816666666666
 20
171.53466666666665
 10
153.8605
 20
171.49233333333333
 10
153.90283333333332
 20
171.38649999999998
 10
153.94516666666667
 20
171.34416666666667
 10
153.98749999999998
 20
171.28066666666666
 10
153.98749999999998
 20
171.23833333333332
 10
154.09333333333333
 20
171.04783333333333
 10
154.09333333333333
 20
171.00549999999998
 10
154.1145
 20
170.96316666666667
 10
154.15683333333334
 20
170.89966666666666
 10
154.2415
 20
170.79383333333334
 10
154.305
 20
170.73033333333333
 10
154.34733333333332
 20
170.66683333333333
 10
154.41083333333333
 20
170.53983333333332
 10
154.41083333333333
 20
170.4975
 10
154.47433333333333
 20
170.3705
 10
154.559
 20
170.28583333333333
 10
154.58016666666666
 20
170.24349999999998
 10
154.58016666666666
 20
170.20116666666667
 10
154.60133333333332
 20
170.15883333333332
 10
154.686
 20
170.07416666666666
 10
154.79183333333333
 20
170.01066666666665
 10
154.91883333333334
 20
169.88366666666667
 10
155.0035
 20
169.75666666666666
 10
155.10933333333332
 20
169.65083333333334
 10
155.15166666666667
 20
169.6085
 10
155.27866666666665
 20
169.50266666666667
 10
155.321
 20
169.46033333333332
 10
155.3845
 20
169.37566666666666
 10
155.42683333333332
 20
169.33333333333331
 10
155.46916666666667
 20
169.291
 10
155.53266666666667
 20
169.24866666666665
 10
155.59616666666668
 20
169.2275
 10
155.68083333333334
 20
169.14283333333333
 10
155.7655
 20
169.01583333333332
 10
155.85016666666667
 20
168.93116666666666
 10
155.93483333333333
 20
168.88883333333334
 10
156.18883333333332
 20
168.656
 10
156.56983333333332
 20
168.29616666666666
 10
156.61216666666667
 20
168.25383333333332
 10
156.86616666666666
 20
167.97866666666667
 10
157.03549999999998
 20
167.85166666666666
 10
157.18366666666665
 20
167.7035
 10
157.226
 20
167.64
 10
157.2895
 20
167.53416666666666
 10
157.37416666666667
 20
167.42833333333334
 10
157.56466666666665
 20
167.23783333333333
 10
157.69166666666666
 20
167.15316666666666
 10
157.90333333333334
 20
166.96266666666665
 10
157.94566666666665
 20
166.92033333333333
 10
157.988
 20
166.83566666666667
 10
158.115
 20
166.70866666666666
 10
158.47483333333332
 20
166.39116666666666
 10
158.66533333333334
 20
166.20066666666665
 10
158.72883333333334
 20
166.11599999999999
 10
158.75
 20
166.0525
 10
158.79233333333332
 20
165.989
 10
159.04633333333334
 20
165.73499999999999
 10
159.25799999999998
 20
165.56566666666666
 10
159.36383333333333
 20
165.45983333333334
 10
159.40616666666665
 20
165.37516666666667
 10
159.85066666666665
 20
164.93066666666667
 10
159.893
 20
164.846
 10
159.99883333333332
 20
164.719
 10
160.147
 20
164.57083333333333
 10
160.2105
 20
164.465
 10
160.29516666666666
 20
164.35916666666665
 10
160.35866666666666
 20
164.29566666666665
 10
160.44333333333333
 20
164.25333333333333
 10
160.48566666666667
 20
164.25333333333333
 10
160.61266666666666
 20
164.18983333333333
 10
160.67616666666666
 20
164.1475
 10
160.76083333333332
 20
164.06283333333332
 10
160.82433333333333
 20
163.957
 10
160.99366666666666
 20
163.78766666666667
 10
161.0995
 20
163.703
 10
161.18416666666667
 20
163.6395
 10
161.26883333333333
 20
163.576
 10
161.33233333333334
 20
163.53366666666668
 10
161.417
 20
163.49133333333333
 10
161.45933333333332
 20
163.49133333333333
 10
161.56516666666667
 20
163.36433333333332
 10
161.62866666666667
 20
163.30083333333332
 10
161.7345
 20
163.21616666666665
 10
161.77683333333331
 20
163.11033333333333
 10
162.00966666666667
 20
162.8775
 10
162.3695
 20
162.51766666666666
 10
162.45416666666665
 20
162.433
 10
162.83516666666665
 20
162.09433333333334
 10
163.0045
 20
161.90383333333332
 10
163.06799999999998
 20
161.84033333333332
 10
163.2585
 20
161.64983333333333
 10
163.30083333333332
 20
161.6075
 10
163.44899999999998
 20
161.50166666666667
 10
163.49133333333333
 20
161.45933333333332
 10
163.7665
 20
161.16299999999998
 10
163.80883333333333
 20
161.0995
 10
163.87233333333333
 20
160.95133333333334
 10
164.57083333333333
 20
160.274
 10
164.846
 20
159.97766666666666
 10
164.9095
 20
159.93533333333332
 10
164.95183333333333
 20
159.91416666666666
 10
165.01533333333333
 20
159.893
 10
165.05766666666665
 20
159.85066666666665
 10
165.05766666666665
 20
159.80833333333334
 10
165.1
 20
159.72366666666667
 10
165.4175
 20
159.40616666666665
 10
165.52333333333334
 20
159.3215
 10
165.62916666666666
 20
159.27916666666667
 10
165.75616666666667
 20
159.15216666666666
 10
165.77733333333333
 20
159.08866666666665
 10
165.81966666666665
 20
159.02516666666665
 10
165.88316666666665
 20
158.9405
 10
166.0525
 20
158.77116666666666
 10
166.3065
 20
158.51716666666667
 10
166.41233333333332
 20
158.41133333333332
 10
166.77216666666666
 20
158.09383333333332
 10
166.89916666666667
 20
157.96683333333334
 10
166.98383333333334
 20
157.83983333333333
 10
167.19549999999998
 20
157.62816666666666
 10
167.259
 20
157.48
 10
167.30133333333333
 20
157.41649999999998
 10
167.36483333333334
 20
157.33183333333332
 10
167.40716666666665
 20
157.26833333333332
 10
167.49183333333332
 20
157.18366666666665
 10
167.55533333333332
 20
157.1625
 10
167.59766666666667
 20
157.1625
 10
167.68233333333333
 20
157.12016666666665
 10
167.767
 20
157.05666666666667
 10
168.021
 20
156.7815
 10
168.148
 20
156.65449999999998
 10
168.50783333333334
 20
156.337
 10
168.57133333333334
 20
156.27349999999998
 10
168.67716666666666
 20
156.12533333333332
 10
169.12166666666667
 20
155.702
 10
169.31216666666666
 20
155.51149999999998
 10
169.3545
 20
155.46916666666667
 10
169.86249999999998
 20
154.98233333333332
 10
170.22233333333332
 20
154.60133333333332
 10
170.34933333333333
 20
154.47433333333333
 10
170.98433333333332
 20
153.88166666666666
 10
171.196
 20
153.67
 10
171.2595
 20
153.58533333333332
 10
171.30183333333332
 20
153.543
 10
171.38649999999998
 20
153.4795
 10
171.5135
 20
153.37366666666665
 10
171.74633333333333
 20
153.11966666666666
 10
172.14849999999998
 20
152.75983333333332
 10
172.25433333333334
 20
152.654
 10
172.50833333333333
 20
152.35766666666666
 10
172.55066666666667
 20
152.31533333333334
 10
172.593
 20
152.273
 10
172.74116666666666
 20
152.16716666666667
 10
173.12216666666666
 20
151.80733333333333
 10
173.31266666666667
 20
151.61683333333332
 10
173.736
 20
151.17233333333334
 10
173.84183333333334
 20
151.02416666666667
 10
175.17533333333333
 20
149.69066666666666
 10
175.21766666666667
 20
149.62716666666665
 10
175.26
 20
149.5425
 10
175.4505
 20
149.352
 10
175.53516666666667
 20
149.225
 10
175.66216666666665
 20
149.09799999999998
 10
175.7045
 20
149.0345
 10
175.72566666666665
 20
148.971
 10
175.768
 20
148.9075
 10
175.8315
 20
148.844
 10
175.87383333333332
 20
148.7805
 10
175.93733333333333
 20
148.63233333333332
 10
175.97966666666667
 20
148.59
 10
176.022
 20
148.48416666666665
 10
176.06433333333334
 20
148.44183333333334
 10
176.149
 20
148.25133333333332
 10
176.19133333333332
 20
148.209
 10
176.29716666666667
 20
147.97616666666667
 10
176.3395
 20
147.93383333333333
 10
176.36066666666667
 20
147.8915
 10
176.36066666666667
 20
147.84916666666666
 10
176.4665
 20
147.65866666666668
 10
176.48766666666666
 20
147.59516666666667
 10
176.50883333333334
 20
147.5105
 10
176.50883333333334
 20
147.46816666666666
 10
176.53
 20
147.40466666666666
 10
176.55116666666666
 20
147.34116666666665
 10
176.57233333333332
 20
147.29883333333333
 10
176.61466666666666
 20
147.2565
 10
176.63583333333332
 20
147.21416666666667
 10
176.65699999999998
 20
147.1295
 10
176.65699999999998
 20
147.08716666666666
 10
176.67816666666667
 20
147.02366666666666
 10
176.74166666666667
 20
146.91783333333333
 10
176.76283333333333
 20
146.85433333333333
 10
176.76283333333333
 20
146.79083333333332
 10
176.784
 20
146.685
 10
176.8898333333333
 20
146.4945
 10
176.911
 20
146.43099999999998
 10
176.93216666666666
 20
146.3675
 10
176.95333333333332
 20
146.28283333333334
 10
176.9745
 20
146.1135
 10
176.9745
 20
145.96533333333332
 10
176.9745
 20
145.71133333333333
 10
176.9745
 20
145.58433333333332
 10
176.9745
 20
145.161
 10
176.9745
 20
144.94933333333333
 10
176.95333333333332
 20
144.7165
 10
176.99566666666666
 20
143.80633333333333
 10
176.99566666666666
 20
143.5735
 10
176.9745
 20
142.26116666666667
 10
176.99566666666666
 20
141.39333333333332
 10
177.01683333333332
 20
141.2875
 10
177.05916666666667
 20
141.18166666666667
 10
177.08033333333333
 20
141.097
 10
177.1015
 20
140.99116666666666
 10
177.1015
 20
140.9065
 10
177.05916666666667
 20
140.80066666666667
 10
177.05916666666667
 20
140.73716666666667
 10
177.03799999999998
 20
140.69483333333332
 10
177.08033333333333
 20
140.589
 10
177.01683333333332
 20
140.44083333333333
 10
177.01683333333332
 20
140.2715
 10
177.05916666666667
 20
139.86933333333332
 10
177.05916666666667
 20
139.827
 10
177.01683333333332
 20
139.72116666666668
 10
177.01683333333332
 20
139.59416666666667
 10
177.01683333333332
 20
139.40366666666665
 10
177.01683333333332
 20
139.34016666666668
 10
177.05916666666667
 20
139.02266666666665
 10
177.05916666666667
 20
138.85333333333332
 10
177.05916666666667
 20
137.64683333333332
 10
177.05916666666667
 20
137.43516666666667
 10
177.03799999999998
 20
136.88483333333332
 10
177.05916666666667
 20
135.9535
 10
177.1015
 20
135.5725
 10
177.1015
 20
135.42433333333332
 10
177.05916666666667
 20
135.33966666666666
 10
177.05916666666667
 20
135.17033333333333
 10
177.05916666666667
 20
134.62
 10
177.05916666666667
 20
134.57766666666666
 10
177.1015
 20
134.09083333333334
 10
177.1015
 20
134.00616666666667
 10
177.08033333333333
 20
133.39233333333334
 10
177.12266666666667
 20
133.30766666666668
 10
177.12266666666667
 20
133.1595
 10
177.08033333333333
 20
133.07483333333332
 10
177.08033333333333
 20
132.18583333333333
 10
177.1015
 20
131.826
 10
177.14383333333333
 20
131.572
 10
177.14383333333333
 20
131.36033333333333
 10
177.1015
 20
129.9845
 10
177.1015
 20
129.94216666666665
 10
177.14383333333333
 20
129.75166666666667
 10
177.12266666666667
 20
129.62466666666666
 10
177.12266666666667
 20
129.58233333333334
 10
177.12266666666667
 20
129.32833333333332
 10
177.12266666666667
 20
129.26483333333334
 10
177.14383333333333
 20
128.94733333333332
 10
177.1015
 20
128.82033333333334
 10
177.1015
 20
128.41816666666665
 10
177.12266666666667
 20
128.35466666666667
 10
177.18616666666665
 20
128.24883333333332
 10
177.18616666666665
 20
128.143
 10
177.165
 20
127.99483333333333
 10
177.12266666666667
 20
127.93133333333333
 10
177.1015
 20
127.84666666666666
 10
177.12266666666667
 20
126.87299999999999
 10
177.12266666666667
 20
126.64016666666666
 10
177.1015
 20
126.38616666666667
 10
177.14383333333333
 20
126.19566666666667
 10
177.14383333333333
 20
126.06866666666666
 10
177.12266666666667
 20
126.00516666666667
 10
177.08033333333333
 20
125.92049999999999
 10
177.1015
 20
125.68766666666666
 10
177.1015
 20
125.64533333333333
 10
177.08033333333333
 20
125.43366666666667
 10
177.12266666666667
 20
125.2855
 10
177.1015
 20
125.095
 10
177.12266666666667
 20
124.92566666666666
 10
177.12266666666667
 20
124.81983333333334
 10
177.12266666666667
 20
124.54466666666666
 10
177.12266666666667
 20
124.46
 10
177.08033333333333
 20
124.22716666666666
 10
177.08033333333333
 20
124.1425
 10
177.1015
 20
123.86733333333333
 10
177.12266666666667
 20
123.571
 10
177.165
 20
123.35933333333332
 10
177.165
 20
123.21116666666666
 10
177.14383333333333
 20
123.04183333333333
 10
177.165
 20
122.95716666666667
 10
177.18616666666665
 20
122.89366666666666
 10
177.24966666666666
 20
122.78783333333332
 10
177.24966666666666
 20
122.74549999999999
 10
177.292
 20
122.682
 10
177.292
 20
122.63966666666666
 10
177.37666666666667
 20
122.47033333333333
 10
177.41899999999998
 20
122.428
 10
177.44016666666667
 20
122.36449999999999
 10
177.4825
 20
122.301
 10
177.546
 20
122.21633333333332
 10
177.58833333333334
 20
122.15283333333333
 10
177.75766666666667
 20
121.98349999999999
 10
177.8635
 20
121.89883333333333
 10
177.94816666666665
 20
121.83533333333332
 10
178.01166666666666
 20
121.79299999999999
 10
178.07516666666666
 20
121.77183333333333
 10
178.1175
 20
121.7295
 10
178.22333333333333
 20
121.68716666666667
 10
178.26566666666668
 20
121.64483333333332
 10
178.35033333333334
 20
121.60249999999999
 10
178.41383333333332
 20
121.58133333333333
 10
178.51966666666667
 20
121.56016666666666
 10
178.6255
 20
121.539
 10
179.0065
 20
121.51783333333333
 10
179.451
 20
121.539
 10
179.70499999999998
 20
121.49666666666667
 10
179.98016666666666
 20
121.49666666666667
 10
180.38233333333332
 20
121.49666666666667
 10
180.594
 20
121.49666666666667
 10
180.89033333333333
 20
121.49666666666667
 10
181.0385
 20
121.49666666666667
 10
183.3245
 20
121.539
 10
183.45149999999998
 20
121.539
 10
183.7055
 20
121.51783333333333
 10
184.531
 20
121.51783333333333
 10
184.63683333333333
 20
121.51783333333333
 10
185.73749999999998
 20
121.51783333333333
 10
185.77983333333333
 20
121.51783333333333
 10
186.85933333333332
 20
121.539
 10
187.02866666666665
 20
121.58133333333333
 10
187.17683333333332
 20
121.58133333333333
 10
187.43083333333334
 20
121.539
 10
187.47316666666666
 20
121.539
 10
188.976
 20
121.58133333333333
 10
189.12416666666667
 20
121.58133333333333
 10
189.71683333333334
 20
121.56016666666666
 10
190.6905
 20
121.56016666666666
 10
190.881
 20
121.56016666666666
 10
192.68016666666665
 20
121.58133333333333
 10
193.167
 20
121.60249999999999
 10
193.39983333333333
 20
121.62366666666667
 10
193.4845
 20
121.64483333333332
 10
193.548
 20
121.68716666666667
 10
193.59033333333332
 20
121.68716666666667
 10
193.75966666666667
 20
121.77183333333333
 10
193.802
 20
121.81416666666667
 10
193.8655
 20
121.83533333333332
 10
193.929
 20
121.87766666666667
 10
193.9925
 20
121.92
 10
194.07716666666667
 20
121.98349999999999
 10
194.14066666666668
 20
122.02583333333332
 10
194.33116666666666
 20
122.21633333333332
 10
194.3735
 20
122.27983333333333
 10
194.41583333333332
 20
122.34333333333333
 10
194.45816666666667
 20
122.40683333333332
 10
194.47933333333333
 20
122.47033333333333
 10
194.52166666666665
 20
122.51266666666666
 10
194.6275
 20
122.72433333333333
 10
194.6275
 20
122.76666666666667
 10
194.66983333333332
 20
122.83016666666666
 10
194.691
 20
122.89366666666666
 10
194.71216666666666
 20
122.97833333333332
 10
194.73333333333332
 20
123.08416666666666
 10
194.73333333333332
 20
123.23233333333333
 10
194.77566666666667
 20
123.3805
 10
194.77566666666667
 20
123.7615
 10
194.73333333333332
 20
124.24833333333333
 10
194.7545
 20
124.5235
 10
194.7545
 20
124.62933333333334
 10
194.7545
 20
124.79866666666666
 10
194.7545
 20
124.9045
 10
194.73333333333332
 20
124.968
 10
194.691
 20
125.05266666666667
 10
194.691
 20
125.24316666666667
 10
194.71216666666666
 20
125.32783333333333
 10
194.7545
 20
125.43366666666667
 10
194.7545
 20
125.87816666666666
 10
194.71216666666666
 20
126.02633333333333
 10
194.71216666666666
 20
126.06866666666666
 10
194.7545
 20
126.19566666666667
 10
194.7545
 20
126.57666666666667
 10
194.7545
 20
127.10583333333334
 10
194.7545
 20
127.1905
 10
194.7545
 20
127.78316666666666
 10
194.73333333333332
 20
128.29116666666667
 10
194.73333333333332
 20
128.41816666666665
 10
194.7545
 20
128.48166666666665
 10
194.86033333333333
 20
128.5875
 10
194.92383333333333
 20
128.60866666666666
 10
194.98733333333334
 20
128.67216666666667
 10
194.98733333333334
 20
128.73566666666667
 10
194.96616666666665
 20
128.778
 10
194.92383333333333
 20
128.82033333333334
 10
194.90266666666665
 20
128.86266666666666
 10
194.90266666666665
 20
128.905
 10
194.86033333333333
 20
128.94733333333332
 10
194.81799999999998
 20
129.01083333333332
 10
194.79683333333332
 20
129.07433333333333
 10
194.79683333333332
 20
129.18016666666665
 10
194.81799999999998
 20
129.58233333333334
 10
194.81799999999998
 20
130.02683333333334
 10
194.81799999999998
 20
130.06916666666666
 10
194.79683333333332
 20
131.46616666666665
 10
194.77566666666667
 20
132.207
 10
194.73333333333332
 20
132.334
 10
194.73333333333332
 20
132.46099999999998
 10
194.77566666666667
 20
132.56683333333334
 10
194.77566666666667
 20
132.99016666666665
 10
194.73333333333332
 20
133.18066666666667
 10
194.73333333333332
 20
133.30766666666668
 10
194.7545
 20
133.83683333333332
 10
194.73333333333332
 20
133.94266666666667
 10
194.71216666666666
 20
134.02733333333333
 10
194.691
 20
134.09083333333334
 10
194.64866666666666
 20
134.15433333333334
 10
194.64866666666666
 20
134.19666666666666
 10
194.6275
 20
134.26016666666666
 10
194.58516666666665
 20
134.34483333333333
 10
194.54283333333333
 20
134.38716666666667
 10
194.5005
 20
134.40833333333333
 10
194.33116666666666
 20
134.40833333333333
 10
194.26766666666666
 20
134.40833333333333
 10
193.88666666666666
 20
134.4295
 10
193.44216666666665
 20
134.40833333333333
 10
193.167
 20
134.40833333333333
 10
192.68016666666665
 20
134.40833333333333
 10
192.29916666666665
 20
134.40833333333333
 10
191.87583333333333
 20
134.4295
 10
191.8335
 20
134.45066666666665
 10
191.74883333333332
 20
134.53533333333334
 10
191.72766666666666
 20
134.59883333333332
 10
191.72766666666666
 20
134.83166666666665
 10
191.76999999999998
 20
134.95866666666666
 10
191.76999999999998
 20
136.54616666666666
 10
191.72766666666666
 20
137.20233333333334
 10
191.72766666666666
 20
137.35049999999998
 10
191.74883333333332
 20
138.303
 10
191.76999999999998
 20
138.557
 10
191.79116666666667
 20
138.59933333333333
 10
191.85466666666667
 20
138.66283333333334
 10
191.93933333333334
 20
138.70516666666666
 10
192.024
 20
138.72633333333334
 10
192.10866666666666
 20
138.72633333333334
 10
192.23566666666667
 20
138.684
 10
192.3838333333333
 20
138.66283333333334
 10
192.5955
 20
138.64166666666665
 10
193.06116666666665
 20
138.6205
 10
193.56916666666666
 20
138.6205
 10
193.84433333333334
 20
138.66283333333334
 10
194.20416666666665
 20
138.684
 10
194.564
 20
138.70516666666666
 10
195.91866666666667
 20
138.72633333333334
 10
196.32083333333333
 20
138.70516666666666
 10
196.469
 20
138.70516666666666
 10
196.95583333333332
 20
138.7475
 10
197.44266666666667
 20
138.7475
 10
197.50616666666667
 20
138.76866666666666
 10
197.59083333333334
 20
138.83216666666667
 10
197.63316666666665
 20
138.89566666666667
 10
197.6755
 20
138.98033333333333
 10
197.69666666666666
 20
139.04383333333334
 10
197.71783333333332
 20
139.1285
 10
197.739
 20
139.29783333333333
 10
197.739
 20
141.0335
 10
197.6755
 20
141.13933333333333
 10
197.6755
 20
141.24516666666668
 10
197.71783333333332
 20
141.32983333333334
 10
197.71783333333332
 20
141.43566666666666
 10
197.6755
 20
141.54149999999998
 10
197.6755
 20
141.58383333333333
 10
197.71783333333332
 20
141.68966666666665
 10
197.71783333333332
 20
141.7955
 10
197.69666666666666
 20
141.859
 10
197.65433333333334
 20
141.94366666666667
 10
197.65433333333334
 20
142.0495
 10
197.69666666666666
 20
142.13416666666666
 10
197.69666666666666
 20
142.26116666666667
 10
197.69666666666666
 20
142.32466666666667
 10
197.6755
 20
142.4305
 10
197.6755
 20
142.748
 10
197.6755
 20
143.15016666666665
 10
197.6755
 20
143.3195
 10
197.69666666666666
 20
144.03916666666666
 10
197.69666666666666
 20
145.01283333333333
 10
197.69666666666666
 20
145.05516666666665
 10
197.65433333333334
 20
145.58433333333332
 10
197.65433333333334
 20
145.81716666666665
 10
197.6755
 20
146.45216666666667
 10
197.63316666666665
 20
147.84916666666666
 10
197.63316666666665
 20
147.99733333333333
 10
197.65433333333334
 20
148.16666666666666
 10
197.6755
 20
148.25133333333332
 10
197.69666666666666
 20
148.31483333333333
 10
197.78133333333332
 20
148.463
 10
197.78133333333332
 20
148.69583333333333
 10
197.69666666666666
 20
148.844
 10
197.6755
 20
148.9075
 10
197.65433333333334
 20
148.99216666666666
 10
197.63316666666665
 20
149.11916666666667
 10
197.612
 20
149.71183333333332
 10
197.59083333333334
 20
151.59566666666666
 10
197.59083333333334
 20
152.23066666666665
 10
197.612
 20
153.26783333333333
 10
197.56966666666665
 20
155.15166666666667
 10
197.56966666666665
 20
155.29983333333334
 10
197.56966666666665
 20
155.6385
 10
197.56966666666665
 20
155.87133333333333
 10
197.59083333333334
 20
156.5275
 10
197.5485
 20
157.14133333333334
 10
197.5485
 20
157.81866666666667
 10
197.56966666666665
 20
158.115
 10
197.59083333333334
 20
158.17849999999999
 10
197.63316666666665
 20
158.26316666666665
 10
197.6755
 20
158.3055
 10
197.71783333333332
 20
158.39016666666666
 10
197.739
 20
158.45366666666666
 10
197.739
 20
158.70766666666665
 10
197.69666666666666
 20
158.79233333333332
 10
197.612
 20
158.877
 10
197.59083333333334
 20
158.91933333333333
 10
197.56966666666665
 20
159.04633333333334
 10
197.5485
 20
159.61783333333332
 10
197.52733333333333
 20
160.86666666666667
 10
197.5485
 20
161.0995
 10
197.5485
 20
161.26883333333333
 10
197.52733333333333
 20
162.68699999999998
 10
197.48499999999999
 20
163.30083333333332
 10
197.48499999999999
 20
163.40666666666667
 10
197.48499999999999
 20
164.59199999999998
 10
197.48499999999999
 20
164.719
 10
197.48499999999999
 20
165.07883333333334
 10
197.48499999999999
 20
165.227
 10
197.50616666666667
 20
166.49699999999999
 10
197.46383333333333
 20
166.92033333333333
 10
197.48499999999999
 20
167.49183333333332
 10
197.46383333333333
 20
167.72466666666665
 10
197.46383333333333
 20
167.894
 10
197.48499999999999
 20
168.16916666666665
 10
197.52733333333333
 20
168.275
 10
197.52733333333333
 20
168.86766666666665
 10
197.48499999999999
 20
169.05816666666666
 10
197.46383333333333
 20
169.39683333333332
 10
197.44266666666667
 20
169.90483333333333
 10
197.42149999999998
 20
170.73033333333333
 10
197.42149999999998
 20
171.61933333333332
 10
197.46383333333333
 20
172.55066666666667
 10
197.46383333333333
 20
172.593
 10
197.46383333333333
 20
173.71483333333333
 10
197.46383333333333
 20
173.94766666666666
 10
197.42149999999998
 20
174.6885
 10
197.40033333333332
 20
175.5775
 10
197.40033333333332
 20
175.74683333333334
 10
197.42149999999998
 20
176.86866666666666
 10
197.40033333333332
 20
177.4825
 10
197.37916666666666
 20
177.84233333333333
 10
197.358
 20
178.01166666666666
 10
197.33683333333332
 20
178.1175
 10
197.31566666666666
 20
178.20216666666667
 10
197.2945
 20
178.28683333333333
 10
197.231
 20
178.41383333333332
 10
197.14633333333333
 20
178.4985
 10
197.10399999999998
 20
178.51966666666667
 10
197.04049999999998
 20
178.54083333333332
 10
196.6595
 20
178.54083333333332
 10
196.5325
 20
178.4985
 10
192.3838333333333
 20
178.47733333333332
 10
192.0028333333333
 20
178.4985
 10
191.9605
 20
178.4985
 10
191.5795
 20
178.47733333333332
 10
191.49483333333333
 20
178.4985
 10
191.4525
 20
178.51966666666667
 10
191.41016666666667
 20
178.56199999999998
 10
191.38899999999998
 20
178.60433333333333
 10
191.38899999999998
 20
178.83716666666666
 10
191.38899999999998
 20
179.34516666666667
 10
191.41016666666667
 20
179.5145
 10
191.41016666666667
 20
179.55683333333332
 10
191.41016666666667
 20
179.85316666666665
 10
191.38899999999998
 20
180.08599999999998
 10
191.43133333333333
 20
180.213
 10
191.43133333333333
 20
180.31883333333332
 10
191.38899999999998
 20
181.20783333333333
 10
191.38899999999998
 20
181.25016666666667
 10
191.41016666666667
 20
181.65233333333333
 10
191.36783333333332
 20
182.245
 10
191.41016666666667
 20
182.88
 10
191.41016666666667
 20
182.98583333333332
 10
191.38899999999998
 20
183.53616666666667
 10
191.41016666666667
 20
183.59966666666665
 10
191.43133333333333
 20
183.642
 10
191.49483333333333
 20
183.7055
 10
191.53716666666665
 20
183.72666666666666
 10
191.60066666666665
 20
183.72666666666666
 10
191.66416666666666
 20
183.72666666666666
 10
191.76999999999998
 20
183.7055
 10
192.61666666666667
 20
183.7055
 10
193.95016666666666
 20
183.72666666666666
 10
194.05599999999998
 20
183.74783333333332
 10
194.14066666666668
 20
183.769
 10
194.183
 20
183.81133333333332
 10
194.26766666666666
 20
183.91716666666667
 10
194.28883333333332
 20
183.98066666666665
 10
194.31
 20
184.04416666666665
 10
194.33116666666666
 20
184.12883333333332
 10
194.35233333333332
 20
184.31933333333333
 10
194.35233333333332
 20
184.4675
 10
194.33116666666666
 20
184.63683333333333
 10
194.33116666666666
 20
186.3725
 10
194.33116666666666
 20
186.47833333333332
 10
194.35233333333332
 20
186.69
 10
194.33116666666666
 20
187.11333333333332
 10
194.28883333333332
 20
187.47316666666666
 10
194.28883333333332
 20
187.64249999999998
 10
194.33116666666666
 20
188.10816666666665
 10
194.33116666666666
 20
188.25633333333332
 10
194.33116666666666
 20
188.976
 10
194.33116666666666
 20
189.12416666666667
 10
194.28883333333332
 20
189.52633333333333
 10
194.28883333333332
 20
189.97083333333333
 10
194.26766666666666
 20
190.22483333333332
 10
194.2465
 20
190.33066666666667
 10
194.22533333333334
 20
190.41533333333334
 10
194.20416666666665
 20
190.47883333333334
 10
194.183
 20
190.54233333333332
 10
194.14066666666668
 20
190.62699999999998
 10
194.09833333333333
 20
190.6905
 10
194.03483333333332
 20
190.754
 10
193.97133333333332
 20
190.79633333333334
 10
193.929
 20
190.8175
 10
193.8655
 20
190.83866666666665
 10
193.802
 20
190.85983333333334
 10
193.7385
 20
190.881
 10
193.63266666666667
 20
190.90216666666666
 10
193.52683333333331
 20
190.92333333333332
 10
193.39983333333333
 20
190.92333333333332
 10
193.25166666666667
 20
190.9445
 10
193.14583333333331
 20
190.96566666666666
 10
193.08233333333334
 20
191.00799999999998
 10
193.01883333333333
 20
191.02916666666667
 10
192.93416666666667
 20
191.05033333333333
 10
192.8495
 20
191.0715
 10
192.786
 20
191.0715
 10
192.7225
 20
191.09266666666667
 10
192.63783333333333
 20
191.11383333333333
 10
192.55316666666667
 20
191.135
 10
192.4685
 20
191.17733333333334
 10
192.3838333333333
 20
191.1985
 10
192.32033333333334
 20
191.21966666666665
 10
192.25683333333333
 20
191.24083333333334
 10
192.17216666666667
 20
191.24083333333334
 10
192.0875
 20
191.262
 10
191.98166666666665
 20
191.28316666666666
 10
191.91816666666665
 20
191.30433333333332
 10
191.85466666666667
 20
191.3255
 10
191.79116666666667
 20
191.36783333333332
 10
191.7065
 20
191.38899999999998
 10
191.62183333333334
 20
191.41016666666667
 10
191.55833333333334
 20
191.41016666666667
 10
191.47366666666667
 20
191.4525
 10
191.41016666666667
 20
191.47366666666667
 10
191.3255
 20
191.49483333333333
 10
191.24083333333334
 20
191.516
 10
191.15616666666665
 20
191.53716666666665
 10
191.0715
 20
191.55833333333334
 10
190.98683333333332
 20
191.5795
 10
190.92333333333332
 20
191.60066666666665
 10
190.83866666666665
 20
191.62183333333334
 10
190.754
 20
191.643
 10
190.64816666666667
 20
191.66416666666666
 10
190.5635
 20
191.66416666666666
 10
190.47883333333334
 20
191.68533333333332
 10
190.41533333333334
 20
191.7065
 10
190.33066666666667
 20
191.72766666666666
 10
190.24599999999998
 20
191.74883333333332
 10
190.16133333333332
 20
191.76999999999998
 10
190.07666666666665
 20
191.79116666666667
 10
189.992
 20
191.8335
 10
189.90733333333333
 20
191.85466666666667
 10
189.82266666666666
 20
191.85466666666667
 10
189.738
 20
191.87583333333333
 10
189.65333333333334
 20
191.897
 10
189.56866666666667
 20
191.93933333333334
 10
189.50516666666667
 20
191.9605
 10
189.4205
 20
191.98166666666665
 10
189.33583333333334
 20
192.0028333333333
 10
189.25116666666665
 20
192.0028333333333
 10
189.14533333333333
 20
192.024
 10
189.08183333333332
 20
192.06633333333332
 10
189.01833333333332
 20
192.0875
 10
188.93366666666665
 20
192.10866666666666
 10
188.849
 20
192.12983333333332
 10
188.67966666666666
 20
192.12983333333332
 10
188.55266666666665
 20
192.15099999999998
 10
188.44683333333333
 20
192.17216666666667
 10
188.38333333333333
 20
192.19333333333333
 10
188.31983333333332
 20
192.2145
 10
188.23516666666666
 20
192.23566666666667
 10
188.1505
 20
192.278
 10
188.087
 20
192.278
 10
188.00233333333333
 20
192.32033333333334
 10
187.93883333333332
 20
192.32033333333334
 10
187.833
 20
192.3415
 10
187.7695
 20
192.36266666666666
 10
187.68483333333333
 20
192.405
 10
187.64249999999998
 20
192.44733333333332
 10
187.60016666666667
 20
192.4685
 10
187.53666666666666
 20
192.48966666666666
 10
187.452
 20
192.51083333333332
 10
187.34616666666665
 20
192.53199999999998
 10
187.26149999999998
 20
192.55316666666667
 10
187.15566666666666
 20
192.57433333333333
 10
186.83816666666667
 20
192.57433333333333
 10
186.7535
 20
192.5955
 10
186.69
 20
192.61666666666667
 10
186.58416666666668
 20
192.68016666666665
 10
186.52066666666667
 20
192.70133333333334
 10
186.436
 20
192.70133333333334
 10
186.3725
 20
192.7225
 10
186.28783333333334
 20
192.7648333333333
 10
186.2455
 20
192.80716666666666
 10
186.20316666666668
 20
192.82833333333332
 10
186.13966666666667
 20
192.8495
 10
185.97033333333331
 20
192.8495
 10
185.88566666666665
 20
192.87066666666666
 10
185.82216666666667
 20
192.89183333333332
 10
185.75866666666667
 20
192.91299999999998
 10
185.69516666666667
 20
192.95533333333333
 10
185.63166666666666
 20
192.9765
 10
185.547
 20
192.99766666666667
 10
185.46233333333333
 20
193.01883333333333
 10
185.39883333333333
 20
193.04
 10
185.31416666666667
 20
193.06116666666665
 10
185.2295
 20
193.08233333333334
 10
185.14483333333334
 20
193.1035
 10
185.06016666666667
 20
193.12466666666666
 10
184.97549999999998
 20
193.14583333333331
 10
184.912
 20
193.167
 10
184.8273333333333
 20
193.18816666666666
 10
184.74266666666665
 20
193.20933333333332
 10
184.658
 20
193.2305
 10
184.57333333333332
 20
193.25166666666667
 10
184.4675
 20
193.27283333333332
 10
184.3405
 20
193.29399999999998
 10
184.21349999999998
 20
193.31516666666667
 10
184.00183333333334
 20
193.31516666666667
 10
183.91716666666667
 20
193.33633333333333
 10
183.85366666666667
 20
193.3575
 10
183.769
 20
193.39983333333333
 10
183.7055
 20
193.39983333333333
 10
183.62083333333334
 20
193.421
 10
183.53616666666667
 20
193.46333333333334
 10
183.45149999999998
 20
193.4845
 10
183.388
 20
193.50566666666666
 10
183.3245
 20
193.52683333333331
 10
183.23983333333334
 20
193.548
 10
183.11283333333333
 20
193.548
 10
182.98583333333332
 20
193.6115
 10
182.9435
 20
193.65383333333332
 10
182.90116666666665
 20
193.67499999999998
 10
182.83766666666665
 20
193.69616666666667
 10
182.64716666666666
 20
193.69616666666667
 10
182.5625
 20
193.71733333333333
 10
182.47783333333334
 20
193.7385
 10
182.39316666666667
 20
193.75966666666667
 10
182.28733333333332
 20
193.78083333333333
 10
182.22383333333332
 20
193.802
 10
182.16033333333334
 20
193.84433333333334
 10
182.09683333333334
 20
193.8655
 10
182.03333333333333
 20
193.88666666666666
 10
181.96983333333333
 20
193.90783333333331
 10
181.77933333333334
 20
193.90783333333331
 10
181.71583333333334
 20
193.929
 10
181.65233333333333
 20
193.95016666666666
 10
181.56766666666667
 20
193.9925
 10
181.483
 20
194.01366666666667
 10
181.356
 20
194.01366666666667
 10
181.27133333333333
 20
194.03483333333332
 10
181.20783333333333
 20
194.07716666666667
 10
181.1655
 20
194.07716666666667
 10
181.102
 20
194.1195
 10
181.05966666666666
 20
194.1195
 10
180.99616666666665
 20
194.14066666666668
 10
180.93266666666665
 20
194.16183333333333
 10
180.74216666666666
 20
194.26766666666666
 10
180.67866666666666
 20
194.28883333333332
 10
180.63633333333334
 20
194.28883333333332
 10
180.57283333333334
 20
194.31
 10
180.5305
 20
194.35233333333332
 10
180.46699999999998
 20
194.39466666666667
 10
180.4035
 20
194.41583333333332
 10
179.93783333333332
 20
194.41583333333332
 10
179.832
 20
194.43699999999998
 10
179.7685
 20
194.45816666666667
 10
179.68383333333333
 20
194.5005
 10
179.59916666666666
 20
194.52166666666665
 10
179.49333333333334
 20
194.52166666666665
 10
179.36633333333333
 20
194.54283333333333
 10
179.30283333333333
 20
194.564
 10
179.15466666666666
 20
194.64866666666666
 10
179.11233333333334
 20
194.64866666666666
 10
179.0065
 20
194.71216666666666
 10
178.92183333333332
 20
194.73333333333332
 10
178.56199999999998
 20
194.73333333333332
 10
178.47733333333332
 20
194.77566666666667
 10
178.39266666666666
 20
194.77566666666667
 10
178.308
 20
194.79683333333332
 10
178.22333333333333
 20
194.83916666666667
 10
178.1175
 20
194.83916666666667
 10
178.03283333333331
 20
194.8815
 10
177.94816666666665
 20
194.8815
 10
177.8635
 20
194.90266666666665
 10
177.79999999999998
 20
194.945
 10
177.7365
 20
194.945
 10
177.65183333333331
 20
194.96616666666665
 10
177.58833333333334
 20
194.98733333333334
 10
177.52483333333333
 20
195.02966666666666
 10
177.46133333333333
 20
195.05083333333332
 10
177.39783333333332
 20
195.072
 10
177.33433333333332
 20
195.09316666666666
 10
177.27083333333331
 20
195.11433333333332
 10
177.14383333333333
 20
195.1355
 10
177.05916666666667
 20
195.1355
 10
176.95333333333332
 20
195.17783333333333
 10
176.8898333333333
 20
195.19899999999998
 10
176.74166666666667
 20
195.19899999999998
 10
176.5935
 20
195.22016666666667
 10
176.53
 20
195.24133333333333
 10
176.4665
 20
195.28366666666665
 10
176.42416666666665
 20
195.28366666666665
 10
176.36066666666667
 20
195.326
 10
176.27599999999998
 20
195.34716666666665
 10
176.2125
 20
195.36833333333334
 10
176.149
 20
195.3895
 10
176.0855
 20
195.3895
 10
176.022
 20
195.41066666666666
 10
175.9585
 20
195.453
 10
175.87383333333332
 20
195.47416666666666
 10
175.72566666666665
 20
195.49533333333332
 10
175.5775
 20
195.49533333333332
 10
175.51399999999998
 20
195.5165
 10
175.42933333333332
 20
195.53766666666667
 10
175.36583333333334
 20
195.55883333333333
 10
175.30233333333334
 20
195.57999999999998
 10
175.23883333333333
 20
195.60116666666667
 10
175.17533333333333
 20
195.62233333333333
 10
175.11183333333332
 20
195.6435
 10
175.006
 20
195.707
 10
174.90016666666665
 20
195.72816666666665
 10
174.79433333333333
 20
195.72816666666665
 10
174.73083333333332
 20
195.74933333333334
 10
174.625
 20
195.81283333333332
 10
174.41333333333333
 20
195.81283333333332
 10
174.32866666666666
 20
195.834
 10
174.244
 20
195.85516666666666
 10
174.1805
 20
195.87633333333332
 10
174.117
 20
195.8975
 10
174.05349999999999
 20
195.93983333333333
 10
173.99
 20
195.96099999999998
 10
173.9265
 20
195.98216666666667
 10
173.863
 20
196.00333333333333
 10
173.71483333333333
 20
196.0245
 10
173.58783333333332
 20
196.0245
 10
173.52433333333332
 20
196.04566666666665
 10
173.4185
 20
196.088
 10
173.31266666666667
 20
196.10916666666665
 10
173.228
 20
196.13033333333334
 10
173.14333333333332
 20
196.1515
 10
173.01633333333334
 20
196.17266666666666
 10
172.91049999999998
 20
196.19383333333332
 10
172.80466666666666
 20
196.215
 10
172.63533333333334
 20
196.23616666666666
  0
LWPOLYLINE
  5
4E
330
17
100
AcDbEntity
  8
0
100
AcDbPolyline
 90
91
 70
1
 10
181.737
 20
126.68249999999999
 10
181.82166666666666
 20
126.68249999999999
 10
182.1815
 20
126.66133333333333
 10
182.26616666666666
 20
126.64016666666666
 10
182.37199999999999
 20
126.619
 10
182.4355
 20
126.59783333333333
 10
182.499
 20
126.57666666666667
 10
182.5625
 20
126.5555
 10
182.626
 20
126.51316666666666
 10
182.66833333333332
 20
126.51316666666666
 10
182.71066666666667
 20
126.47083333333333
 10
182.77416666666667
 20
126.44966666666666
 10
182.83766666666665
 20
126.40733333333333
 10
182.88
 20
126.365
 10
182.9435
 20
126.34383333333334
 10
183.02816666666666
 20
126.28033333333333
 10
183.21866666666665
 20
126.08983333333333
 10
183.28216666666665
 20
126.00516666666667
 10
183.34566666666666
 20
125.92049999999999
 10
183.388
 20
125.83583333333333
 10
183.388
 20
125.7935
 10
183.47266666666667
 20
125.64533333333333
 10
183.49383333333333
 20
125.58183333333334
 10
183.515
 20
125.51833333333333
 10
183.53616666666667
 20
125.4125
 10
183.53616666666667
 20
124.9045
 10
183.515
 20
124.79866666666666
 10
183.49383333333333
 20
124.714
 10
183.47266666666667
 20
124.62933333333334
 10
183.45149999999998
 20
124.56583333333333
 10
183.43033333333332
 20
124.50233333333333
 10
183.40916666666666
 20
124.43883333333333
 10
183.3245
 20
124.2695
 10
183.28216666666665
 20
124.206
 10
183.21866666666665
 20
124.12133333333333
 10
183.09166666666667
 20
123.99433333333333
 10
182.88
 20
123.80383333333333
 10
182.8165
 20
123.7615
 10
182.73183333333333
 20
123.71916666666667
 10
182.64716666666666
 20
123.6345
 10
182.58366666666666
 20
123.59216666666666
 10
182.54133333333334
 20
123.571
 10
182.45666666666665
 20
123.54983333333332
 10
182.39316666666667
 20
123.52866666666667
 10
182.32966666666667
 20
123.5075
 10
182.20266666666666
 20
123.5075
 10
181.96983333333333
 20
123.52866666666667
 10
181.737
 20
123.5075
 10
181.65233333333333
 20
123.52866666666667
 10
181.5465
 20
123.59216666666666
 10
181.50416666666666
 20
123.59216666666666
 10
181.44066666666666
 20
123.61333333333333
 10
181.39833333333334
 20
123.6345
 10
181.356
 20
123.67683333333333
 10
181.22899999999998
 20
123.74033333333333
 10
181.18666666666667
 20
123.74033333333333
 10
181.12316666666666
 20
123.78266666666666
 10
181.05966666666666
 20
123.825
 10
180.93266666666665
 20
123.952
 10
180.84799999999998
 20
123.99433333333333
 10
180.67866666666666
 20
124.16366666666666
 10
180.61516666666665
 20
124.24833333333333
 10
180.57283333333334
 20
124.31183333333333
 10
180.5305
 20
124.37533333333333
 10
180.46699999999998
 20
124.50233333333333
 10
180.44583333333333
 20
124.56583333333333
 10
180.44583333333333
 20
124.69283333333333
 10
180.4035
 20
124.79866666666666
 10
180.38233333333332
 20
124.9045
 10
180.38233333333332
 20
125.15849999999999
 10
180.4035
 20
125.37016666666666
 10
180.42466666666667
 20
125.51833333333333
 10
180.44583333333333
 20
125.603
 10
180.5305
 20
125.77233333333334
 10
180.57283333333334
 20
125.81466666666667
 10
180.594
 20
125.87816666666666
 10
180.63633333333334
 20
125.92049999999999
 10
180.6575
 20
125.984
 10
180.69983333333332
 20
126.0475
 10
180.76333333333332
 20
126.13216666666666
 10
180.84799999999998
 20
126.238
 10
180.93266666666665
 20
126.32266666666666
 10
180.99616666666665
 20
126.365
 10
181.102
 20
126.40733333333333
 10
181.14433333333332
 20
126.44966666666666
 10
181.20783333333333
 20
126.49199999999999
 10
181.27133333333333
 20
126.53433333333334
 10
181.39833333333334
 20
126.59783333333333
 10
181.46183333333332
 20
126.619
 10
181.52533333333332
 20
126.64016666666666
 10
181.60999999999999
 20
126.66133333333333
  0
LWPOLYLINE
  5
4F
330
17
100
AcDbEntity
  8
0
100
AcDbPolyline
 90
90
 70
1
 10
189.69566666666665
 20
126.70366666666666
 10
190.07666666666665
 20
126.70366666666666
 10
190.16133333333332
 20
126.66133333333333
 10
190.28833333333333
 20
126.66133333333333
 10
190.373
 20
126.64016666666666
 10
190.4365
 20
126.619
 10
190.47883333333334
 20
126.59783333333333
 10
190.54233333333332
 20
126.5555
 10
190.58466666666666
 20
126.51316666666666
 10
190.71166666666667
 20
126.44966666666666
 10
190.754
 20
126.44966666666666
 10
190.83866666666665
 20
126.40733333333333
 10
190.90216666666666
 20
126.365
 10
190.98683333333332
 20
126.30149999999999
 10
191.11383333333333
 20
126.1745
 10
191.15616666666665
 20
126.08983333333333
 10
191.24083333333334
 20
126.00516666666667
 10
191.28316666666666
 20
125.94166666666666
 10
191.34666666666666
 20
125.7935
 10
191.38899999999998
 20
125.75116666666666
 10
191.4525
 20
125.62416666666667
 10
191.47366666666667
 20
125.56066666666666
 10
191.49483333333333
 20
125.49716666666666
 10
191.49483333333333
 20
125.37016666666666
 10
191.516
 20
125.222
 10
191.5795
 20
125.11616666666666
 10
191.5795
 20
125.01033333333334
 10
191.53716666666665
 20
124.968
 10
191.49483333333333
 20
124.88333333333333
 10
191.47366666666667
 20
124.81983333333334
 10
191.4525
 20
124.75633333333333
 10
191.4525
 20
124.714
 10
191.43133333333333
 20
124.6505
 10
191.41016666666667
 20
124.587
 10
191.36783333333332
 20
124.5235
 10
191.36783333333332
 20
124.48116666666667
 10
191.30433333333332
 20
124.35416666666666
 10
191.262
 20
124.29066666666667
 10
191.1985
 20
124.206
 10
191.0715
 20
124.05783333333333
 10
190.85983333333334
 20
123.84616666666666
 10
190.754
 20
123.7615
 10
190.6905
 20
123.71916666666667
 10
190.35183333333333
 20
123.54983333333332
 10
190.26716666666667
 20
123.52866666666667
 10
190.14016666666666
 20
123.52866666666667
 10
189.992
 20
123.571
 10
189.82266666666666
 20
123.571
 10
189.75916666666666
 20
123.59216666666666
 10
189.65333333333334
 20
123.6345
 10
189.50516666666667
 20
123.6345
 10
189.39933333333332
 20
123.65566666666666
 10
189.33583333333334
 20
123.67683333333333
 10
189.25116666666665
 20
123.71916666666667
 10
189.14533333333333
 20
123.825
 10
189.06066666666666
 20
123.86733333333333
 10
188.95483333333334
 20
123.97316666666666
 10
188.849
 20
124.03666666666666
 10
188.722
 20
124.16366666666666
 10
188.67966666666666
 20
124.206
 10
188.595
 20
124.29066666666667
 10
188.57383333333334
 20
124.35416666666666
 10
188.5315
 20
124.3965
 10
188.44683333333333
 20
124.56583333333333
 10
188.44683333333333
 20
124.60816666666666
 10
188.42566666666667
 20
124.67166666666667
 10
188.38333333333333
 20
124.75633333333333
 10
188.341
 20
124.79866666666666
 10
188.23516666666666
 20
124.841
 10
188.19283333333334
 20
124.88333333333333
 10
188.19283333333334
 20
124.968
 10
188.29866666666666
 20
125.05266666666667
 10
188.341
 20
125.095
 10
188.36216666666667
 20
125.15849999999999
 10
188.36216666666667
 20
125.32783333333333
 10
188.38333333333333
 20
125.476
 10
188.40449999999998
 20
125.603
 10
188.44683333333333
 20
125.68766666666666
 10
188.48916666666665
 20
125.72999999999999
 10
188.595
 20
125.96283333333334
 10
188.6585
 20
126.0475
 10
188.76433333333333
 20
126.1745
 10
188.976
 20
126.38616666666667
 10
189.0395
 20
126.40733333333333
 10
189.08183333333332
 20
126.44966666666666
 10
189.14533333333333
 20
126.49199999999999
 10
189.20883333333333
 20
126.53433333333334
 10
189.4205
 20
126.64016666666666
 10
189.48399999999998
 20
126.66133333333333
 10
189.611
 20
126.66133333333333
  0
LWPOLYLINE
  5
50
330
17
100
AcDbEntity
  8
0
100
AcDbPolyline
 90
50
 70
1
 10
182.03333333333333
 20
132.18583333333333
 10
182.118
 20
132.18583333333333
 10
182.60483333333332
 20
132.1435
 10
182.90116666666665
 20
132.16466666666668
 10
182.9435
 20
132.16466666666668
 10
184.80616666666666
 20
132.16466666666668
 10
185.01783333333333
 20
132.1435
 10
185.14483333333334
 20
132.1435
 10
189.27233333333334
 20
132.18583333333333
 10
189.54749999999999
 20
132.18583333333333
 10
189.90733333333333
 20
132.16466666666668
 10
189.94966666666667
 20
132.1435
 10
190.03433333333334
 20
132.05883333333333
 10
190.0555
 20
132.0165
 10
190.0555
 20
131.93183333333332
 10
190.0555
 20
130.70416666666665
 10
190.0555
 20
130.64066666666668
 10
190.03433333333334
 20
129.8575
 10
190.01316666666665
 20
129.30716666666666
 10
189.992
 20
129.24366666666666
 10
189.92849999999999
 20
129.18016666666665
 10
189.88616666666667
 20
129.159
 10
189.82266666666666
 20
129.13783333333333
 10
189.52633333333333
 20
129.11666666666667
 10
189.48399999999998
 20
129.11666666666667
 10
189.2935
 20
129.159
 10
187.5155
 20
129.159
 10
187.325
 20
129.11666666666667
 10
187.071
 20
129.0955
 10
186.71116666666666
 20
129.11666666666667
 10
186.54183333333333
 20
129.0955
 10
186.436
 20
129.0955
 10
186.01266666666666
 20
129.13783333333333
 10
185.63166666666666
 20
129.13783333333333
 10
184.38283333333334
 20
129.13783333333333
 10
184.25583333333333
 20
129.13783333333333
 10
182.4355
 20
129.0955
 10
181.99099999999999
 20
129.0955
 10
181.92749999999998
 20
129.11666666666667
 10
181.88516666666666
 20
129.13783333333333
 10
181.8005
 20
129.2225
 10
181.77933333333334
 20
129.26483333333334
 10
181.77933333333334
 20
129.75166666666667
 10
181.77933333333334
 20
131.0005
 10
181.77933333333334
 20
131.064
 10
181.77933333333334
 20
131.572
 10
181.77933333333334
 20
131.99533333333332
 10
181.8005
 20
132.05883333333333
 10
181.88516666666666
 20
132.1435
 10
181.92749999999998
 20
132.16466666666668
  0
LWPOLYLINE
  5
51
330
17
100
AcDbEntity
  8
0
100
AcDbPolyline
 90
88
 70
1
 10
192.87066666666666
 20
144.14499999999998
 10
193.421
 20
144.14499999999998
 10
193.52683333333331
 20
144.12383333333332
 10
193.59033333333332
 20
144.10266666666666
 10
193.65383333333332
 20
144.0815
 10
193.71733333333333
 20
144.06033333333332
 10
193.78083333333333
 20
144.018
 10
193.82316666666665
 20
144.018
 10
193.88666666666666
 20
143.99683333333334
 10
193.97133333333332
 20
143.9545
 10
194.03483333333332
 20
143.91216666666665
 10
194.09833333333333
 20
143.86983333333333
 10
194.183
 20
143.80633333333333
 10
194.41583333333332
 20
143.5735
 10
194.43699999999998
 20
143.51
 10
194.5005
 20
143.4465
 10
194.58516666666665
 20
143.34066666666666
 10
194.64866666666666
 20
143.21366666666665
 10
194.64866666666666
 20
143.17133333333334
 10
194.691
 20
143.10783333333333
 10
194.71216666666666
 20
143.04433333333333
 10
194.73333333333332
 20
142.95966666666666
 10
194.7545
 20
142.89616666666666
 10
194.77566666666667
 20
142.8115
 10
194.79683333333332
 20
142.59983333333332
 10
194.79683333333332
 20
142.34583333333333
 10
194.77566666666667
 20
142.26116666666667
 10
194.7545
 20
142.1765
 10
194.73333333333332
 20
142.09183333333334
 10
194.691
 20
142.02833333333334
 10
194.691
 20
141.986
 10
194.54283333333333
 20
141.68966666666665
 10
194.5005
 20
141.64733333333334
 10
194.47933333333333
 20
141.58383333333333
 10
194.41583333333332
 20
141.49916666666667
 10
194.31
 20
141.39333333333332
 10
194.20416666666665
 20
141.30866666666665
 10
194.14066666666668
 20
141.26633333333334
 10
194.07716666666667
 20
141.224
 10
193.9925
 20
141.16049999999998
 10
193.90783333333331
 20
141.11816666666667
 10
193.84433333333334
 20
141.097
 10
193.78083333333333
 20
141.07583333333332
 10
193.71733333333333
 20
141.05466666666666
 10
193.65383333333332
 20
141.0335
 10
193.59033333333332
 20
141.01233333333332
 10
193.46333333333334
 20
140.99116666666666
 10
192.74366666666666
 20
140.99116666666666
 10
192.68016666666665
 20
141.01233333333332
 10
192.5955
 20
141.0335
 10
192.53199999999998
 20
141.05466666666666
 10
192.36266666666666
 20
141.13933333333333
 10
192.29916666666665
 20
141.18166666666667
 10
192.25683333333333
 20
141.224
 10
192.17216666666667
 20
141.26633333333334
 10
192.12983333333332
 20
141.26633333333334
 10
192.04516666666666
 20
141.30866666666665
 10
191.81233333333333
 20
141.52033333333333
 10
191.74883333333332
 20
141.58383333333333
 10
191.7065
 20
141.64733333333334
 10
191.66416666666666
 20
141.71083333333334
 10
191.643
 20
141.77433333333332
 10
191.60066666666665
 20
141.81666666666666
 10
191.53716666666665
 20
141.94366666666667
 10
191.516
 20
142.00716666666665
 10
191.49483333333333
 20
142.07066666666665
 10
191.47366666666667
 20
142.15533333333332
 10
191.4525
 20
142.26116666666667
 10
191.43133333333333
 20
142.40933333333334
 10
191.43133333333333
 20
142.64216666666667
 10
191.4525
 20
142.79033333333334
 10
191.47366666666667
 20
142.875
 10
191.516
 20
142.9385
 10
191.516
 20
142.98083333333332
 10
191.55833333333334
 20
143.04433333333333
 10
191.55833333333334
 20
143.08666666666667
 10
191.66416666666666
 20
143.29833333333332
 10
191.7065
 20
143.36183333333332
 10
191.79116666666667
 20
143.46766666666667
 10
191.93933333333334
 20
143.61583333333334
 10
192.04516666666666
 20
143.7005
 10
192.15099999999998
 20
143.764
 10
192.25683333333333
 20
143.86983333333333
 10
192.32033333333334
 20
143.91216666666665
 10
192.3838333333333
 20
143.9545
 10
192.63783333333333
 20
144.0815
 10
192.70133333333334
 20
144.10266666666666
 10
192.786
 20
144.12383333333332
  0
LWPOLYLINE
  5
52
330
17
100
AcDbEntity
  8
0
100
AcDbPolyline
 90
51
 70
1
 10
183.1975
 20
161.62866666666667
 10
183.515
 20
161.62866666666667
 10
183.62083333333334
 20
161.6075
 10
183.72666666666666
 20
161.58633333333333
 10
183.79016666666666
 20
161.56516666666667
 10
183.87483333333333
 20
161.52283333333332
 10
183.98066666666665
 20
161.43816666666666
 10
184.06533333333334
 20
161.3535
 10
184.10766666666666
 20
161.29
 10
184.15
 20
161.20533333333333
 10
184.17116666666666
 20
161.14183333333332
 10
184.19233333333332
 20
161.07833333333332
 10
184.21349999999998
 20
160.99366666666666
 10
184.21349999999998
 20
160.88783333333333
 10
184.19233333333332
 20
160.7185
 10
184.17116666666666
 20
160.61266666666666
 10
184.12883333333332
 20
160.528
 10
184.0865
 20
160.48566666666667
 10
184.04416666666665
 20
160.37983333333332
 10
184.00183333333334
 20
160.31633333333332
 10
183.91716666666667
 20
160.23166666666665
 10
183.85366666666667
 20
160.2105
 10
183.81133333333332
 20
160.16816666666665
 10
183.769
 20
160.147
 10
183.7055
 20
160.12583333333333
 10
183.642
 20
160.12583333333333
 10
183.515
 20
160.147
 10
183.40916666666666
 20
160.0835
 10
183.34566666666666
 20
160.06233333333333
 10
183.30333333333334
 20
160.06233333333333
 10
183.1975
 20
160.0835
 10
183.11283333333333
 20
160.10466666666667
 10
183.04933333333332
 20
160.12583333333333
 10
182.98583333333332
 20
160.147
 10
182.90116666666665
 20
160.18933333333334
 10
182.83766666666665
 20
160.23166666666665
 10
182.68949999999998
 20
160.37983333333332
 10
182.5625
 20
160.528
 10
182.54133333333334
 20
160.57033333333334
 10
182.52016666666665
 20
160.655
 10
182.52016666666665
 20
160.99366666666666
 10
182.54133333333334
 20
161.0995
 10
182.5625
 20
161.16299999999998
 10
182.58366666666666
 20
161.20533333333333
 10
182.626
 20
161.26883333333333
 10
182.66833333333332
 20
161.33233333333334
 10
182.753
 20
161.43816666666666
 10
182.83766666666665
 20
161.52283333333332
 10
182.92233333333334
 20
161.56516666666667
 10
182.98583333333332
 20
161.58633333333333
 10
183.09166666666667
 20
161.6075
  0
LWPOLYLINE
  5
53
330
17
100
AcDbEntity
  8
0
100
AcDbPolyline
 90
66
 70
1
 10
192.91299999999998
 20
163.7665
 10
192.99766666666667
 20
163.7665
 10
194.41583333333332
 20
163.74533333333332
 10
194.47933333333333
 20
163.72416666666666
 10
194.58516666666665
 20
163.6395
 10
194.6275
 20
163.59716666666665
 10
194.66983333333332
 20
163.5125
 10
194.691
 20
163.3855
 10
194.691
 20
163.34316666666666
 10
194.66983333333332
 20
163.2585
 10
194.6275
 20
163.17383333333333
 10
194.60633333333334
 20
163.06799999999998
 10
194.58516666666665
 20
162.98333333333332
 10
194.564
 20
162.433
 10
194.564
 20
162.30599999999998
 10
194.60633333333334
 20
161.0995
 10
194.60633333333334
 20
160.99366666666666
 10
194.58516666666665
 20
159.23683333333332
 10
194.6275
 20
158.13616666666667
 10
194.6275
 20
157.9245
 10
194.60633333333334
 20
156.48516666666666
 10
194.64866666666666
 20
154.96116666666666
 10
194.64866666666666
 20
154.8765
 10
194.6275
 20
154.34733333333332
 10
194.66983333333332
 20
153.8605
 10
194.66983333333332
 20
153.77583333333334
 10
194.64866666666666
 20
153.62766666666667
 10
194.5005
 20
153.4795
 10
194.43699999999998
 20
153.45833333333334
 10
191.74883333333332
 20
153.45833333333334
 10
191.68533333333332
 20
153.4795
 10
191.643
 20
153.52183333333332
 10
191.5795
 20
153.64883333333333
 10
191.55833333333334
 20
153.75466666666665
 10
191.55833333333334
 20
153.797
 10
191.60066666666665
 20
154.13566666666665
 10
191.60066666666665
 20
154.2415
 10
191.55833333333334
 20
154.60133333333332
 10
191.55833333333334
 20
154.83416666666668
 10
191.5795
 20
155.08816666666667
 10
191.55833333333334
 20
155.448
 10
191.55833333333334
 20
155.829
 10
191.5795
 20
156.06183333333334
 10
191.5795
 20
156.12533333333332
 10
191.5795
 20
156.18883333333332
 10
191.5795
 20
156.337
 10
191.53716666666665
 20
157.226
 10
191.53716666666665
 20
157.41649999999998
 10
191.53716666666665
 20
157.88216666666665
 10
191.53716666666665
 20
158.19966666666667
 10
191.55833333333334
 20
158.96166666666667
 10
191.516
 20
159.512
 10
191.516
 20
159.74483333333333
 10
191.516
 20
160.37983333333332
 10
191.516
 20
160.80316666666667
 10
191.53716666666665
 20
161.54399999999998
 10
191.516
 20
163.08916666666667
 10
191.47366666666667
 20
163.322
 10
191.47366666666667
 20
163.49133333333333
 10
191.49483333333333
 20
163.55483333333333
 10
191.516
 20
163.59716666666665
 10
191.62183333333334
 20
163.703
 10
191.66416666666666
 20
163.72416666666666
 10
191.72766666666666
 20
163.74533333333332
 10
192.61666666666667
 20
163.72416666666666
 10
192.68016666666665
 20
163.72416666666666
  0
LWPOLYLINE
  5
54
330
17
100
AcDbEntity
  8
0
100
AcDbPolyline
 90
87
 70
1
 10
192.80716666666666
 20
176.19133333333332
 10
192.95533333333333
 20
176.19133333333332
 10
193.18816666666666
 20
176.17016666666666
 10
193.27283333333332
 20
176.149
 10
193.3575
 20
176.12783333333334
 10
193.44216666666665
 20
176.10666666666665
 10
193.50566666666666
 20
176.0855
 10
193.802
 20
175.93733333333333
 10
193.8655
 20
175.89499999999998
 10
193.95016666666666
 20
175.8315
 10
194.05599999999998
 20
175.72566666666665
 10
194.09833333333333
 20
175.68333333333334
 10
194.16183333333333
 20
175.61983333333333
 10
194.20416666666665
 20
175.55633333333333
 10
194.2465
 20
175.49283333333332
 10
194.41583333333332
 20
175.15416666666667
 10
194.41583333333332
 20
175.11183333333332
 10
194.45816666666667
 20
175.04833333333332
 10
194.47933333333333
 20
174.9425
 10
194.5005
 20
174.70966666666666
 10
194.5005
 20
174.66733333333332
 10
194.5005
 20
174.47683333333333
 10
194.5005
 20
174.39216666666667
 10
194.47933333333333
 20
174.244
 10
194.45816666666667
 20
174.13816666666665
 10
194.43699999999998
 20
174.07466666666667
 10
194.41583333333332
 20
174.01116666666667
 10
194.31
 20
173.7995
 10
194.26766666666666
 20
173.75716666666665
 10
194.2465
 20
173.69366666666667
 10
194.183
 20
173.609
 10
193.929
 20
173.355
 10
193.84433333333334
 20
173.29149999999998
 10
193.78083333333333
 20
173.24916666666667
 10
193.52683333333331
 20
173.12216666666666
 10
193.46333333333334
 20
173.101
 10
193.37866666666667
 20
173.07983333333334
 10
193.25166666666667
 20
173.07983333333334
 10
193.14583333333331
 20
173.0375
 10
193.08233333333334
 20
173.01633333333334
 10
192.786
 20
173.01633333333334
 10
192.63783333333333
 20
173.0375
 10
192.53199999999998
 20
173.05866666666665
 10
192.44733333333332
 20
173.07983333333334
 10
192.3838333333333
 20
173.101
 10
192.32033333333334
 20
173.12216666666666
 10
192.2145
 20
173.18566666666666
 10
192.17216666666667
 20
173.18566666666666
 10
192.04516666666666
 20
173.24916666666667
 10
191.91816666666665
 20
173.37616666666665
 10
191.85466666666667
 20
173.4185
 10
191.81233333333333
 20
173.4185
 10
191.72766666666666
 20
173.46083333333334
 10
191.516
 20
173.67249999999999
 10
191.47366666666667
 20
173.75716666666665
 10
191.47366666666667
 20
173.7995
 10
191.38899999999998
 20
173.94766666666666
 10
191.36783333333332
 20
174.01116666666667
 10
191.34666666666666
 20
174.07466666666667
 10
191.3255
 20
174.13816666666665
 10
191.30433333333332
 20
174.20166666666665
 10
191.28316666666666
 20
174.28633333333332
 10
191.262
 20
174.39216666666667
 10
191.262
 20
174.8155
 10
191.28316666666666
 20
174.9425
 10
191.30433333333332
 20
175.02716666666666
 10
191.3255
 20
175.09066666666666
 10
191.41016666666667
 20
175.23883333333333
 10
191.41016666666667
 20
175.28116666666665
 10
191.516
 20
175.49283333333332
 10
191.55833333333334
 20
175.55633333333333
 10
191.60066666666665
 20
175.61983333333333
 10
191.7065
 20
175.72566666666665
 10
191.76999999999998
 20
175.768
 10
191.8335
 20
175.78916666666666
 10
191.897
 20
175.8315
 10
191.98166666666665
 20
175.91616666666667
 10
192.04516666666666
 20
175.9585
 10
192.0875
 20
175.97966666666667
 10
192.12983333333332
 20
175.97966666666667
 10
192.23566666666667
 20
176.04316666666665
 10
192.278
 20
176.04316666666665
 10
192.3415
 20
176.0855
 10
192.42616666666666
 20
176.10666666666665
 10
192.48966666666666
 20
176.12783333333334
 10
192.55316666666667
 20
176.149
 10
192.63783333333333
 20
176.17016666666666
  0
LWPOLYLINE
  5
55
330
17
100
AcDbEntity
  8
0
100
AcDbPolyline
 90
53
 70
1
 10
163.34316666666666
 20
181.39833333333334
 10
163.576
 20
181.39833333333334
 10
163.66066666666666
 20
181.37716666666665
 10
163.74533333333332
 20
181.33483333333334
 10
163.82999999999998
 20
181.27133333333333
 10
163.87233333333333
 20
181.22899999999998
 10
163.93583333333333
 20
181.20783333333333
 10
163.99933333333334
 20
181.14433333333332
 10
164.04166666666666
 20
181.102
 10
164.084
 20
181.05966666666666
 10
164.10516666666666
 20
180.99616666666665
 10
164.1475
 20
180.95383333333334
 10
164.18983333333333
 20
180.89033333333333
 10
164.25333333333333
 20
180.76333333333332
 10
164.2745
 20
180.67866666666666
 10
164.2745
 20
180.48816666666667
 10
164.25333333333333
 20
180.36116666666666
 10
164.23216666666667
 20
180.29766666666666
 10
164.21099999999998
 20
180.23416666666665
 10
164.18983333333333
 20
180.17066666666665
 10
164.16866666666667
 20
180.10716666666667
 10
164.1475
 20
180.04366666666667
 10
164.12633333333332
 20
180.00133333333332
 10
164.04166666666666
 20
179.91666666666666
 10
163.957
 20
179.87433333333334
 10
163.80883333333333
 20
179.72616666666667
 10
163.72416666666666
 20
179.68383333333333
 10
163.68183333333332
 20
179.68383333333333
 10
163.61833333333334
 20
179.6415
 10
163.49133333333333
 20
179.6415
 10
163.3855
 20
179.70499999999998
 10
163.322
 20
179.72616666666667
 10
163.08916666666667
 20
179.72616666666667
 10
163.02566666666667
 20
179.74733333333333
 10
162.941
 20
179.78966666666665
 10
162.8775
 20
179.832
 10
162.77166666666668
 20
179.93783333333332
 10
162.7505
 20
179.98016666666666
 10
162.7505
 20
180.06483333333333
 10
162.72933333333333
 20
180.10716666666667
 10
162.68699999999998
 20
180.1495
 10
162.6235
 20
180.19183333333334
 10
162.60233333333332
 20
180.23416666666665
 10
162.60233333333332
 20
180.38233333333332
 10
162.6235
 20
180.67866666666666
 10
162.64466666666667
 20
180.74216666666666
 10
162.70816666666667
 20
180.84799999999998
 10
162.70816666666667
 20
180.9115
 10
162.72933333333333
 20
180.975
 10
162.77166666666668
 20
181.05966666666666
 10
163.0045
 20
181.2925
 10
163.1315
 20
181.356
 10
163.195
 20
181.37716666666665
  0
LWPOLYLINE
  5
56
330
17
100
AcDbEntity
  8
0
100
AcDbPolyline
 90
363
 70
1
 10
169.24866666666665
 20
182.626
 10
169.26983333333334
 20
182.64716666666666
 10
169.46033333333332
 20
182.64716666666666
 10
169.52383333333333
 20
182.60483333333332
 10
169.56616666666667
 20
182.60483333333332
 10
169.62966666666665
 20
182.5625
 10
169.672
 20
182.5625
 10
169.7355
 20
182.54133333333334
 10
169.77783333333332
 20
182.52016666666665
 10
170.01066666666665
 20
182.30849999999998
 10
170.28583333333333
 20
182.01216666666667
 10
170.41283333333334
 20
181.88516666666666
 10
170.53983333333332
 20
181.8005
 10
170.85733333333332
 20
181.46183333333332
 10
171.15366666666665
 20
181.18666666666667
 10
171.21716666666666
 20
181.12316666666666
 10
171.30183333333332
 20
180.99616666666665
 10
171.42883333333333
 20
180.86916666666667
 10
172.00033333333332
 20
180.29766666666666
 10
172.10616666666667
 20
180.19183333333334
 10
172.25433333333334
 20
180.08599999999998
 10
172.42366666666666
 20
179.91666666666666
 10
172.69883333333334
 20
179.6415
 10
172.76233333333332
 20
179.578
 10
172.82583333333332
 20
179.49333333333334
 10
172.91049999999998
 20
179.42983333333333
 10
173.01633333333334
 20
179.36633333333333
 10
173.20683333333332
 20
179.17583333333332
 10
173.29149999999998
 20
179.07
 10
173.33383333333333
 20
178.98533333333333
 10
173.46083333333334
 20
178.85833333333332
 10
173.71483333333333
 20
178.6255
 10
173.99
 20
178.32916666666665
 10
174.244
 20
178.1175
 10
174.43449999999999
 20
177.927
 10
174.54033333333334
 20
177.77883333333332
 10
174.73083333333332
 20
177.58833333333334
 10
174.98483333333334
 20
177.37666666666667
 10
175.72566666666665
 20
176.65699999999998
 10
176.10666666666665
 20
176.25483333333332
 10
176.25483333333332
 20
176.10666666666665
 10
176.53
 20
175.87383333333332
 10
176.9745
 20
175.40816666666666
 10
177.03799999999998
 20
175.34466666666665
 10
177.12266666666667
 20
175.28116666666665
 10
177.292
 20
175.09066666666666
 10
177.33433333333332
 20
175.04833333333332
 10
177.69416666666666
 20
174.6885
 10
177.79999999999998
 20
174.625
 10
177.88466666666667
 20
174.54033333333334
 10
178.8795
 20
173.5455
 10
179.04883333333333
 20
173.37616666666665
 10
179.2605
 20
173.14333333333332
 10
180.2765
 20
172.14849999999998
 10
181.01733333333334
 20
171.45
 10
181.22899999999998
 20
171.23833333333332
 10
181.5465
 20
170.89966666666666
 10
182.32966666666667
 20
170.1165
 10
182.37199999999999
 20
170.07416666666666
 10
182.73183333333333
 20
169.75666666666666
 10
182.83766666666665
 20
169.65083333333334
 10
183.09166666666667
 20
169.37566666666666
 10
184.17116666666666
 20
168.31733333333332
 10
184.63683333333333
 20
167.894
 10
184.912
 20
167.61883333333333
 10
185.06016666666667
 20
167.42833333333334
 10
185.166
 20
167.3225
 10
185.31416666666667
 20
167.19549999999998
 10
185.35649999999998
 20
167.132
 10
185.37766666666667
 20
167.08966666666666
 10
185.39883333333333
 20
166.98383333333334
 10
185.39883333333333
 20
166.92033333333333
 10
185.37766666666667
 20
166.66633333333334
 10
185.35649999999998
 20
166.60283333333334
 10
185.33533333333332
 20
166.53933333333333
 10
185.293
 20
166.47583333333333
 10
185.25066666666666
 20
166.41233333333332
 10
185.08133333333333
 20
166.26416666666665
 10
184.99666666666667
 20
166.1795
 10
184.912
 20
166.0525
 10
184.67916666666667
 20
165.81966666666665
 10
184.29816666666667
 20
165.45983333333334
 10
184.04416666666665
 20
165.1635
 10
183.9595
 20
165.07883333333334
 10
183.79016666666666
 20
164.93066666666667
 10
183.74783333333332
 20
164.846
 10
183.36683333333332
 20
164.465
 10
183.34566666666666
 20
164.4015
 10
183.30333333333334
 20
164.338
 10
183.23983333333334
 20
164.2745
 10
183.17633333333333
 20
164.25333333333333
 10
183.11283333333333
 20
164.21099999999998
 10
182.96466666666666
 20
164.04166666666666
 10
182.71066666666667
 20
163.80883333333333
 10
182.37199999999999
 20
163.44899999999998
 10
182.32966666666667
 20
163.3855
 10
182.30849999999998
 20
163.322
 10
182.26616666666666
 20
163.27966666666666
 10
182.13916666666665
 20
163.17383333333333
 10
182.13916666666665
 20
163.1315
 10
182.118
 20
163.08916666666667
 10
182.0545
 20
163.02566666666667
 10
182.01216666666667
 20
163.0045
 10
181.96983333333333
 20
163.0045
 10
181.88516666666666
 20
162.96216666666666
 10
181.82166666666666
 20
162.91983333333332
 10
181.75816666666665
 20
162.8775
 10
181.37716666666665
 20
162.4965
 10
181.31366666666665
 20
162.39066666666668
 10
181.102
 20
162.179
 10
180.95383333333334
 20
162.07316666666665
 10
180.82683333333333
 20
161.96733333333333
 10
180.7845
 20
161.92499999999998
 10
180.63633333333334
 20
161.75566666666666
 10
180.57283333333334
 20
161.64983333333333
 10
180.4035
 20
161.4805
 10
180.36116666666666
 20
161.43816666666666
 10
180.29766666666666
 20
161.3535
 10
180.19183333333334
 20
161.24766666666667
 10
180.10716666666667
 20
161.20533333333333
 10
180.04366666666667
 20
161.16299999999998
 10
179.959
 20
161.07833333333332
 10
179.832
 20
160.95133333333334
 10
179.78966666666665
 20
160.909
 10
179.72616666666667
 20
160.80316666666667
 10
179.68383333333333
 20
160.76083333333332
 10
179.59916666666666
 20
160.7185
 10
179.5145
 20
160.61266666666666
 10
179.47216666666665
 20
160.57033333333334
 10
179.02766666666668
 20
160.16816666666665
 10
178.96416666666667
 20
160.10466666666667
 10
178.77366666666666
 20
159.893
 10
178.73133333333334
 20
159.85066666666665
 10
178.66783333333333
 20
159.78716666666665
 10
178.64666666666668
 20
159.72366666666667
 10
178.3715
 20
159.46966666666665
 10
178.26566666666668
 20
159.36383333333333
 10
178.22333333333333
 20
159.30033333333333
 10
178.20216666666667
 20
159.23683333333332
 10
177.94816666666665
 20
158.96166666666667
 10
177.84233333333333
 20
158.85583333333332
 10
177.75766666666667
 20
158.79233333333332
 10
177.58833333333334
 20
158.70766666666665
 10
177.52483333333333
 20
158.6865
 10
177.44016666666667
 20
158.66533333333334
 10
177.27083333333331
 20
158.66533333333334
 10
177.18616666666665
 20
158.6865
 10
177.12266666666667
 20
158.70766666666665
 10
177.05916666666667
 20
158.72883333333334
 10
177.01683333333332
 20
158.75
 10
176.95333333333332
 20
158.79233333333332
 10
176.86866666666666
 20
158.85583333333332
 10
176.53
 20
159.21566666666666
 10
176.29716666666667
 20
159.42733333333334
 10
176.19133333333332
 20
159.53316666666666
 10
176.12783333333334
 20
159.63899999999998
 10
175.7045
 20
160.04116666666667
 10
175.61983333333333
 20
160.147
 10
175.55633333333333
 20
160.2105
 10
175.15416666666667
 20
160.5915
 10
175.04833333333332
 20
160.655
 10
174.98483333333334
 20
160.7185
 10
174.90016666666665
 20
160.8455
 10
174.85783333333333
 20
160.88783333333333
 10
174.77316666666667
 20
160.95133333333334
 10
174.70966666666666
 20
160.9725
 10
174.58266666666665
 20
161.0995
 10
174.54033333333334
 20
161.18416666666667
 10
174.498
 20
161.2265
 10
174.39216666666667
 20
161.31116666666665
 10
174.1805
 20
161.54399999999998
 10
174.117
 20
161.58633333333333
 10
174.03233333333333
 20
161.62866666666667
 10
173.71483333333333
 20
161.94616666666667
 10
173.67249999999999
 20
162.03083333333333
 10
173.63016666666667
 20
162.09433333333334
 10
173.4185
 20
162.28483333333332
 10
173.29149999999998
 20
162.41183333333333
 10
173.24916666666667
 20
162.4965
 10
173.20683333333332
 20
162.53883333333332
 10
173.12216666666666
 20
162.58116666666666
 10
173.01633333333334
 20
162.68699999999998
 10
172.974
 20
162.77166666666668
 10
172.91049999999998
 20
162.83516666666665
 10
172.847
 20
162.8775
 10
172.7835
 20
162.91983333333332
 10
172.6565
 20
162.98333333333332
 10
172.61416666666665
 20
162.98333333333332
 10
172.55066666666667
 20
163.0045
 10
172.50833333333333
 20
163.02566666666667
 10
172.44483333333332
 20
163.06799999999998
 10
172.38133333333332
 20
163.1315
 10
172.36016666666666
 20
163.17383333333333
 10
172.36016666666666
 20
163.21616666666665
 10
172.339
 20
163.2585
 10
172.2755
 20
163.322
 10
172.23316666666665
 20
163.42783333333333
 10
172.16966666666667
 20
163.49133333333333
 10
172.04266666666666
 20
163.59716666666665
 10
172.00033333333332
 20
163.6395
 10
171.74633333333333
 20
163.8935
 10
171.47116666666668
 20
164.18983333333333
 10
171.38649999999998
 20
164.31683333333334
 10
171.23833333333332
 20
164.4015
 10
171.02666666666667
 20
164.59199999999998
 10
170.83616666666666
 20
164.7825
 10
170.79383333333334
 20
164.86716666666666
 10
170.688
 20
164.97299999999998
 10
170.58216666666667
 20
165.0365
 10
170.24349999999998
 20
165.37516666666667
 10
170.20116666666667
 20
165.45983333333334
 10
170.15883333333332
 20
165.50216666666665
 10
169.9895
 20
165.62916666666666
 10
169.69316666666666
 20
165.90433333333334
 10
169.62966666666665
 20
165.96783333333332
 10
169.56616666666667
 20
166.0525
 10
169.48149999999998
 20
166.1795
 10
169.31216666666666
 20
166.37
 10
169.164
 20
166.47583333333333
 10
169.037
 20
166.58166666666665
 10
168.88883333333334
 20
166.751
 10
168.80416666666667
 20
166.83566666666667
 10
168.67716666666666
 20
166.9415
 10
168.48666666666665
 20
167.15316666666666
 10
168.33849999999998
 20
167.259
 10
168.23266666666666
 20
167.36483333333334
 10
168.16916666666665
 20
167.47066666666666
 10
167.91516666666666
 20
167.7035
 10
167.767
 20
167.85166666666666
 10
167.72466666666665
 20
167.894
 10
167.68233333333333
 20
167.93633333333332
 10
167.59766666666667
 20
167.97866666666667
 10
167.49183333333332
 20
168.0845
 10
167.4495
 20
168.148
 10
167.42833333333334
 20
168.2115
 10
167.34366666666665
 20
168.29616666666666
 10
167.23783333333333
 20
168.35966666666667
 10
167.17433333333332
 20
168.42316666666667
 10
167.11083333333332
 20
168.529
 10
167.04733333333334
 20
168.5925
 10
166.96266666666665
 20
168.63483333333332
 10
166.92033333333333
 20
168.67716666666666
 10
166.878
 20
168.74066666666667
 10
166.83566666666667
 20
168.82533333333333
 10
166.77216666666666
 20
168.88883333333334
 10
166.624
 20
169.01583333333332
 10
166.51816666666667
 20
169.07933333333332
 10
166.32766666666666
 20
169.26983333333334
 10
166.13716666666667
 20
169.48149999999998
 10
165.94666666666666
 20
169.62966666666665
 10
165.6715
 20
169.90483333333333
 10
165.65033333333332
 20
169.96833333333333
 10
165.5445
 20
170.07416666666666
 10
165.45983333333334
 20
170.1165
 10
165.4175
 20
170.1165
 10
165.26933333333332
 20
170.28583333333333
 10
165.1635
 20
170.3705
 10
165.1
 20
170.434
 10
165.05766666666665
 20
170.4975
 10
165.01533333333333
 20
170.60333333333332
 10
164.97299999999998
 20
170.64566666666667
 10
164.9095
 20
170.688
 10
164.846
 20
170.70916666666668
 10
164.69783333333334
 20
170.85733333333332
 10
164.59199999999998
 20
170.92083333333332
 10
164.42266666666666
 20
171.09016666666668
 10
164.38033333333334
 20
171.15366666666665
 10
164.338
 20
171.23833333333332
 10
163.8935
 20
171.66166666666666
 10
163.82999999999998
 20
171.72516666666667
 10
163.78766666666667
 20
171.80983333333333
 10
163.72416666666666
 20
171.87333333333333
 10
163.6395
 20
171.91566666666665
 10
163.49133333333333
 20
172.06383333333332
 10
163.42783333333333
 20
172.16966666666667
 10
163.3855
 20
172.212
 10
163.21616666666665
 20
172.36016666666666
 10
163.11033333333333
 20
172.4025
 10
163.04683333333332
 20
172.466
 10
163.0045
 20
172.55066666666667
 10
162.96216666666666
 20
172.593
 10
162.7505
 20
172.7835
 10
162.68699999999998
 20
172.88933333333333
 10
162.60233333333332
 20
172.93166666666667
 10
162.53883333333332
 20
172.974
 10
162.45416666666665
 20
173.05866666666665
 10
162.433
 20
173.12216666666666
 10
162.30599999999998
 20
173.24916666666667
 10
162.09433333333334
 20
173.46083333333334
 10
162.03083333333333
 20
173.52433333333332
 10
161.94616666666667
 20
173.56666666666666
 10
161.8615
 20
173.65133333333333
 10
161.77683333333331
 20
173.75716666666665
 10
161.64983333333333
 20
173.84183333333334
 10
161.54399999999998
 20
173.94766666666666
 10
161.43816666666666
 20
174.117
 10
161.33233333333334
 20
174.22283333333334
 10
161.33233333333334
 20
174.26516666666666
 10
161.26883333333333
 20
174.37099999999998
 10
161.24766666666667
 20
174.43449999999999
 10
161.24766666666667
 20
174.64616666666666
 10
161.26883333333333
 20
174.6885
 10
161.417
 20
174.85783333333333
 10
161.6075
 20
175.0695
 10
161.77683333333331
 20
175.23883333333333
 10
161.88266666666667
 20
175.30233333333334
 10
161.94616666666667
 20
175.36583333333334
 10
161.96733333333333
 20
175.40816666666666
 10
161.96733333333333
 20
175.53516666666667
 10
162.00966666666667
 20
175.5775
 10
162.052
 20
175.5775
 10
162.13666666666666
 20
175.61983333333333
 10
162.2425
 20
175.7045
 10
162.34833333333333
 20
175.78916666666666
 10
162.47533333333334
 20
175.91616666666667
 10
162.66583333333332
 20
176.10666666666665
 10
162.70816666666667
 20
176.149
 10
162.8775
 20
176.36066666666667
 10
163.23733333333334
 20
176.7205
 10
163.2585
 20
176.784
 10
163.322
 20
176.8475
 10
163.40666666666667
 20
176.8898333333333
 10
163.74533333333332
 20
177.20733333333334
 10
164.10516666666666
 20
177.56716666666665
 10
164.21099999999998
 20
177.69416666666666
 10
164.25333333333333
 20
177.77883333333332
 10
164.25333333333333
 20
177.82116666666667
 10
164.2745
 20
177.8635
 10
164.35916666666665
 20
177.94816666666665
 10
164.50733333333332
 20
178.01166666666666
 10
164.57083333333333
 20
178.054
 10
164.80366666666666
 20
178.26566666666668
 10
164.97299999999998
 20
178.435
 10
165.4175
 20
178.8795
 10
165.58683333333332
 20
179.04883333333333
 10
165.6715
 20
179.17583333333332
 10
165.81966666666665
 20
179.32399999999998
 10
166.09483333333333
 20
179.55683333333332
 10
166.22183333333334
 20
179.68383333333333
 10
166.6875
 20
180.1495
 10
166.83566666666667
 20
180.29766666666666
 10
166.85683333333333
 20
180.34
 10
166.85683333333333
 20
180.38233333333332
 10
166.878
 20
180.42466666666667
 10
167.02616666666665
 20
180.55166666666665
 10
167.11083333333332
 20
180.63633333333334
 10
167.15316666666666
 20
180.721
 10
167.21666666666667
 20
180.7845
 10
167.259
 20
180.7845
 10
167.3225
 20
180.80566666666667
 10
167.36483333333334
 20
180.82683333333333
 10
167.91516666666666
 20
181.39833333333334
 10
167.97866666666667
 20
181.46183333333332
 10
168.148
 20
181.60999999999999
 10
168.2115
 20
181.71583333333334
 10
168.38083333333333
 20
181.90633333333332
 10
168.71949999999998
 20
182.26616666666666
 10
168.80416666666667
 20
182.35083333333333
 10
168.91
 20
182.41433333333333
 10
169.01583333333332
 20
182.52016666666665
 10
169.07933333333332
 20
182.5625
 10
169.164
 20
182.60483333333332
 10
169.20633333333333
 20
182.60483333333332
  0
LWPOLYLINE
  5
57
330
17
100
AcDbEntity
  8
0
100
AcDbPolyline
 90
121
 70
1
 10
180.84799999999998
 20
184.61566666666667
 10
181.0385
 20
184.61566666666667
 10
181.20783333333333
 20
184.59449999999998
 10
181.31366666666665
 20
184.57333333333332
 10
181.37716666666665
 20
184.55216666666666
 10
181.44066666666666
 20
184.531
 10
181.50416666666666
 20
184.50983333333332
 10
181.58883333333333
 20
184.48866666666666
 10
181.71583333333334
 20
184.42516666666666
 10
181.77933333333334
 20
184.38283333333334
 10
181.84283333333332
 20
184.3405
 10
182.09683333333334
 20
184.0865
 10
182.5625
 20
183.59966666666665
 10
182.92233333333334
 20
183.261
 10
183.17633333333333
 20
183.04933333333332
 10
183.261
 20
182.96466666666666
 10
183.53616666666667
 20
182.64716666666666
 10
183.896
 20
182.28733333333332
 10
184.15
 20
182.07566666666665
 10
184.29816666666667
 20
181.90633333333332
 10
184.3405
 20
181.864
 10
184.4463333333333
 20
181.77933333333334
 10
184.63683333333333
 20
181.56766666666667
 10
184.93316666666666
 20
181.2925
 10
185.33533333333332
 20
180.86916666666667
 10
185.84333333333333
 20
180.36116666666666
 10
185.94916666666666
 20
180.25533333333334
 10
186.66883333333334
 20
179.55683333333332
 10
186.71116666666666
 20
179.5145
 10
186.817
 20
179.42983333333333
 10
186.85933333333332
 20
179.3875
 10
187.02866666666665
 20
179.197
 10
187.09216666666666
 20
179.07
 10
187.11333333333332
 20
179.0065
 10
187.11333333333332
 20
178.96416666666667
 10
187.17683333333332
 20
178.85833333333332
 10
187.198
 20
178.79483333333332
 10
187.198
 20
178.45616666666666
 10
187.17683333333332
 20
178.308
 10
187.15566666666666
 20
178.22333333333333
 10
187.09216666666666
 20
178.09633333333332
 10
187.04983333333334
 20
178.054
 10
187.04983333333334
 20
178.01166666666666
 10
187.02866666666665
 20
177.96933333333334
 10
186.7535
 20
177.69416666666666
 10
186.71116666666666
 20
177.6095
 10
186.49949999999998
 20
177.41899999999998
 10
186.3725
 20
177.292
 10
186.35133333333332
 20
177.24966666666666
 10
186.35133333333332
 20
177.14383333333333
 10
186.28783333333334
 20
177.08033333333333
 10
186.09733333333332
 20
176.99566666666666
 10
185.82216666666667
 20
176.69933333333333
 10
185.77983333333333
 20
176.65699999999998
 10
185.547
 20
176.4665
 10
185.37766666666667
 20
176.27599999999998
 10
185.293
 20
176.19133333333332
 10
185.2295
 20
176.149
 10
185.06016666666667
 20
176.06433333333334
 10
184.99666666666667
 20
176.04316666666665
 10
184.8485
 20
176.022
 10
184.61566666666667
 20
176.022
 10
184.277
 20
176.04316666666665
 10
184.21349999999998
 20
176.06433333333334
 10
184.17116666666666
 20
176.0855
 10
184.10766666666666
 20
176.12783333333334
 10
184.04416666666665
 20
176.17016666666666
 10
183.98066666666665
 20
176.2125
 10
183.85366666666667
 20
176.36066666666667
 10
183.79016666666666
 20
176.42416666666665
 10
183.642
 20
176.55116666666666
 10
183.49383333333333
 20
176.7205
 10
183.17633333333333
 20
177.03799999999998
 10
183.07049999999998
 20
177.14383333333333
 10
182.85883333333334
 20
177.33433333333332
 10
182.68949999999998
 20
177.46133333333333
 10
182.58366666666666
 20
177.56716666666665
 10
181.56766666666667
 20
178.60433333333333
 10
181.08083333333332
 20
179.04883333333333
 10
180.95383333333334
 20
179.17583333333332
 10
180.82683333333333
 20
179.32399999999998
 10
180.46699999999998
 20
179.6415
 10
180.42466666666667
 20
179.68383333333333
 10
180.23416666666665
 20
179.87433333333334
 10
180.19183333333334
 20
179.91666666666666
 10
180.0225
 20
180.10716666666667
 10
179.91666666666666
 20
180.17066666666665
 10
179.87433333333334
 20
180.213
 10
179.81083333333333
 20
180.31883333333332
 10
179.7685
 20
180.36116666666666
 10
179.5145
 20
180.61516666666665
 10
179.30283333333333
 20
180.82683333333333
 10
178.96416666666667
 20
181.12316666666666
 10
178.8795
 20
181.20783333333333
 10
178.79483333333332
 20
181.31366666666665
 10
178.7525
 20
181.4195
 10
178.71016666666665
 20
181.483
 10
178.6255
 20
181.56766666666667
 10
178.60433333333333
 20
181.60999999999999
 10
178.58316666666667
 20
181.6735
 10
178.56199999999998
 20
181.737
 10
178.54083333333332
 20
181.82166666666666
 10
178.51966666666667
 20
181.90633333333332
 10
178.51966666666667
 20
182.28733333333332
 10
178.54083333333332
 20
182.35083333333333
 10
178.60433333333333
 20
182.45666666666665
 10
178.60433333333333
 20
182.499
 10
178.64666666666668
 20
182.5625
 10
178.64666666666668
 20
182.60483333333332
 10
178.66783333333333
 20
182.64716666666666
 10
178.73133333333334
 20
182.73183333333333
 10
179.42983333333333
 20
183.45149999999998
 10
179.7685
 20
183.769
 10
179.98016666666666
 20
183.98066666666665
 10
180.23416666666665
 20
184.277
 10
180.34
 20
184.38283333333334
 10
180.42466666666667
 20
184.4463333333333
 10
180.50933333333333
 20
184.48866666666666
 10
180.55166666666665
 20
184.48866666666666
 10
180.69983333333332
 20
184.57333333333332
 10
180.76333333333332
 20
184.59449999999998
  0
LWPOLYLINE
  5
58
330
17
100
AcDbEntity
  8
0
100
AcDbPolyline
 90
257
 70
1
 10
182.64716666666666
 20
190.58466666666666
 10
182.79533333333333
 20
190.58466666666666
 10
182.85883333333334
 20
190.5635
 10
182.92233333333334
 20
190.54233333333332
 10
183.007
 20
190.5
 10
183.07049999999998
 20
190.5
 10
183.15516666666667
 20
190.45766666666665
 10
183.21866666666665
 20
190.45766666666665
 10
183.30333333333334
 20
190.41533333333334
 10
183.36683333333332
 20
190.39416666666665
 10
183.43033333333332
 20
190.373
 10
183.53616666666667
 20
190.35183333333333
 10
183.642
 20
190.33066666666667
 10
183.72666666666666
 20
190.33066666666667
 10
183.81133333333332
 20
190.30949999999999
 10
183.896
 20
190.28833333333333
 10
183.9595
 20
190.26716666666667
 10
184.04416666666665
 20
190.24599999999998
 10
184.12883333333332
 20
190.20366666666666
 10
184.21349999999998
 20
190.1825
 10
184.29816666666667
 20
190.16133333333332
 10
184.36166666666665
 20
190.16133333333332
 10
184.4463333333333
 20
190.14016666666666
 10
184.55216666666666
 20
190.119
 10
184.63683333333333
 20
190.09783333333334
 10
184.70033333333333
 20
190.07666666666665
 10
184.76383333333334
 20
190.0555
 10
184.86966666666666
 20
190.01316666666665
 10
184.93316666666666
 20
189.992
 10
185.01783333333333
 20
189.97083333333333
 10
185.1025
 20
189.94966666666667
 10
185.18716666666666
 20
189.94966666666667
 10
185.27183333333332
 20
189.92849999999999
 10
185.35649999999998
 20
189.88616666666667
 10
185.44116666666667
 20
189.86499999999998
 10
185.52583333333334
 20
189.84383333333332
 10
185.58933333333331
 20
189.82266666666666
 10
185.674
 20
189.8015
 10
185.75866666666667
 20
189.78033333333332
 10
185.84333333333333
 20
189.75916666666666
 10
185.928
 20
189.738
 10
186.01266666666666
 20
189.71683333333334
 10
186.09733333333332
 20
189.69566666666665
 10
186.182
 20
189.6745
 10
186.2455
 20
189.65333333333334
 10
186.33016666666666
 20
189.63216666666665
 10
186.436
 20
189.611
 10
186.49949999999998
 20
189.611
 10
186.58416666666668
 20
189.58983333333333
 10
186.66883333333334
 20
189.54749999999999
 10
186.7535
 20
189.52633333333333
 10
186.83816666666667
 20
189.50516666666667
 10
186.92283333333333
 20
189.50516666666667
 10
187.02866666666665
 20
189.48399999999998
 10
187.11333333333332
 20
189.46283333333332
 10
187.198
 20
189.4205
 10
187.28266666666667
 20
189.39933333333332
 10
187.36733333333333
 20
189.39933333333332
 10
187.452
 20
189.37816666666666
 10
187.53666666666666
 20
189.357
 10
187.60016666666667
 20
189.33583333333334
 10
187.66366666666667
 20
189.31466666666665
 10
187.74833333333333
 20
189.2935
 10
187.81183333333334
 20
189.27233333333334
 10
187.87533333333332
 20
189.25116666666665
 10
187.96
 20
189.23
 10
188.04466666666667
 20
189.18766666666667
 10
188.12933333333334
 20
189.16649999999998
 10
188.19283333333334
 20
189.14533333333333
 10
188.25633333333332
 20
189.12416666666667
 10
188.341
 20
189.103
 10
188.40449999999998
 20
189.08183333333332
 10
188.48916666666665
 20
189.06066666666666
 10
188.57383333333334
 20
189.0395
 10
188.6585
 20
189.0395
 10
188.74316666666667
 20
189.01833333333332
 10
188.82783333333333
 20
188.99716666666666
 10
188.9125
 20
188.95483333333334
 10
188.976
 20
188.93366666666665
 10
189.06066666666666
 20
188.9125
 10
189.12416666666667
 20
188.89133333333334
 10
189.23
 20
188.87016666666665
 10
189.357
 20
188.87016666666665
 10
189.4205
 20
188.849
 10
189.50516666666667
 20
188.82783333333333
 10
189.58983333333333
 20
188.78549999999998
 10
189.6745
 20
188.76433333333333
 10
189.75916666666666
 20
188.76433333333333
 10
189.84383333333332
 20
188.74316666666667
 10
189.92849999999999
 20
188.722
 10
190.01316666666665
 20
188.70083333333332
 10
190.09783333333334
 20
188.67966666666666
 10
190.1825
 20
188.6585
 10
190.26716666666667
 20
188.63733333333332
 10
190.39416666666665
 20
188.57383333333334
 10
190.5
 20
188.468
 10
190.52116666666666
 20
188.40449999999998
 10
190.52116666666666
 20
188.31983333333332
 10
190.5
 20
188.23516666666666
 10
190.45766666666665
 20
188.17166666666665
 10
190.45766666666665
 20
188.12933333333334
 10
190.41533333333334
 20
188.06583333333333
 10
190.39416666666665
 20
188.00233333333333
 10
190.373
 20
187.91766666666666
 10
190.35183333333333
 20
187.833
 10
190.33066666666667
 20
187.7695
 10
190.33066666666667
 20
187.68483333333333
 10
190.30949999999999
 20
187.60016666666667
 10
190.26716666666667
 20
187.5155
 10
190.24599999999998
 20
187.452
 10
190.22483333333332
 20
187.36733333333333
 10
190.20366666666666
 20
187.28266666666667
 10
190.1825
 20
187.198
 10
190.16133333333332
 20
187.11333333333332
 10
190.16133333333332
 20
187.02866666666665
 10
190.119
 20
186.944
 10
190.119
 20
186.85933333333332
 10
190.09783333333334
 20
186.79583333333332
 10
190.07666666666665
 20
186.71116666666666
 10
190.0555
 20
186.6265
 10
190.01316666666665
 20
186.54183333333333
 10
189.992
 20
186.45716666666667
 10
189.992
 20
186.3725
 10
189.97083333333333
 20
186.28783333333334
 10
189.94966666666667
 20
186.20316666666668
 10
189.92849999999999
 20
186.13966666666667
 10
189.90733333333333
 20
186.055
 10
189.86499999999998
 20
185.9915
 10
189.86499999999998
 20
185.94916666666666
 10
189.82266666666666
 20
185.88566666666665
 10
189.82266666666666
 20
185.84333333333333
 10
189.78033333333332
 20
185.75866666666667
 10
189.69566666666665
 20
185.674
 10
189.63216666666665
 20
185.65283333333332
 10
189.56866666666667
 20
185.65283333333332
 10
189.46283333333332
 20
185.674
 10
189.37816666666666
 20
185.69516666666667
 10
189.31466666666665
 20
185.71633333333332
 10
189.23
 20
185.73749999999998
 10
189.14533333333333
 20
185.77983333333333
 10
189.06066666666666
 20
185.801
 10
188.976
 20
185.82216666666667
 10
188.89133333333334
 20
185.84333333333333
 10
188.80666666666667
 20
185.8645
 10
188.722
 20
185.88566666666665
 10
188.63733333333332
 20
185.88566666666665
 10
188.55266666666665
 20
185.90683333333334
 10
188.468
 20
185.94916666666666
 10
188.40449999999998
 20
185.97033333333331
 10
188.2775
 20
185.97033333333331
 10
188.17166666666665
 20
185.9915
 10
188.10816666666665
 20
186.01266666666666
 10
188.04466666666667
 20
186.03383333333332
 10
187.98116666666667
 20
186.055
 10
187.8965
 20
186.09733333333332
 10
187.833
 20
186.11849999999998
 10
187.7695
 20
186.13966666666667
 10
187.66366666666667
 20
186.16083333333333
 10
187.60016666666667
 20
186.16083333333333
 10
187.53666666666666
 20
186.182
 10
187.43083333333334
 20
186.22433333333333
 10
187.36733333333333
 20
186.2455
 10
187.30383333333333
 20
186.26666666666665
 10
187.17683333333332
 20
186.28783333333334
 10
187.02866666666665
 20
186.28783333333334
 10
186.92283333333333
 20
186.309
 10
186.85933333333332
 20
186.33016666666666
 10
186.77466666666666
 20
186.35133333333332
 10
186.54183333333333
 20
186.47833333333332
 10
186.47833333333332
 20
186.49949999999998
 10
186.3725
 20
186.52066666666667
 10
186.182
 20
186.52066666666667
 10
186.07616666666667
 20
186.58416666666668
 10
186.01266666666666
 20
186.60533333333333
 10
185.928
 20
186.6265
 10
185.84333333333333
 20
186.6265
 10
185.75866666666667
 20
186.66883333333334
 10
185.69516666666667
 20
186.69
 10
185.6105
 20
186.71116666666666
 10
185.50466666666665
 20
186.73233333333332
 10
185.42
 20
186.7535
 10
185.33533333333332
 20
186.7535
 10
185.25066666666666
 20
186.77466666666666
 10
185.18716666666666
 20
186.79583333333332
 10
185.1025
 20
186.817
 10
185.01783333333333
 20
186.83816666666667
 10
184.93316666666666
 20
186.88049999999998
 10
184.8485
 20
186.90166666666667
 10
184.76383333333334
 20
186.90166666666667
 10
184.67916666666667
 20
186.944
 10
184.59449999999998
 20
186.944
 10
184.48866666666666
 20
186.96516666666665
 10
184.42516666666666
 20
186.98633333333333
 10
184.31933333333333
 20
187.04983333333334
 10
184.25583333333333
 20
187.071
 10
184.17116666666666
 20
187.09216666666666
 10
183.896
 20
187.09216666666666
 10
183.83249999999998
 20
187.11333333333332
 10
183.74783333333332
 20
187.15566666666666
 10
183.7055
 20
187.198
 10
183.642
 20
187.21916666666667
 10
183.55733333333333
 20
187.24033333333333
 10
183.47266666666667
 20
187.26149999999998
 10
183.40916666666666
 20
187.28266666666667
 10
183.3245
 20
187.30383333333333
 10
183.23983333333334
 20
187.325
 10
183.134
 20
187.34616666666665
 10
182.92233333333334
 20
187.34616666666665
 10
182.83766666666665
 20
187.36733333333333
 10
182.73183333333333
 20
187.43083333333334
 10
182.66833333333332
 20
187.452
 10
182.60483333333332
 20
187.47316666666666
 10
182.41433333333333
 20
187.47316666666666
 10
182.35083333333333
 20
187.49433333333332
 10
182.28733333333332
 20
187.5155
 10
182.22383333333332
 20
187.55783333333332
 10
182.1815
 20
187.55783333333332
 10
182.118
 20
187.579
 10
182.0545
 20
187.62133333333333
 10
182.01216666666667
 20
187.62133333333333
 10
181.92749999999998
 20
187.66366666666667
 10
181.88516666666666
 20
187.706
 10
181.82166666666666
 20
187.7695
 10
181.82166666666666
 20
187.93883333333332
 10
181.84283333333332
 20
188.00233333333333
 10
181.864
 20
188.087
 10
181.88516666666666
 20
188.1505
 10
181.92749999999998
 20
188.23516666666666
 10
181.94866666666667
 20
188.29866666666666
 10
181.94866666666667
 20
188.38333333333333
 10
181.96983333333333
 20
188.468
 10
181.99099999999999
 20
188.5315
 10
182.03333333333333
 20
188.61616666666666
 10
182.0545
 20
188.67966666666666
 10
182.07566666666665
 20
188.74316666666667
 10
182.09683333333334
 20
188.82783333333333
 10
182.118
 20
188.9125
 10
182.13916666666665
 20
188.99716666666666
 10
182.16033333333334
 20
189.08183333333332
 10
182.1815
 20
189.16649999999998
 10
182.1815
 20
189.25116666666665
 10
182.20266666666666
 20
189.33583333333334
 10
182.22383333333332
 20
189.4205
 10
182.245
 20
189.50516666666667
 10
182.26616666666666
 20
189.58983333333333
 10
182.28733333333332
 20
189.65333333333334
 10
182.30849999999998
 20
189.738
 10
182.32966666666667
 20
189.82266666666666
 10
182.35083333333333
 20
189.88616666666667
 10
182.39316666666667
 20
189.97083333333333
 10
182.41433333333333
 20
190.03433333333334
 10
182.41433333333333
 20
190.119
 10
182.4355
 20
190.20366666666666
 10
182.45666666666665
 20
190.28833333333333
 10
182.47783333333334
 20
190.35183333333333
 10
182.52016666666665
 20
190.41533333333334
 10
182.52016666666665
 20
190.45766666666665
  0
LWPOLYLINE
  5
59
330
17
100
AcDbEntity
  8
0
100
AcDbPolyline
 90
1965
 70
1
 10
81.42816666666667
 20
199.79216666666667
 10
81.25883333333333
 20
199.74983333333333
 10
81.00483333333334
 20
199.74983333333333
 10
80.81433333333334
 20
199.72866666666667
 10
80.72966666666666
 20
199.68633333333332
 10
80.62383333333334
 20
199.68633333333332
 10
80.53916666666666
 20
199.66516666666666
 10
80.47566666666667
 20
199.644
 10
80.41216666666666
 20
199.62283333333332
 10
80.34866666666666
 20
199.60166666666666
 10
80.264
 20
199.5805
 10
80.17933333333333
 20
199.53816666666665
 10
80.11583333333333
 20
199.47466666666665
 10
80.0735
 20
199.4535
 10
79.98883333333333
 20
199.4535
 10
79.92533333333333
 20
199.43233333333333
 10
79.86183333333334
 20
199.41116666666667
 10
79.73483333333333
 20
199.34766666666667
 10
79.65016666666666
 20
199.28416666666666
 10
79.48083333333334
 20
199.11483333333334
 10
79.39616666666666
 20
199.0725
 10
79.33266666666667
 20
199.0725
 10
79.29033333333334
 20
199.05133333333333
 10
79.121
 20
198.882
 10
79.03633333333333
 20
198.83966666666666
 10
78.97283333333333
 20
198.79733333333334
 10
78.867
 20
198.67033333333333
 10
78.8035
 20
198.60683333333333
 10
78.65533333333333
 20
198.47983333333332
 10
78.613
 20
198.374
 10
78.5495
 20
198.3105
 10
78.38016666666667
 20
198.16233333333332
 10
78.33783333333334
 20
198.07766666666666
 10
78.33783333333334
 20
197.993
 10
78.2955
 20
197.90833333333333
 10
78.21083333333333
 20
197.82366666666667
 10
78.105
 20
197.76016666666666
 10
78.0415
 20
197.69666666666666
 10
78.02033333333333
 20
197.63316666666665
 10
78.02033333333333
 20
197.56966666666665
 10
77.95683333333334
 20
197.50616666666667
 10
77.89333333333333
 20
197.44266666666667
 10
77.87216666666666
 20
197.40033333333332
 10
77.87216666666666
 20
197.20983333333334
 10
77.851
 20
196.99816666666666
 10
77.724
 20
196.76533333333333
 10
77.70283333333333
 20
196.70183333333333
 10
77.70283333333333
 20
196.51133333333334
 10
77.6605
 20
196.4055
 10
77.6605
 20
196.13033333333334
 10
77.63933333333333
 20
196.088
 10
77.57583333333334
 20
196.0245
 10
77.5335
 20
195.96099999999998
 10
77.5335
 20
195.91866666666667
 10
77.47
 20
195.81283333333332
 10
77.47
 20
195.7705
 10
77.42766666666667
 20
195.707
 10
77.42766666666667
 20
195.55883333333333
 10
77.4065
 20
195.49533333333332
 10
77.36416666666666
 20
195.41066666666666
 10
77.36416666666666
 20
195.326
 10
77.343
 20
195.24133333333333
 10
77.32183333333333
 20
195.19899999999998
 10
77.2795
 20
195.1355
 10
77.23716666666667
 20
195.09316666666666
 10
77.216
 20
195.02966666666666
 10
77.216
 20
194.96616666666665
 10
77.19483333333334
 20
194.90266666666665
 10
77.13133333333333
 20
194.79683333333332
 10
77.11016666666666
 20
194.73333333333332
 10
77.089
 20
194.66983333333332
 10
77.06783333333333
 20
194.58516666666665
 10
77.06783333333333
 20
194.52166666666665
 10
77.0255
 20
194.45816666666667
 10
77.00433333333334
 20
194.39466666666667
 10
77.00433333333334
 20
194.2465
 10
76.98316666666666
 20
194.16183333333333
 10
76.91966666666667
 20
194.05599999999998
 10
76.91966666666667
 20
194.01366666666667
 10
76.8985
 20
193.95016666666666
 10
76.85616666666667
 20
193.8655
 10
76.62333333333333
 20
193.63266666666667
 10
76.581
 20
193.548
 10
76.581
 20
193.50566666666666
 10
76.5175
 20
193.37866666666667
 10
76.47516666666667
 20
193.33633333333333
 10
76.41166666666666
 20
193.18816666666666
 10
76.34816666666667
 20
193.1035
 10
76.30583333333333
 20
193.04
 10
76.22116666666666
 20
192.95533333333333
 10
76.2
 20
192.89183333333332
 10
76.2
 20
192.8495
 10
76.11533333333333
 20
192.70133333333334
 10
76.11533333333333
 20
192.659
 10
76.09416666666667
 20
192.61666666666667
 10
76.05183333333333
 20
192.55316666666667
 10
76.0095
 20
192.51083333333332
 10
75.92483333333332
 20
192.32033333333334
 10
75.84016666666666
 20
192.23566666666667
 10
75.79783333333333
 20
192.17216666666667
 10
75.7555
 20
192.10866666666666
 10
75.73433333333332
 20
192.04516666666666
 10
75.692
 20
192.0028333333333
 10
75.6285
 20
191.85466666666667
 10
75.54383333333332
 20
191.74883333333332
 10
75.33216666666667
 20
191.55833333333334
 10
75.28983333333333
 20
191.49483333333333
 10
75.2475
 20
191.43133333333333
 10
75.2475
 20
191.38899999999998
 10
75.20516666666667
 20
191.30433333333332
 10
75.14166666666667
 20
191.24083333333334
 10
75.057
 20
191.17733333333334
 10
74.9935
 20
191.11383333333333
 10
74.9935
 20
191.0715
 10
74.97233333333332
 20
191.02916666666667
 10
74.92999999999999
 20
190.96566666666666
 10
74.88766666666666
 20
190.90216666666666
 10
74.76066666666667
 20
190.79633333333334
 10
74.69716666666666
 20
190.73283333333333
 10
74.6125
 20
190.60583333333332
 10
74.35849999999999
 20
190.35183333333333
 10
74.295
 20
190.26716666666667
 10
74.27383333333333
 20
190.20366666666666
 10
74.18916666666667
 20
190.119
 10
74.12566666666666
 20
190.09783333333334
 10
73.99866666666667
 20
189.97083333333333
 10
73.93516666666666
 20
189.86499999999998
 10
73.82933333333334
 20
189.75916666666666
 10
73.66
 20
189.63216666666665
 10
73.49066666666667
 20
189.46283333333332
 10
73.36366666666666
 20
189.37816666666666
 10
73.279
 20
189.31466666666665
 10
73.21549999999999
 20
189.25116666666665
 10
73.19433333333333
 20
189.20883333333333
 10
73.19433333333333
 20
189.16649999999998
 10
73.17316666666666
 20
189.12416666666667
 10
73.0885
 20
189.0395
 10
73.02499999999999
 20
189.01833333333332
 10
72.94033333333333
 20
189.01833333333332
 10
72.898
 20
188.99716666666666
 10
72.81333333333333
 20
188.93366666666665
 10
72.74983333333333
 20
188.87016666666665
 10
72.64399999999999
 20
188.82783333333333
 10
72.5805
 20
188.78549999999998
 10
72.53816666666667
 20
188.74316666666667
 10
72.47466666666666
 20
188.6585
 10
72.36883333333333
 20
188.595
 10
72.24183333333333
 20
188.468
 10
72.15716666666667
 20
188.42566666666667
 10
72.11483333333334
 20
188.42566666666667
 10
71.98783333333333
 20
188.36216666666667
 10
71.86083333333333
 20
188.23516666666666
 10
71.77616666666667
 20
188.17166666666665
 10
71.71266666666666
 20
188.12933333333334
 10
71.39516666666667
 20
187.98116666666667
 10
71.3105
 20
187.8965
 10
71.22583333333333
 20
187.79066666666665
 10
71.12
 20
187.74833333333333
 10
71.0565
 20
187.706
 10
71.01416666666667
 20
187.66366666666667
 10
70.95066666666666
 20
187.62133333333333
 10
70.88716666666666
 20
187.579
 10
70.84483333333333
 20
187.55783333333332
 10
70.78133333333334
 20
187.53666666666666
 10
70.739
 20
187.53666666666666
 10
70.6755
 20
187.49433333333332
 10
70.63316666666667
 20
187.40966666666665
 10
70.59083333333334
 20
187.36733333333333
 10
70.50616666666666
 20
187.325
 10
70.4215
 20
187.30383333333333
 10
70.31566666666666
 20
187.30383333333333
 10
70.25216666666667
 20
187.28266666666667
 10
70.20983333333334
 20
187.26149999999998
 10
70.14633333333333
 20
187.198
 10
70.08283333333333
 20
187.17683333333332
 10
70.0405
 20
187.1345
 10
69.99816666666666
 20
187.11333333333332
 10
69.95583333333333
 20
187.11333333333332
 10
69.89233333333333
 20
187.09216666666666
 10
69.85
 20
187.071
 10
69.723
 20
186.944
 10
69.6595
 20
186.92283333333333
 10
69.5325
 20
186.92283333333333
 10
69.469
 20
186.88049999999998
 10
69.4055
 20
186.85933333333332
 10
69.32083333333333
 20
186.85933333333332
 10
69.25733333333334
 20
186.83816666666667
 10
69.1515
 20
186.77466666666666
 10
69.088
 20
186.77466666666666
 10
69.00333333333333
 20
186.7535
 10
68.93983333333333
 20
186.73233333333332
 10
68.834
 20
186.66883333333334
 10
68.7705
 20
186.64766666666665
 10
68.66466666666666
 20
186.6265
 10
68.53766666666667
 20
186.6265
 10
68.453
 20
186.60533333333333
 10
68.34716666666667
 20
186.54183333333333
 10
68.28366666666666
 20
186.52066666666667
 10
68.22016666666667
 20
186.52066666666667
 10
68.1355
 20
186.49949999999998
 10
68.05083333333333
 20
186.45716666666667
 10
67.98733333333332
 20
186.39366666666666
 10
67.945
 20
186.3725
 10
67.8815
 20
186.35133333333332
 10
67.73333333333333
 20
186.35133333333332
 10
67.66983333333333
 20
186.33016666666666
 10
67.58516666666667
 20
186.28783333333334
 10
67.47933333333333
 20
186.28783333333334
 10
67.39466666666667
 20
186.26666666666665
 10
67.31
 20
186.22433333333333
 10
67.22533333333332
 20
186.22433333333333
 10
67.16183333333333
 20
186.20316666666668
 10
67.07716666666667
 20
186.16083333333333
 10
67.01366666666667
 20
186.13966666666667
 10
66.84433333333334
 20
186.13966666666667
 10
66.7385
 20
186.11849999999998
 10
66.61149999999999
 20
186.09733333333332
 10
66.52683333333333
 20
186.07616666666667
 10
66.42099999999999
 20
186.03383333333332
 10
66.294
 20
186.03383333333332
 10
66.18816666666666
 20
185.9915
 10
66.06116666666667
 20
185.97033333333331
 10
66.01883333333333
 20
185.97033333333331
 10
65.95533333333333
 20
185.97033333333331
 10
65.68016666666666
 20
185.97033333333331
 10
65.55316666666667
 20
185.928
 10
65.42616666666666
 20
185.90683333333334
 10
65.08749999999999
 20
185.90683333333334
 10
64.98166666666667
 20
185.88566666666665
 10
64.89699999999999
 20
185.84333333333333
 10
64.8335
 20
185.84333333333333
 10
64.72766666666666
 20
185.88566666666665
 10
64.5795
 20
185.88566666666665
 10
64.51599999999999
 20
185.8645
 10
64.4525
 20
185.82216666666667
 10
64.389
 20
185.801
 10
63.881
 20
185.801
 10
63.775166666666664
 20
185.84333333333333
 10
63.626999999999995
 20
185.84333333333333
 10
63.5
 20
185.801
 10
63.097833333333334
 20
185.77983333333333
 10
62.97083333333333
 20
185.801
 10
62.864999999999995
 20
185.84333333333333
 10
62.65333333333333
 20
185.84333333333333
 10
62.5475
 20
185.90683333333334
 10
62.46283333333333
 20
185.928
 10
62.31466666666667
 20
185.928
 10
62.12416666666667
 20
185.88566666666665
 10
61.997166666666665
 20
185.88566666666665
 10
61.93366666666667
 20
185.928
 10
61.849
 20
185.94916666666666
 10
61.6585
 20
185.94916666666666
 10
61.57383333333333
 20
185.97033333333331
 10
61.467999999999996
 20
186.01266666666666
 10
61.36216666666667
 20
186.03383333333332
 10
61.214
 20
186.03383333333332
 10
61.10816666666666
 20
186.055
 10
61.00233333333333
 20
186.09733333333332
 10
60.87533333333333
 20
186.11849999999998
 10
60.60016666666667
 20
186.09733333333332
 10
60.53666666666666
 20
186.09733333333332
 10
60.49433333333333
 20
186.11849999999998
 10
60.409666666666666
 20
186.22433333333333
 10
60.367333333333335
 20
186.26666666666665
 10
60.30383333333333
 20
186.28783333333334
 10
60.219166666666666
 20
186.28783333333334
 10
60.11333333333333
 20
186.35133333333332
 10
60.028666666666666
 20
186.3725
 10
59.92283333333333
 20
186.3725
 10
59.817
 20
186.436
 10
59.69
 20
186.436
 10
59.58416666666667
 20
186.47833333333332
 10
59.52066666666666
 20
186.47833333333332
 10
59.436
 20
186.45716666666667
 10
59.2455
 20
186.6265
 10
59.055
 20
186.6265
 10
58.90683333333333
 20
186.71116666666666
 10
58.843333333333334
 20
186.73233333333332
 10
58.77983333333333
 20
186.7535
 10
58.674
 20
186.7535
 10
58.58933333333333
 20
186.77466666666666
 10
58.504666666666665
 20
186.817
 10
58.42
 20
186.817
 10
58.33533333333333
 20
186.85933333333332
 10
58.25066666666667
 20
186.944
 10
58.166
 20
186.944
 10
58.039
 20
186.96516666666665
 10
57.89083333333333
 20
187.11333333333332
 10
57.8485
 20
187.11333333333332
 10
57.70033333333333
 20
187.198
 10
57.658
 20
187.198
 10
57.57333333333333
 20
187.24033333333333
 10
57.50983333333333
 20
187.30383333333333
 10
57.4675
 20
187.325
 10
57.403999999999996
 20
187.34616666666665
 10
57.361666666666665
 20
187.34616666666665
 10
57.29816666666667
 20
187.36733333333333
 10
57.23466666666666
 20
187.3885
 10
57.19233333333333
 20
187.40966666666665
 10
57.10766666666667
 20
187.49433333333332
 10
57.04416666666666
 20
187.53666666666666
 10
56.980666666666664
 20
187.579
 10
56.874833333333335
 20
187.62133333333333
 10
56.74783333333333
 20
187.74833333333333
 10
56.7055
 20
187.7695
 10
56.66316666666666
 20
187.7695
 10
56.599666666666664
 20
187.81183333333334
 10
56.47266666666666
 20
187.93883333333332
 10
56.43033333333333
 20
187.93883333333332
 10
56.345666666666666
 20
187.98116666666667
 10
56.23983333333333
 20
188.087
 10
56.17633333333333
 20
188.12933333333334
 10
56.134
 20
188.1505
 10
56.09166666666667
 20
188.1505
 10
56.028166666666664
 20
188.19283333333334
 10
55.98583333333333
 20
188.19283333333334
 10
55.922333333333334
 20
188.23516666666666
 10
55.837666666666664
 20
188.29866666666666
 10
55.753
 20
188.36216666666667
 10
55.5625
 20
188.55266666666665
 10
55.498999999999995
 20
188.595
 10
55.45666666666666
 20
188.595
 10
55.372
 20
188.63733333333332
 10
55.26616666666666
 20
188.74316666666667
 10
55.1815
 20
188.78549999999998
 10
55.117999999999995
 20
188.82783333333333
 10
55.03333333333333
 20
188.9125
 10
54.991
 20
188.95483333333334
 10
54.94866666666667
 20
188.99716666666666
 10
54.90633333333333
 20
188.99716666666666
 10
54.864
 20
189.01833333333332
 10
54.8005
 20
189.08183333333332
 10
54.779333333333334
 20
189.14533333333333
 10
54.71583333333333
 20
189.20883333333333
 10
54.56766666666667
 20
189.27233333333334
 10
54.50416666666666
 20
189.33583333333334
 10
54.33483333333333
 20
189.52633333333333
 10
54.27133333333333
 20
189.56866666666667
 10
54.1655
 20
189.611
 10
54.059666666666665
 20
189.71683333333334
 10
53.99616666666667
 20
189.738
 10
53.89033333333333
 20
189.84383333333332
 10
53.80566666666667
 20
189.97083333333333
 10
53.69983333333333
 20
190.07666666666665
 10
53.6575
 20
190.07666666666665
 10
53.61516666666667
 20
190.09783333333334
 10
53.50933333333333
 20
190.22483333333332
 10
53.44583333333333
 20
190.28833333333333
 10
53.4035
 20
190.30949999999999
 10
53.339999999999996
 20
190.30949999999999
 10
53.2765
 20
190.33066666666667
 10
53.191833333333335
 20
190.41533333333334
 10
53.149499999999996
 20
190.5
 10
53.107166666666664
 20
190.54233333333332
 10
52.810833333333335
 20
190.8175
 10
52.726166666666664
 20
190.85983333333334
 10
52.6415
 20
190.9445
 10
52.59916666666666
 20
190.98683333333332
 10
52.472166666666666
 20
191.11383333333333
 10
52.387499999999996
 20
191.15616666666665
 10
52.239333333333335
 20
191.28316666666666
 10
52.196999999999996
 20
191.3255
 10
52.091166666666666
 20
191.4525
 10
51.900666666666666
 20
191.62183333333334
 10
51.83716666666667
 20
191.66416666666666
 10
51.73133333333333
 20
191.72766666666666
 10
51.625499999999995
 20
191.8335
 10
51.58316666666666
 20
191.85466666666667
 10
51.519666666666666
 20
191.87583333333333
 10
51.477333333333334
 20
191.87583333333333
 10
51.434999999999995
 20
191.897
 10
51.39266666666666
 20
191.93933333333334
 10
51.3715
 20
191.98166666666665
 10
51.3715
 20
192.024
 10
51.308
 20
192.0875
 10
51.15983333333333
 20
192.2145
 10
51.1175
 20
192.29916666666665
 10
51.054
 20
192.36266666666666
 10
50.9905
 20
192.3838333333333
 10
50.948166666666665
 20
192.42616666666666
 10
50.905833333333334
 20
192.44733333333332
 10
50.8635
 20
192.44733333333332
 10
50.82116666666666
 20
192.4685
 10
50.69416666666667
 20
192.5955
 10
50.65183333333333
 20
192.5955
 10
50.58833333333333
 20
192.61666666666667
 10
50.50366666666667
 20
192.70133333333334
 10
50.4825
 20
192.74366666666666
 10
50.4825
 20
192.786
 10
50.44016666666666
 20
192.87066666666666
 10
50.3555
 20
192.95533333333333
 10
50.31316666666667
 20
192.9765
 10
50.27083333333333
 20
192.9765
 10
50.2285
 20
192.99766666666667
 10
50.038
 20
193.18816666666666
 10
49.95333333333333
 20
193.25166666666667
 10
49.911
 20
193.29399999999998
 10
49.805166666666665
 20
193.39983333333333
 10
49.74166666666667
 20
193.44216666666665
 10
49.67816666666666
 20
193.46333333333334
 10
49.63583333333333
 20
193.46333333333334
 10
49.55116666666667
 20
193.548
 10
49.48766666666666
 20
193.69616666666667
 10
49.38183333333333
 20
193.802
 10
49.233666666666664
 20
193.929
 10
49.10666666666666
 20
194.03483333333332
 10
49.043166666666664
 20
194.07716666666667
 10
48.894999999999996
 20
194.14066666666668
 10
48.8315
 20
194.22533333333334
 10
48.78916666666667
 20
194.26766666666666
 10
48.704499999999996
 20
194.31
 10
48.59866666666667
 20
194.41583333333332
 10
48.513999999999996
 20
194.45816666666667
 10
48.471666666666664
 20
194.45816666666667
 10
48.408166666666666
 20
194.47933333333333
 10
48.365833333333335
 20
194.5005
 10
48.323499999999996
 20
194.54283333333333
 10
48.26
 20
194.6275
 10
48.175333333333334
 20
194.66983333333332
 10
48.132999999999996
 20
194.66983333333332
 10
48.0695
 20
194.691
 10
48.006
 20
194.73333333333332
 10
47.96366666666667
 20
194.77566666666667
 10
47.73083333333333
 20
194.8815
 10
47.625
 20
194.98733333333334
 10
47.54033333333333
 20
195.05083333333332
 10
47.413333333333334
 20
195.11433333333332
 10
47.32866666666666
 20
195.1355
 10
47.265166666666666
 20
195.1355
 10
47.20166666666667
 20
195.17783333333333
 10
47.13816666666666
 20
195.17783333333333
 10
47.074666666666666
 20
195.19899999999998
 10
47.01116666666667
 20
195.24133333333333
 10
46.94766666666666
 20
195.2625
 10
46.884166666666665
 20
195.28366666666665
 10
46.841833333333334
 20
195.28366666666665
 10
46.77833333333333
 20
195.326
 10
46.71483333333333
 20
195.34716666666665
 10
46.56666666666666
 20
195.34716666666665
 10
46.503166666666665
 20
195.36833333333334
 10
46.355
 20
195.453
 10
46.27033333333333
 20
195.47416666666666
 10
46.14333333333333
 20
195.49533333333332
 10
45.88933333333333
 20
195.49533333333332
 10
45.80466666666666
 20
195.53766666666667
 10
45.61416666666666
 20
195.53766666666667
 10
45.550666666666665
 20
195.57999999999998
 10
45.444833333333335
 20
195.60116666666667
 10
45.00033333333333
 20
195.60116666666667
 10
44.640499999999996
 20
195.62233333333333
 10
44.577
 20
195.62233333333333
 10
44.534666666666666
 20
195.62233333333333
 10
44.449999999999996
 20
195.57999999999998
 10
44.301833333333335
 20
195.57999999999998
 10
44.026666666666664
 20
195.57999999999998
 10
43.89966666666667
 20
195.57999999999998
 10
43.66683333333333
 20
195.60116666666667
 10
43.51866666666667
 20
195.57999999999998
 10
43.41283333333333
 20
195.55883333333333
 10
43.349333333333334
 20
195.53766666666667
 10
43.2435
 20
195.47416666666666
 10
43.18
 20
195.453
 10
42.9895
 20
195.47416666666666
 10
42.88366666666666
 20
195.453
 10
42.777833333333334
 20
195.3895
 10
42.71433333333333
 20
195.36833333333334
 10
42.629666666666665
 20
195.36833333333334
 10
42.545
 20
195.34716666666665
 10
42.4815
 20
195.326
 10
42.439166666666665
 20
195.28366666666665
 10
42.39683333333333
 20
195.2625
 10
42.33333333333333
 20
195.24133333333333
 10
42.2275
 20
195.24133333333333
 10
42.142833333333336
 20
195.19899999999998
 10
42.07933333333333
 20
195.1355
 10
42.037
 20
195.11433333333332
 10
41.9735
 20
195.11433333333332
 10
41.867666666666665
 20
195.09316666666666
 10
41.82533333333333
 20
195.072
 10
41.677166666666665
 20
194.92383333333333
 10
41.63483333333333
 20
194.90266666666665
 10
41.5925
 20
194.90266666666665
 10
41.528999999999996
 20
194.86033333333333
 10
41.486666666666665
 20
194.86033333333333
 10
41.42316666666667
 20
194.81799999999998
 10
41.380833333333335
 20
194.81799999999998
 10
41.25383333333333
 20
194.7545
 10
41.190333333333335
 20
194.71216666666666
 10
41.147999999999996
 20
194.66983333333332
 10
41.105666666666664
 20
194.64866666666666
 10
41.06333333333333
 20
194.64866666666666
 10
40.97866666666667
 20
194.60633333333334
 10
40.894
 20
194.52166666666665
 10
40.87283333333333
 20
194.45816666666667
 10
40.8305
 20
194.41583333333332
 10
40.78816666666667
 20
194.39466666666667
 10
40.68233333333333
 20
194.39466666666667
 10
40.64
 20
194.3735
 10
40.576499999999996
 20
194.31
 10
40.55533333333333
 20
194.2465
 10
40.470666666666666
 20
194.16183333333333
 10
40.40716666666667
 20
194.14066666666668
 10
40.259
 20
193.9925
 10
40.153166666666664
 20
193.90783333333331
 10
40.0685
 20
193.8655
 10
39.92033333333333
 20
193.71733333333333
 10
39.878
 20
193.63266666666667
 10
39.772166666666664
 20
193.50566666666666
 10
39.60283333333333
 20
193.33633333333333
 10
39.5605
 20
193.2305
 10
39.518166666666666
 20
193.18816666666666
 10
39.497
 20
193.12466666666666
 10
39.34883333333333
 20
192.99766666666667
 10
39.26416666666667
 20
192.91299999999998
 10
39.15833333333333
 20
192.80716666666666
 10
39.03133333333333
 20
192.659
 10
38.989
 20
192.57433333333333
 10
38.946666666666665
 20
192.53199999999998
 10
38.904333333333334
 20
192.48966666666666
 10
38.6715
 20
192.25683333333333
 10
38.62916666666666
 20
192.19333333333333
 10
38.565666666666665
 20
192.04516666666666
 10
38.52333333333333
 20
191.98166666666665
 10
38.375166666666665
 20
191.8335
 10
38.12116666666667
 20
191.60066666666665
 10
38.078833333333336
 20
191.516
 10
37.95183333333333
 20
191.38899999999998
 10
37.93066666666667
 20
191.34666666666666
 10
37.93066666666667
 20
191.28316666666666
 10
37.846
 20
191.1985
 10
37.803666666666665
 20
191.17733333333334
 10
37.76133333333333
 20
191.17733333333334
 10
37.655499999999996
 20
191.09266666666667
 10
37.44383333333333
 20
190.881
 10
37.4015
 20
190.83866666666665
 10
37.338
 20
190.77516666666665
 10
37.29566666666666
 20
190.73283333333333
 10
37.25333333333333
 20
190.6905
 10
37.18983333333333
 20
190.5635
 10
37.18983333333333
 20
190.52116666666666
 10
37.16866666666667
 20
190.47883333333334
 10
37.041666666666664
 20
190.35183333333333
 10
36.99933333333333
 20
190.30949999999999
 10
36.935833333333335
 20
190.24599999999998
 10
36.893499999999996
 20
190.16133333333332
 10
36.893499999999996
 20
190.119
 10
36.87233333333333
 20
190.07666666666665
 10
36.72416666666667
 20
189.94966666666667
 10
36.6395
 20
189.86499999999998
 10
36.576
 20
189.78033333333332
 10
36.554833333333335
 20
189.71683333333334
 10
36.470166666666664
 20
189.63216666666665
 10
36.3855
 20
189.58983333333333
 10
36.34316666666667
 20
189.54749999999999
 10
36.30083333333333
 20
189.48399999999998
 10
36.30083333333333
 20
189.44166666666666
 10
36.2585
 20
189.357
 10
36.195
 20
189.2935
 10
36.131499999999996
 20
189.27233333333334
 10
36.068
 20
189.23
 10
36.025666666666666
 20
189.18766666666667
 10
35.96216666666667
 20
189.0395
 10
35.8775
 20
188.93366666666665
 10
35.66583333333333
 20
188.722
 10
35.644666666666666
 20
188.6585
 10
35.58116666666667
 20
188.595
 10
35.4965
 20
188.5315
 10
35.34833333333333
 20
188.36216666666667
 10
35.32716666666666
 20
188.31983333333332
 10
35.32716666666666
 20
188.23516666666666
 10
35.20016666666667
 20
188.12933333333334
 10
35.15783333333333
 20
188.12933333333334
 10
35.1155
 20
188.10816666666665
 10
35.073166666666665
 20
188.06583333333333
 10
35.030833333333334
 20
188.00233333333333
 10
35.00966666666667
 20
187.93883333333332
 10
34.798
 20
187.72716666666665
 10
34.75566666666666
 20
187.64249999999998
 10
34.71333333333333
 20
187.579
 10
34.45933333333333
 20
187.325
 10
34.45933333333333
 20
187.28266666666667
 10
34.417
 20
187.198
 10
34.37466666666666
 20
187.1345
 10
34.163
 20
186.90166666666667
 10
34.014833333333335
 20
186.77466666666666
 10
33.930166666666665
 20
186.69
 10
33.8455
 20
186.58416666666668
 10
33.782
 20
186.436
 10
33.739666666666665
 20
186.39366666666666
 10
33.633833333333335
 20
186.35133333333332
 10
33.528
 20
186.2455
 10
33.48566666666667
 20
186.182
 10
33.443333333333335
 20
186.09733333333332
 10
33.3375
 20
185.97033333333331
 10
33.147
 20
185.801
 10
33.04116666666667
 20
185.69516666666667
 10
32.99883333333333
 20
185.58933333333331
 10
32.9565
 20
185.52583333333334
 10
32.893
 20
185.44116666666667
 10
32.72366666666667
 20
185.27183333333332
 10
32.7025
 20
185.20833333333331
 10
32.66016666666667
 20
185.14483333333334
 10
32.5755
 20
185.06016666666667
 10
32.512
 20
185.039
 10
32.448499999999996
 20
184.99666666666667
 10
32.385
 20
184.93316666666666
 10
32.36383333333333
 20
184.86966666666666
 10
32.3215
 20
184.8273333333333
 10
32.300333333333334
 20
184.76383333333334
 10
32.152166666666666
 20
184.61566666666667
 10
32.131
 20
184.55216666666666
 10
31.961666666666666
 20
184.38283333333334
 10
31.898166666666665
 20
184.36166666666665
 10
31.792333333333332
 20
184.25583333333333
 10
31.75
 20
184.19233333333332
 10
31.707666666666665
 20
184.12883333333332
 10
31.6865
 20
184.0865
 10
31.6865
 20
183.85366666666667
 10
31.644166666666667
 20
183.81133333333332
 10
31.5595
 20
183.81133333333332
 10
31.496
 20
183.85366666666667
 10
31.432499999999997
 20
183.85366666666667
 10
31.390166666666666
 20
183.81133333333332
 10
31.369
 20
183.74783333333332
 10
31.1785
 20
183.55733333333333
 10
31.136166666666664
 20
183.49383333333333
 10
31.093833333333333
 20
183.40916666666666
 10
31.093833333333333
 20
183.36683333333332
 10
31.0515
 20
183.30333333333334
 10
31.009166666666665
 20
183.261
 10
30.945666666666664
 20
183.23983333333334
 10
30.903333333333332
 20
183.1975
 10
30.861
 20
183.15516666666667
 10
30.7975
 20
183.09166666666667
 10
30.712833333333332
 20
182.98583333333332
 10
30.6705
 20
182.9435
 10
30.501166666666666
 20
182.77416666666667
 10
30.437666666666665
 20
182.626
 10
30.374166666666667
 20
182.5625
 10
30.310666666666666
 20
182.47783333333334
 10
30.26833333333333
 20
182.41433333333333
 10
30.226
 20
182.35083333333333
 10
30.07783333333333
 20
182.20266666666666
 10
30.014333333333333
 20
182.1815
 10
29.9085
 20
182.07566666666665
 10
29.866166666666665
 20
181.99099999999999
 10
29.866166666666665
 20
181.84283333333332
 10
29.845
 20
181.8005
 10
29.696833333333334
 20
181.65233333333333
 10
29.633333333333333
 20
181.60999999999999
 10
29.548666666666666
 20
181.56766666666667
 10
29.506333333333334
 20
181.56766666666667
 10
29.464
 20
181.5465
 10
29.315833333333334
 20
181.39833333333334
 10
29.2735
 20
181.31366666666665
 10
29.2735
 20
181.27133333333333
 10
29.252333333333333
 20
181.22899999999998
 10
29.167666666666666
 20
181.14433333333332
 10
29.104166666666664
 20
181.12316666666666
 10
29.040666666666667
 20
181.08083333333332
 10
28.99833333333333
 20
181.01733333333334
 10
28.977166666666665
 20
180.95383333333334
 10
28.850166666666667
 20
180.84799999999998
 10
28.7655
 20
180.76333333333332
 10
28.723166666666668
 20
180.6575
 10
28.680833333333332
 20
180.61516666666665
 10
28.659666666666666
 20
180.55166666666665
 10
28.511499999999998
 20
180.4035
 10
28.469166666666666
 20
180.36116666666666
 10
28.42683333333333
 20
180.31883333333332
 10
28.3845
 20
180.25533333333334
 10
28.320999999999998
 20
180.1495
 10
28.278666666666666
 20
180.08599999999998
 10
28.172833333333333
 20
179.98016666666666
 10
28.151666666666667
 20
179.93783333333332
 10
28.151666666666667
 20
179.8955
 10
28.045833333333334
 20
179.78966666666665
 10
27.791833333333333
 20
179.55683333333332
 10
27.770666666666667
 20
179.49333333333334
 10
27.707166666666666
 20
179.40866666666665
 10
27.664833333333334
 20
179.36633333333333
 10
27.643666666666665
 20
179.30283333333333
 10
27.580166666666667
 20
179.23933333333332
 10
27.4955
 20
179.17583333333332
 10
27.474333333333334
 20
179.11233333333334
 10
27.305
 20
178.94299999999998
 10
27.2415
 20
178.92183333333332
 10
27.093333333333334
 20
178.77366666666666
 10
26.9875
 20
178.71016666666665
 10
26.902833333333334
 20
178.6255
 10
26.8605
 20
178.56199999999998
 10
26.818166666666666
 20
178.47733333333332
 10
26.669999999999998
 20
178.35033333333334
 10
26.58533333333333
 20
178.2445
 10
26.543
 20
178.15983333333332
 10
26.543
 20
178.03283333333331
 10
26.521833333333333
 20
177.9905
 10
26.437166666666666
 20
177.90583333333333
 10
26.39483333333333
 20
177.88466666666667
 10
26.3525
 20
177.88466666666667
 10
26.310166666666667
 20
177.8635
 10
26.267833333333332
 20
177.82116666666667
 10
26.2255
 20
177.7365
 10
26.2255
 20
177.673
 10
26.20433333333333
 20
177.6095
 10
26.183166666666665
 20
177.56716666666665
 10
26.056166666666666
 20
177.44016666666667
 10
26.056166666666666
 20
177.39783333333332
 10
25.9715
 20
177.31316666666666
 10
25.886833333333332
 20
177.27083333333331
 10
25.823333333333334
 20
177.27083333333331
 10
25.738666666666667
 20
177.2285
 10
25.611666666666665
 20
177.1015
 10
25.611666666666665
 20
177.05916666666667
 10
25.5905
 20
176.99566666666666
 10
25.569333333333333
 20
176.95333333333332
 10
25.2095
 20
176.61466666666666
 10
25.12483333333333
 20
176.53
 10
25.103666666666665
 20
176.4665
 10
25.103666666666665
 20
176.38183333333333
 10
25.0825
 20
176.3395
 10
24.976666666666667
 20
176.23366666666666
 10
24.93433333333333
 20
176.2125
 10
24.870833333333334
 20
176.19133333333332
 10
24.807333333333332
 20
176.149
 10
24.722666666666665
 20
176.04316666666665
 10
24.7015
 20
176.00083333333333
 10
24.7015
 20
175.9585
 10
24.680333333333333
 20
175.87383333333332
 10
24.659166666666668
 20
175.8315
 10
24.5745
 20
175.74683333333334
 10
24.447499999999998
 20
175.641
 10
24.36283333333333
 20
175.4505
 10
24.278166666666667
 20
175.36583333333334
 10
24.172333333333334
 20
175.15416666666667
 10
24.151166666666665
 20
175.0695
 10
24.13
 20
174.98483333333334
 10
24.108833333333333
 20
174.92133333333334
 10
24.108833333333333
 20
174.77316666666667
 10
24.151166666666665
 20
174.73083333333332
 10
24.172333333333334
 20
174.6885
 10
24.172333333333334
 20
174.60383333333334
 10
24.13
 20
174.51916666666665
 10
24.13
 20
174.41333333333333
 10
24.151166666666665
 20
174.3075
 10
24.172333333333334
 20
174.20166666666665
 10
24.1935
 20
174.07466666666667
 10
24.214666666666666
 20
174.01116666666667
 10
24.235833333333332
 20
173.96883333333332
 10
24.278166666666667
 20
173.9265
 10
24.3205
 20
173.863
 10
24.36283333333333
 20
173.77833333333334
 10
24.384
 20
173.69366666666667
 10
24.405166666666666
 20
173.56666666666666
 10
24.405166666666666
 20
173.482
 10
24.426333333333332
 20
173.355
 10
24.447499999999998
 20
173.29149999999998
 10
24.489833333333333
 20
173.20683333333332
 10
24.532166666666665
 20
173.1645
 10
24.532166666666665
 20
173.12216666666666
 10
24.5745
 20
173.05866666666665
 10
24.5745
 20
173.01633333333334
 10
24.616833333333332
 20
172.974
 10
24.659166666666668
 20
172.91049999999998
 10
24.659166666666668
 20
172.76233333333332
 10
24.680333333333333
 20
172.67766666666665
 10
24.7015
 20
172.593
 10
24.722666666666665
 20
172.48716666666667
 10
24.74383333333333
 20
172.42366666666666
 10
24.807333333333332
 20
172.29666666666665
 10
24.913166666666665
 20
172.212
 10
24.9555
 20
172.16966666666667
 10
24.9555
 20
172.085
 10
24.93433333333333
 20
171.97916666666666
 10
24.9555
 20
171.8945
 10
24.976666666666667
 20
171.80983333333333
 10
24.997833333333332
 20
171.74633333333333
 10
25.019
 20
171.66166666666666
 10
25.0825
 20
171.53466666666665
 10
25.12483333333333
 20
171.49233333333333
 10
25.188333333333333
 20
171.36533333333333
 10
25.2095
 20
171.28066666666666
 10
25.230666666666664
 20
171.196
 10
25.230666666666664
 20
171.1325
 10
25.251833333333334
 20
171.02666666666667
 10
25.294166666666666
 20
170.96316666666667
 10
25.294166666666666
 20
170.92083333333332
 10
25.31533333333333
 20
170.85733333333332
 10
25.3365
 20
170.79383333333334
 10
25.357666666666667
 20
170.70916666666668
 10
25.4
 20
170.64566666666667
 10
25.4
 20
170.60333333333332
 10
25.421166666666664
 20
170.53983333333332
 10
25.442333333333334
 20
170.4975
 10
25.50583333333333
 20
170.434
 10
25.569333333333333
 20
170.41283333333334
 10
25.611666666666665
 20
170.3705
 10
25.632833333333334
 20
170.32816666666668
 10
25.5905
 20
170.22233333333332
 10
25.569333333333333
 20
170.15883333333332
 10
25.5905
 20
170.01066666666665
 10
25.611666666666665
 20
169.88366666666667
 10
25.632833333333334
 20
169.82016666666667
 10
25.675166666666666
 20
169.75666666666666
 10
25.675166666666666
 20
169.71433333333331
 10
25.69633333333333
 20
169.65083333333334
 10
25.759833333333333
 20
169.52383333333333
 10
25.802166666666665
 20
169.48149999999998
 10
25.8445
 20
169.418
 10
25.886833333333332
 20
169.3545
 10
25.929166666666667
 20
169.26983333333334
 10
25.929166666666667
 20
169.12166666666667
 10
25.950333333333333
 20
169.037
 10
25.9715
 20
168.9735
 10
26.013833333333334
 20
168.91
 10
26.013833333333334
 20
168.86766666666665
 10
26.077333333333332
 20
168.74066666666667
 10
26.140833333333333
 20
168.67716666666666
 10
26.246666666666666
 20
168.5925
 10
26.246666666666666
 20
168.529
 10
26.20433333333333
 20
168.44433333333333
 10
26.20433333333333
 20
168.38083333333333
 10
26.2255
 20
168.275
 10
26.246666666666666
 20
168.2115
 10
26.310166666666667
 20
168.10566666666665
 10
26.310166666666667
 20
168.06333333333333
 10
26.331333333333333
 20
167.99983333333333
 10
26.3525
 20
167.93633333333332
 10
26.373666666666665
 20
167.894
 10
26.437166666666666
 20
167.80933333333334
 10
26.521833333333333
 20
167.72466666666665
 10
26.6065
 20
167.55533333333332
 10
26.627666666666666
 20
167.49183333333332
 10
26.627666666666666
 20
167.42833333333334
 10
26.58533333333333
 20
167.36483333333334
 10
26.58533333333333
 20
167.15316666666666
 10
26.6065
 20
167.0685
 10
26.648833333333332
 20
166.96266666666665
 10
26.648833333333332
 20
166.77216666666666
 10
26.691166666666668
 20
166.6875
 10
26.818166666666666
 20
166.5605
 10
26.839333333333332
 20
166.51816666666667
 10
26.8605
 20
166.4335
 10
26.8605
 20
166.39116666666666
 10
26.902833333333334
 20
166.32766666666666
 10
26.902833333333334
 20
166.28533333333334
 10
26.945166666666665
 20
166.22183333333334
 10
26.9875
 20
166.1795
 10
27.072166666666664
 20
166.15833333333333
 10
27.135666666666665
 20
166.15833333333333
 10
27.199166666666667
 20
166.09483333333333
 10
27.199166666666667
 20
166.03133333333332
 10
27.135666666666665
 20
165.9255
 10
27.135666666666665
 20
165.77733333333333
 10
27.199166666666667
 20
165.65033333333332
 10
27.262666666666664
 20
165.58683333333332
 10
27.326166666666666
 20
165.56566666666666
 10
27.34733333333333
 20
165.481
 10
27.326166666666666
 20
165.43866666666665
 10
27.326166666666666
 20
165.35399999999998
 10
27.34733333333333
 20
165.2905
 10
27.389666666666667
 20
165.227
 10
27.389666666666667
 20
165.1635
 10
27.410833333333333
 20
165.1
 10
27.453166666666664
 20
165.0365
 10
27.474333333333334
 20
164.97299999999998
 10
27.474333333333334
 20
164.9095
 10
27.516666666666666
 20
164.82483333333332
 10
27.6225
 20
164.7825
 10
27.664833333333334
 20
164.74016666666665
 10
27.643666666666665
 20
164.61316666666667
 10
27.643666666666665
 20
164.57083333333333
 10
27.664833333333334
 20
164.50733333333332
 10
27.707166666666666
 20
164.42266666666666
 10
27.707166666666666
 20
163.87233333333333
 10
27.72833333333333
 20
163.80883333333333
 10
27.897666666666666
 20
163.6395
 10
28.0035
 20
163.5125
 10
28.024666666666665
 20
163.47016666666667
 10
28.024666666666665
 20
163.3855
 10
28.045833333333334
 20
163.322
 10
28.067
 20
163.27966666666666
 10
28.109333333333332
 20
163.23733333333334
 10
28.172833333333333
 20
163.21616666666665
 10
28.2575
 20
163.1315
 10
28.278666666666666
 20
163.06799999999998
 10
28.278666666666666
 20
162.98333333333332
 10
28.2575
 20
162.83516666666665
 10
28.23633333333333
 20
162.79283333333333
 10
28.194
 20
162.7505
 10
28.172833333333333
 20
162.66583333333332
 10
28.194
 20
162.56
 10
28.215166666666665
 20
162.51766666666666
 10
28.299833333333332
 20
162.433
 10
28.342166666666667
 20
162.34833333333333
 10
28.342166666666667
 20
162.13666666666666
 10
28.363333333333333
 20
162.09433333333334
 10
28.42683333333333
 20
162.03083333333333
 10
28.532666666666668
 20
161.9885
 10
28.596166666666665
 20
161.92499999999998
 10
28.596166666666665
 20
161.8615
 10
28.575
 20
161.69216666666665
 10
28.596166666666665
 20
161.64983333333333
 10
28.6385
 20
161.6075
 10
28.659666666666666
 20
161.56516666666667
 10
28.659666666666666
 20
161.50166666666667
 10
28.61733333333333
 20
161.417
 10
28.61733333333333
 20
161.29
 10
28.6385
 20
161.18416666666667
 10
28.659666666666666
 20
161.12066666666666
 10
28.680833333333332
 20
161.05716666666666
 10
28.701999999999998
 20
160.9725
 10
28.744333333333334
 20
160.88783333333333
 10
28.871333333333332
 20
160.76083333333332
 10
28.8925
 20
160.7185
 10
28.913666666666664
 20
160.655
 10
28.913666666666664
 20
160.5915
 10
28.934833333333334
 20
160.54916666666665
 10
29.061833333333333
 20
160.42216666666667
 10
29.061833333333333
 20
160.274
 10
29.083
 20
160.2105
 10
29.104166666666664
 20
160.12583333333333
 10
29.1465
 20
160.04116666666667
 10
29.21
 20
159.97766666666666
 10
29.231166666666667
 20
159.91416666666666
 10
29.252333333333333
 20
159.8295
 10
29.252333333333333
 20
159.5755
 10
29.315833333333334
 20
159.4485
 10
29.358166666666666
 20
159.40616666666665
 10
29.37933333333333
 20
159.36383333333333
 10
29.37933333333333
 20
159.30033333333333
 10
29.400499999999997
 20
159.21566666666666
 10
29.421666666666667
 20
159.17333333333332
 10
29.464
 20
159.131
 10
29.506333333333334
 20
159.0675
 10
29.5275
 20
159.02516666666665
 10
29.548666666666666
 20
158.96166666666667
 10
29.56983333333333
 20
158.89816666666667
 10
29.56983333333333
 20
158.8135
 10
29.590999999999998
 20
158.72883333333334
 10
29.6545
 20
158.66533333333334
 10
29.696833333333334
 20
158.64416666666665
 10
29.739166666666666
 20
158.64416666666665
 10
29.781499999999998
 20
158.623
 10
29.866166666666665
 20
158.53833333333333
 10
29.866166666666665
 20
158.47483333333332
 10
29.823833333333333
 20
158.369
 10
29.823833333333333
 20
158.28433333333334
 10
29.845
 20
158.15733333333333
 10
29.887333333333334
 20
158.09383333333332
 10
29.887333333333334
 20
158.00916666666666
 10
29.9085
 20
157.94566666666665
 10
29.971999999999998
 20
157.83983333333333
 10
29.971999999999998
 20
157.79749999999999
 10
30.07783333333333
 20
157.607
 10
30.07783333333333
 20
157.56466666666665
 10
30.141333333333332
 20
157.45883333333333
 10
30.162499999999998
 20
157.39533333333333
 10
30.162499999999998
 20
157.14133333333334
 10
30.183666666666667
 20
157.07783333333333
 10
30.204833333333333
 20
157.01433333333333
 10
30.2895
 20
156.95083333333332
 10
30.331833333333332
 20
156.9085
 10
30.352999999999998
 20
156.86616666666666
 10
30.352999999999998
 20
156.73916666666665
 10
30.4165
 20
156.67566666666667
 10
30.522333333333332
 20
156.591
 10
30.522333333333332
 20
156.5275
 10
30.501166666666666
 20
156.337
 10
30.543499999999998
 20
156.25233333333333
 10
30.543499999999998
 20
156.16766666666666
 10
30.564666666666668
 20
156.06183333333334
 10
30.585833333333333
 20
155.99833333333333
 10
30.733999999999998
 20
155.85016666666667
 10
30.755166666666664
 20
155.80783333333332
 10
30.755166666666664
 20
155.65966666666665
 10
30.7975
 20
155.575
 10
30.818666666666665
 20
155.49033333333333
 10
30.818666666666665
 20
155.2575
 10
30.83983333333333
 20
155.194
 10
30.861
 20
155.13049999999998
 10
30.882166666666667
 20
155.067
 10
31.009166666666665
 20
154.94
 10
31.03033333333333
 20
154.8765
 10
31.03033333333333
 20
154.83416666666668
 10
31.009166666666665
 20
154.66483333333332
 10
31.03033333333333
 20
154.60133333333332
 10
31.0515
 20
154.559
 10
31.093833333333333
 20
154.51666666666665
 10
31.115
 20
154.47433333333333
 10
31.115
 20
154.41083333333333
 10
31.136166666666664
 20
154.34733333333332
 10
31.1785
 20
154.305
 10
31.242
 20
154.28383333333332
 10
31.3055
 20
154.22033333333331
 10
31.326666666666664
 20
154.178
 10
31.3055
 20
154.051
 10
31.369
 20
153.96633333333332
 10
31.41133333333333
 20
153.924
 10
31.517166666666665
 20
153.83933333333334
 10
31.580666666666666
 20
153.83933333333334
 10
31.622999999999998
 20
153.81816666666666
 10
31.771166666666666
 20
153.67
 10
31.855833333333333
 20
153.60649999999998
 10
31.898166666666665
 20
153.58533333333332
 10
31.982833333333332
 20
153.56416666666667
 10
32.04633333333333
 20
153.56416666666667
 10
32.152166666666666
 20
153.50066666666666
 10
32.3215
 20
153.4795
 10
32.55433333333333
 20
153.50066666666666
 10
32.681333333333335
 20
153.4795
 10
32.72366666666667
 20
153.4795
 10
32.85066666666667
 20
153.4795
 10
32.893
 20
153.4795
 10
33.04116666666667
 20
153.50066666666666
 10
33.168166666666664
 20
153.543
 10
33.31633333333333
 20
153.56416666666667
 10
33.655
 20
153.56416666666667
 10
33.86666666666667
 20
153.58533333333332
 10
34.014833333333335
 20
153.62766666666667
 10
34.18416666666666
 20
153.60649999999998
 10
34.2265
 20
153.60649999999998
 10
34.395833333333336
 20
153.62766666666667
 10
34.56516666666666
 20
153.60649999999998
 10
34.64983333333333
 20
153.64883333333333
 10
34.840333333333334
 20
153.64883333333333
 10
34.96733333333333
 20
153.67
 10
35.030833333333334
 20
153.67
 10
35.179
 20
153.67
 10
35.72933333333333
 20
153.69116666666667
 10
35.91983333333333
 20
153.7335
 10
36.49133333333333
 20
153.7335
 10
36.554833333333335
 20
153.75466666666665
 10
36.6395
 20
153.77583333333334
 10
36.78766666666667
 20
153.8605
 10
36.83
 20
153.8605
 10
36.91466666666667
 20
153.81816666666666
 10
36.97816666666667
 20
153.81816666666666
 10
37.06283333333333
 20
153.8605
 10
37.232166666666664
 20
153.8605
 10
37.274499999999996
 20
153.88166666666666
 10
37.338
 20
153.96633333333332
 10
37.38033333333333
 20
153.98749999999998
 10
37.507333333333335
 20
153.96633333333332
 10
37.54966666666667
 20
153.96633333333332
 10
37.613166666666665
 20
153.98749999999998
 10
37.719
 20
154.051
 10
37.76133333333333
 20
154.051
 10
37.846
 20
154.07216666666667
 10
37.888333333333335
 20
154.09333333333333
 10
37.9095
 20
154.13566666666665
 10
37.9095
 20
154.178
 10
37.95183333333333
 20
154.26266666666666
 10
37.973
 20
154.34733333333332
 10
37.973
 20
154.47433333333333
 10
37.95183333333333
 20
155.15166666666667
 10
37.9095
 20
155.29983333333334
 10
37.9095
 20
155.61733333333333
 10
37.9095
 20
155.97716666666668
 10
37.9095
 20
156.18883333333332
 10
37.93066666666667
 20
156.42166666666665
 10
37.888333333333335
 20
156.50633333333332
 10
37.888333333333335
 20
156.591
 10
37.9095
 20
156.63333333333333
 10
37.95183333333333
 20
156.69683333333333
 10
38.05766666666666
 20
156.80266666666665
 10
38.12116666666667
 20
156.845
 10
38.1635
 20
156.86616666666666
 10
38.227
 20
156.88733333333332
 10
38.31166666666667
 20
156.9085
 10
38.481
 20
156.92966666666666
 10
38.565666666666665
 20
156.92966666666666
 10
38.9255
 20
156.92966666666666
 10
39.116
 20
156.9085
 10
39.4335
 20
156.95083333333332
 10
39.772166666666664
 20
156.95083333333332
 10
40.047333333333334
 20
156.972
 10
40.17433333333333
 20
157.01433333333333
 10
40.470666666666666
 20
157.01433333333333
 10
40.724666666666664
 20
157.05666666666667
 10
41.275
 20
157.05666666666667
 10
41.486666666666665
 20
157.07783333333333
 10
41.5925
 20
157.12016666666665
 10
41.69833333333333
 20
157.14133333333334
 10
41.8465
 20
157.12016666666665
 10
41.91
 20
157.12016666666665
 10
42.164
 20
157.12016666666665
 10
42.4815
 20
157.1625
 10
42.94716666666667
 20
157.1625
 10
43.053
 20
157.12016666666665
 10
43.201166666666666
 20
157.12016666666665
 10
43.26466666666666
 20
157.099
 10
43.307
 20
157.07783333333333
 10
43.349333333333334
 20
157.03549999999998
 10
43.391666666666666
 20
156.972
 10
43.41283333333333
 20
156.9085
 10
43.41283333333333
 20
156.80266666666665
 10
43.391666666666666
 20
156.37933333333334
 10
43.434
 20
156.21
 10
43.45516666666666
 20
155.99833333333333
 10
43.45516666666666
 20
155.74433333333332
 10
43.47633333333333
 20
155.65966666666665
 10
43.51866666666667
 20
155.575
 10
43.539833333333334
 20
155.34216666666666
 10
43.539833333333334
 20
154.77066666666667
 10
43.561
 20
154.559
 10
43.582166666666666
 20
154.38966666666667
 10
43.60333333333333
 20
154.22033333333331
 10
43.64566666666666
 20
154.13566666666665
 10
43.66683333333333
 20
154.02983333333333
 10
43.64566666666666
 20
153.64883333333333
 10
43.66683333333333
 20
153.60649999999998
 10
43.7515
 20
153.45833333333334
 10
43.70916666666667
 20
153.39483333333334
 10
43.70916666666667
 20
153.3525
 10
43.70916666666667
 20
153.289
 10
43.730333333333334
 20
153.11966666666666
 10
43.70916666666667
 20
152.95033333333333
 10
43.70916666666667
 20
152.88683333333333
 10
43.730333333333334
 20
152.73866666666666
 10
43.772666666666666
 20
152.54816666666667
 10
43.772666666666666
 20
152.29416666666665
 10
43.79383333333333
 20
152.23066666666665
 10
43.836166666666664
 20
152.18833333333333
 10
43.85733333333333
 20
152.146
 10
43.836166666666664
 20
151.97666666666666
 10
43.836166666666664
 20
151.93433333333334
 10
43.85733333333333
 20
151.765
 10
43.878499999999995
 20
151.59566666666666
 10
43.89966666666667
 20
151.55333333333334
 10
43.942
 20
151.511
 10
43.98433333333333
 20
151.48983333333334
 10
44.04783333333333
 20
151.48983333333334
 10
44.111333333333334
 20
151.46866666666665
 10
44.217166666666664
 20
151.40516666666667
 10
44.344166666666666
 20
151.384
 10
44.42883333333333
 20
151.384
 10
44.5135
 20
151.34166666666667
 10
44.577
 20
151.34166666666667
 10
44.682833333333335
 20
151.384
 10
44.85216666666666
 20
151.384
 10
44.91566666666667
 20
151.34166666666667
 10
44.979166666666664
 20
151.3205
 10
45.211999999999996
 20
151.3205
 10
45.29666666666667
 20
151.36283333333333
 10
45.42366666666666
 20
151.36283333333333
 10
45.6565
 20
151.34166666666667
 10
45.7835
 20
151.384
 10
45.931666666666665
 20
151.40516666666667
 10
46.46083333333333
 20
151.40516666666667
 10
46.63016666666667
 20
151.4475
 10
47.15933333333333
 20
151.4475
 10
47.265166666666666
 20
151.48983333333334
 10
47.603833333333334
 20
151.48983333333334
 10
47.73083333333333
 20
151.53216666666665
 10
48.0695
 20
151.511
 10
48.34466666666667
 20
151.511
 10
48.53516666666667
 20
151.53216666666665
 10
48.59866666666667
 20
151.55333333333334
 10
48.662166666666664
 20
151.59566666666666
 10
49.00083333333333
 20
151.61683333333332
 10
49.085499999999996
 20
151.61683333333332
 10
49.25483333333333
 20
151.59566666666666
 10
49.48766666666666
 20
151.638
 10
49.784
 20
151.638
 10
49.86866666666666
 20
151.68033333333332
 10
50.63066666666666
 20
151.70149999999998
 10
50.905833333333334
 20
151.68033333333332
 10
50.96933333333333
 20
151.68033333333332
 10
51.054
 20
151.70149999999998
 10
51.138666666666666
 20
151.74383333333333
 10
51.3715
 20
151.74383333333333
 10
51.477333333333334
 20
151.78616666666667
 10
51.7525
 20
151.80733333333333
 10
52.048833333333334
 20
151.80733333333333
 10
52.17583333333333
 20
151.84966666666665
 10
52.345166666666664
 20
151.87083333333334
 10
52.577999999999996
 20
151.892
 10
52.810833333333335
 20
151.892
 10
52.98016666666666
 20
151.91316666666665
 10
53.04366666666667
 20
151.91316666666665
 10
53.191833333333335
 20
151.91316666666665
 10
53.297666666666665
 20
151.87083333333334
 10
53.44583333333333
 20
151.87083333333334
 10
53.50933333333333
 20
151.892
 10
53.594
 20
151.91316666666665
 10
53.69983333333333
 20
151.9555
 10
53.76333333333333
 20
151.97666666666666
 10
53.848
 20
151.99783333333332
 10
54.5465
 20
151.99783333333332
 10
54.69466666666666
 20
152.04016666666666
 10
54.88516666666666
 20
152.04016666666666
 10
55.012166666666666
 20
152.08249999999998
 10
55.160333333333334
 20
152.08249999999998
 10
55.308499999999995
 20
152.12483333333333
 10
55.753
 20
152.10366666666667
 10
55.79533333333333
 20
152.10366666666667
 10
55.98583333333333
 20
152.146
 10
56.17633333333333
 20
152.146
 10
56.28216666666666
 20
152.18833333333333
 10
56.684333333333335
 20
152.16716666666667
 10
56.91716666666667
 20
152.16716666666667
 10
57.00183333333333
 20
152.18833333333333
 10
57.04416666666666
 20
152.2095
 10
57.0865
 20
152.25183333333334
 10
57.23466666666666
 20
152.23066666666665
 10
57.277
 20
152.23066666666665
 10
57.403999999999996
 20
152.25183333333334
 10
57.63683333333333
 20
152.23066666666665
 10
57.82733333333333
 20
152.273
 10
58.08133333333333
 20
152.29416666666665
 10
58.314166666666665
 20
152.31533333333334
 10
58.63166666666667
 20
152.31533333333334
 10
58.77983333333333
 20
152.35766666666666
 10
58.928
 20
152.37883333333332
 10
59.13966666666666
 20
152.35766666666666
 10
59.28783333333333
 20
152.35766666666666
 10
59.436
 20
152.4
 10
59.77466666666667
 20
152.4
 10
59.8805
 20
152.42116666666666
 10
59.96516666666667
 20
152.46349999999998
 10
60.15566666666666
 20
152.48466666666667
 10
60.49433333333333
 20
152.48466666666667
 10
60.557833333333335
 20
152.48466666666667
 10
60.748333333333335
 20
152.50583333333333
 10
61.0235
 20
152.50583333333333
 10
61.10816666666666
 20
152.527
 10
61.19283333333333
 20
152.56933333333333
 10
61.277499999999996
 20
152.5905
 10
61.6585
 20
152.61166666666665
 10
61.89133333333333
 20
152.5905
 10
61.93366666666667
 20
152.5905
 10
62.0395
 20
152.63283333333334
 10
62.25116666666666
 20
152.63283333333334
 10
62.378166666666665
 20
152.67516666666666
 10
62.63216666666666
 20
152.67516666666666
 10
62.716833333333334
 20
152.7175
 10
62.8015
 20
152.73866666666666
 10
62.992
 20
152.73866666666666
 10
63.245999999999995
 20
152.7175
 10
63.35183333333333
 20
152.67516666666666
 10
63.436499999999995
 20
152.654
 10
63.5
 20
152.654
 10
63.60583333333333
 20
152.69633333333334
 10
63.711666666666666
 20
152.69633333333334
 10
63.775166666666664
 20
152.7175
 10
63.83866666666666
 20
152.75983333333332
 10
63.902166666666666
 20
152.781
 10
64.15616666666666
 20
152.80216666666666
 10
64.389
 20
152.82333333333332
 10
64.81233333333333
 20
152.84449999999998
 10
65.04516666666666
 20
152.82333333333332
 10
65.23566666666666
 20
152.82333333333332
 10
65.3415
 20
152.86566666666667
 10
65.532
 20
152.84449999999998
 10
65.68016666666666
 20
152.86566666666667
 10
65.76483333333333
 20
152.86566666666667
 10
66.1035
 20
152.84449999999998
 10
66.20933333333333
 20
152.86566666666667
 10
66.294
 20
152.908
 10
66.37866666666666
 20
152.92916666666667
 10
66.56916666666666
 20
152.92916666666667
 10
66.675
 20
152.9715
 10
66.95016666666666
 20
152.99266666666665
 10
67.31
 20
152.9715
 10
67.54283333333333
 20
152.9715
 10
67.66983333333333
 20
153.01383333333334
 10
67.86033333333333
 20
153.035
 10
68.02966666666667
 20
153.035
 10
68.17783333333333
 20
153.07733333333334
 10
68.24133333333333
 20
153.07733333333334
 10
68.41066666666667
 20
153.05616666666666
 10
68.62233333333333
 20
153.07733333333334
 10
68.834
 20
153.11966666666666
 10
69.215
 20
153.11966666666666
 10
69.29966666666667
 20
153.162
 10
69.51133333333333
 20
153.18316666666666
 10
69.80766666666666
 20
153.20433333333332
 10
70.33683333333333
 20
153.22549999999998
 10
70.88716666666666
 20
153.24666666666667
 10
70.993
 20
153.24666666666667
 10
71.1835
 20
153.22549999999998
 10
71.3105
 20
153.24666666666667
 10
71.374
 20
153.289
 10
71.4375
 20
153.31016666666667
 10
71.77616666666667
 20
153.33133333333333
 10
71.98783333333333
 20
153.31016666666667
 10
72.07249999999999
 20
153.31016666666667
 10
72.24183333333333
 20
153.3525
 10
72.5805
 20
153.37366666666665
 10
73.10966666666667
 20
153.37366666666665
 10
73.19433333333333
 20
153.33133333333333
 10
73.23666666666666
 20
153.33133333333333
 10
73.32133333333333
 20
153.3525
 10
73.40599999999999
 20
153.39483333333334
 10
73.4695
 20
153.39483333333334
 10
73.57533333333333
 20
153.416
 10
73.63883333333334
 20
153.43716666666666
 10
73.68116666666667
 20
153.45833333333334
 10
73.7235
 20
153.50066666666666
 10
73.78699999999999
 20
153.52183333333332
 10
73.89283333333333
 20
153.52183333333332
 10
74.21033333333334
 20
153.52183333333332
 10
74.35849999999999
 20
153.52183333333332
 10
74.46433333333333
 20
153.4795
 10
74.52783333333333
 20
153.4795
 10
74.59133333333332
 20
153.52183333333332
 10
74.65483333333333
 20
153.543
 10
74.92999999999999
 20
153.543
 10
75.16283333333332
 20
153.58533333333332
 10
75.5015
 20
153.58533333333332
 10
75.64966666666666
 20
153.60649999999998
 10
75.73433333333332
 20
153.64883333333333
 10
75.90366666666667
 20
153.67
 10
76.24233333333333
 20
153.64883333333333
 10
76.327
 20
153.64883333333333
 10
76.62333333333333
 20
153.64883333333333
 10
76.75033333333333
 20
153.64883333333333
 10
76.835
 20
153.67
 10
76.8985
 20
153.71233333333333
 10
76.962
 20
153.7335
 10
77.089
 20
153.7335
 10
77.19483333333334
 20
153.69116666666667
 10
77.49116666666666
 20
153.69116666666667
 10
77.80866666666667
 20
153.71233333333333
 10
77.978
 20
153.75466666666665
 10
78.105
 20
153.77583333333334
 10
78.71883333333334
 20
153.77583333333334
 10
78.84583333333333
 20
153.81816666666666
 10
79.14216666666667
 20
153.83933333333334
 10
79.502
 20
153.81816666666666
 10
79.62899999999999
 20
153.81816666666666
 10
79.73483333333333
 20
153.8605
 10
79.92533333333333
 20
153.88166666666666
 10
80.22166666666666
 20
153.90283333333332
 10
80.66616666666667
 20
153.90283333333332
 10
80.81433333333334
 20
153.924
 10
80.96249999999999
 20
153.96633333333332
 10
81.34349999999999
 20
153.96633333333332
 10
81.44933333333333
 20
153.98749999999998
 10
81.53399999999999
 20
154.02983333333333
 10
81.89383333333333
 20
154.02983333333333
 10
82.2325
 20
154.051
 10
82.40183333333333
 20
154.07216666666667
 10
82.50766666666667
 20
154.09333333333333
 10
82.59233333333333
 20
154.1145
 10
82.67699999999999
 20
154.13566666666665
 10
82.76166666666667
 20
154.178
 10
82.804
 20
154.22033333333331
 10
82.84633333333333
 20
154.26266666666666
 10
82.88866666666667
 20
154.305
 10
82.90983333333332
 20
154.34733333333332
 10
82.931
 20
154.41083333333333
 10
82.95216666666667
 20
154.47433333333333
 10
82.931
 20
154.94
 10
82.931
 20
155.0035
 10
82.931
 20
155.448
 10
82.931
 20
155.68083333333334
 10
82.931
 20
155.74433333333332
 10
82.931
 20
155.80783333333332
 10
82.88866666666667
 20
155.89249999999998
 10
82.90983333333332
 20
156.0195
 10
82.90983333333332
 20
156.10416666666666
 10
82.88866666666667
 20
156.18883333333332
 10
82.84633333333333
 20
156.29466666666667
 10
82.84633333333333
 20
156.42166666666665
 10
82.86749999999999
 20
156.61216666666667
 10
82.84633333333333
 20
156.69683333333333
 10
82.804
 20
156.80266666666665
 10
82.804
 20
157.20483333333334
 10
82.84633333333333
 20
157.2895
 10
82.86749999999999
 20
157.39533333333333
 10
82.88866666666667
 20
157.5435
 10
82.88866666666667
 20
157.62816666666666
 10
82.86749999999999
 20
157.71283333333332
 10
82.82516666666666
 20
157.79749999999999
 10
82.76166666666667
 20
157.861
 10
82.7405
 20
157.9245
 10
82.7405
 20
158.34783333333334
 10
82.78283333333333
 20
158.47483333333332
 10
82.804
 20
158.64416666666665
 10
82.804
 20
158.6865
 10
82.78283333333333
 20
159.004
 10
82.7405
 20
159.131
 10
82.71933333333332
 20
159.23683333333332
 10
82.71933333333332
 20
159.30033333333333
 10
82.7405
 20
159.40616666666665
 10
82.71933333333332
 20
159.49083333333334
 10
82.69816666666667
 20
159.55433333333332
 10
82.63466666666666
 20
159.66016666666667
 10
82.63466666666666
 20
159.74483333333333
 10
82.67699999999999
 20
159.8295
 10
82.67699999999999
 20
159.91416666666666
 10
82.7405
 20
159.97766666666666
 10
82.86749999999999
 20
159.99883333333332
 10
82.97333333333333
 20
159.99883333333332
 10
83.07916666666667
 20
160.01999999999998
 10
83.16383333333333
 20
160.06233333333333
 10
83.22733333333333
 20
160.0835
 10
83.35433333333333
 20
160.10466666666667
 10
83.566
 20
160.147
 10
83.7565
 20
160.147
 10
83.79883333333333
 20
160.147
 10
83.98933333333333
 20
160.12583333333333
 10
84.05283333333333
 20
160.147
 10
84.15866666666666
 20
160.18933333333334
 10
84.455
 20
160.18933333333334
 10
84.582
 20
160.2105
 10
84.6455
 20
160.2105
 10
84.85716666666666
 20
160.2105
 10
84.94183333333334
 20
160.25283333333334
 10
84.98416666666667
 20
160.25283333333334
 10
85.06883333333333
 20
160.2105
 10
85.23816666666666
 20
160.2105
 10
85.4075
 20
160.23166666666665
 10
85.49216666666666
 20
160.274
 10
85.83083333333333
 20
160.274
 10
85.89433333333334
 20
160.29516666666666
 10
85.979
 20
160.3375
 10
86.106
 20
160.35866666666666
 10
86.1695
 20
160.35866666666666
 10
86.44466666666666
 20
160.3375
 10
86.78333333333333
 20
160.35866666666666
 10
86.84683333333334
 20
160.3375
 10
86.88916666666667
 20
160.31633333333332
 10
87.0585
 20
160.147
 10
87.07966666666667
 20
160.10466666666667
 10
87.10083333333333
 20
159.99883333333332
 10
87.10083333333333
 20
159.80833333333334
 10
87.14316666666666
 20
159.66016666666667
 10
87.14316666666666
 20
159.61783333333332
 10
87.122
 20
159.36383333333333
 10
87.14316666666666
 20
159.25799999999998
 10
87.18549999999999
 20
159.17333333333332
 10
87.20666666666666
 20
159.08866666666665
 10
87.20666666666666
 20
158.91933333333333
 10
87.20666666666666
 20
158.85583333333332
 10
87.20666666666666
 20
158.77116666666666
 10
87.249
 20
158.66533333333334
 10
87.249
 20
158.34783333333334
 10
87.27016666666667
 20
158.13616666666667
 10
87.29133333333333
 20
157.94566666666665
 10
87.3125
 20
157.83983333333333
 10
87.35483333333333
 20
157.75516666666667
 10
87.39716666666666
 20
157.69166666666666
 10
87.4395
 20
157.64933333333332
 10
87.46066666666667
 20
157.607
 10
87.46066666666667
 20
157.56466666666665
 10
87.48183333333333
 20
157.52233333333334
 10
87.52416666666666
 20
157.48
 10
87.73583333333333
 20
157.48
 10
87.8205
 20
157.43766666666667
 10
87.86283333333333
 20
157.43766666666667
 10
87.94749999999999
 20
157.45883333333333
 10
88.03216666666667
 20
157.50116666666665
 10
88.13799999999999
 20
157.50116666666665
 10
88.41316666666667
 20
157.45883333333333
 10
88.56133333333334
 20
157.45883333333333
 10
88.62483333333333
 20
157.50116666666665
 10
88.68833333333333
 20
157.52233333333334
 10
88.87883333333333
 20
157.5435
 10
89.13283333333334
 20
157.5435
 10
89.408
 20
157.52233333333334
 10
89.47149999999999
 20
157.5435
 10
89.55616666666667
 20
157.58583333333334
 10
89.64083333333333
 20
157.607
 10
89.7255
 20
157.62816666666666
 10
90.08533333333332
 20
157.607
 10
90.33933333333333
 20
157.607
 10
90.44516666666667
 20
157.64933333333332
 10
91.03783333333332
 20
157.62816666666666
 10
91.08016666666667
 20
157.62816666666666
 10
91.14366666666666
 20
157.64933333333332
 10
91.20716666666667
 20
157.6705
 10
91.27066666666667
 20
157.71283333333332
 10
91.33416666666666
 20
157.734
 10
91.39766666666667
 20
157.734
 10
91.52466666666666
 20
157.71283333333332
 10
92.075
 20
157.75516666666667
 10
92.24433333333333
 20
157.75516666666667
 10
92.43483333333333
 20
157.71283333333332
 10
92.583
 20
157.71283333333332
 10
92.81583333333333
 20
157.75516666666667
 10
93.13333333333333
 20
157.75516666666667
 10
93.19683333333333
 20
157.77633333333333
 10
93.32383333333333
 20
157.83983333333333
 10
93.36616666666666
 20
157.861
 10
93.4085
 20
157.81866666666667
 10
93.472
 20
157.77633333333333
 10
93.64133333333334
 20
157.77633333333333
 10
93.70483333333333
 20
157.83983333333333
 10
93.76833333333333
 20
157.90333333333334
 10
93.98
 20
157.9245
 10
94.21283333333334
 20
157.9245
 10
94.5515
 20
157.90333333333334
 10
94.63616666666667
 20
157.94566666666665
 10
94.8055
 20
157.94566666666665
 10
95.10183333333333
 20
157.9245
 10
95.29233333333333
 20
157.94566666666665
 10
95.4405
 20
157.96683333333334
 10
95.50399999999999
 20
158.00916666666666
 10
95.65216666666666
 20
158.00916666666666
 10
95.88499999999999
 20
157.988
 10
96.11783333333334
 20
158.00916666666666
 10
96.2025
 20
158.03033333333332
 10
96.28716666666666
 20
158.07266666666666
 10
96.37183333333333
 20
158.09383333333332
 10
96.47766666666666
 20
158.09383333333332
 10
96.56233333333333
 20
158.07266666666666
 10
96.66816666666666
 20
158.0515
 10
96.75283333333333
 20
158.00916666666666
 10
96.83749999999999
 20
158.00916666666666
 10
97.04916666666666
 20
158.03033333333332
 10
97.11266666666667
 20
158.0515
 10
97.17616666666666
 20
158.09383333333332
 10
97.26083333333332
 20
158.115
 10
97.3455
 20
158.13616666666667
 10
97.70533333333333
 20
158.13616666666667
 10
97.8535
 20
158.15733333333333
 10
97.93816666666666
 20
158.19966666666667
 10
98.17099999999999
 20
158.19966666666667
 10
98.27683333333333
 20
158.22083333333333
 10
98.34033333333333
 20
158.242
 10
98.425
 20
158.26316666666665
 10
98.4885
 20
158.28433333333334
 10
98.55199999999999
 20
158.3055
 10
98.70016666666666
 20
158.39016666666666
 10
98.74249999999999
 20
158.39016666666666
 10
98.806
 20
158.41133333333332
 10
98.8695
 20
158.4325
 10
98.97533333333332
 20
158.496
 10
99.01766666666667
 20
158.496
 10
99.08116666666666
 20
158.53833333333333
 10
99.187
 20
158.623
 10
99.441
 20
158.877
 10
99.568
 20
159.131
 10
99.58916666666667
 20
159.1945
 10
99.58916666666667
 20
159.23683333333332
 10
99.6315
 20
159.30033333333333
 10
99.6315
 20
159.5755
 10
99.67383333333333
 20
159.68133333333333
 10
99.695
 20
159.74483333333333
 10
99.67383333333333
 20
159.97766666666666
 10
99.71616666666667
 20
160.06233333333333
 10
99.73733333333332
 20
160.16816666666665
 10
99.73733333333332
 20
160.37983333333332
 10
99.695
 20
160.48566666666667
 10
99.695
 20
160.5915
 10
99.73733333333332
 20
160.655
 10
99.7585
 20
160.82433333333333
 10
99.7585
 20
160.88783333333333
 10
99.73733333333332
 20
161.52283333333332
 10
99.71616666666667
 20
161.64983333333333
 10
99.695
 20
161.75566666666666
 10
99.65266666666666
 20
161.8615
 10
99.6315
 20
161.94616666666667
 10
99.65266666666666
 20
162.13666666666666
 10
99.65266666666666
 20
162.2425
 10
99.61033333333333
 20
162.34833333333333
 10
99.58916666666667
 20
162.6235
 10
99.61033333333333
 20
162.89866666666666
 10
99.568
 20
163.0045
 10
99.54683333333332
 20
163.21616666666665
 10
99.52566666666667
 20
163.72416666666666
 10
99.54683333333332
 20
163.80883333333333
 10
99.52566666666667
 20
164.23216666666667
 10
99.48333333333333
 20
164.338
 10
99.46216666666666
 20
164.50733333333332
 10
99.46216666666666
 20
164.57083333333333
 10
99.48333333333333
 20
164.7825
 10
99.441
 20
164.88833333333332
 10
99.441
 20
165.33283333333333
 10
99.39866666666667
 20
165.52333333333334
 10
99.39866666666667
 20
165.88316666666665
 10
99.35633333333332
 20
166.22183333333334
 10
99.35633333333332
 20
166.5605
 10
99.33516666666667
 20
166.6875
 10
99.29283333333333
 20
166.81449999999998
 10
99.29283333333333
 20
167.11083333333332
 10
99.2505
 20
167.23783333333333
 10
99.22933333333333
 20
167.3225
 10
99.22933333333333
 20
167.95749999999998
 10
99.20816666666667
 20
168.148
 10
99.187
 20
168.19033333333334
 10
99.14466666666667
 20
168.23266666666666
 10
99.14466666666667
 20
168.31733333333332
 10
99.16583333333332
 20
168.55016666666666
 10
99.20816666666667
 20
168.656
 10
99.20816666666667
 20
168.71949999999998
 10
99.187
 20
168.8465
 10
99.14466666666667
 20
168.99466666666666
 10
99.12349999999999
 20
169.14283333333333
 10
99.12349999999999
 20
169.50266666666667
 10
99.08116666666666
 20
169.58733333333333
 10
99.06
 20
169.84133333333332
 10
99.06
 20
170.20116666666667
 10
99.01766666666667
 20
170.32816666666668
 10
99.03883333333333
 20
170.51866666666666
 10
99.03883333333333
 20
170.60333333333332
 10
99.01766666666667
 20
170.942
 10
98.97533333333332
 20
171.069
 10
98.97533333333332
 20
171.34416666666667
 10
98.95416666666667
 20
171.45
 10
98.95416666666667
 20
171.5135
 10
98.95416666666667
 20
171.72516666666667
 10
98.91183333333333
 20
171.831
 10
98.89066666666666
 20
172.00033333333332
 10
98.89066666666666
 20
172.04266666666666
 10
98.91183333333333
 20
172.16966666666667
 10
98.91183333333333
 20
172.466
 10
98.91183333333333
 20
172.57183333333333
 10
98.89066666666666
 20
172.76233333333332
 10
98.84833333333333
 20
172.974
 10
98.84833333333333
 20
173.29149999999998
 10
98.82716666666667
 20
173.39733333333334
 10
98.78483333333332
 20
173.482
 10
98.76366666666667
 20
173.5455
 10
98.76366666666667
 20
173.609
 10
98.78483333333332
 20
173.736
 10
98.76366666666667
 20
173.88416666666666
 10
98.74249999999999
 20
174.01116666666667
 10
98.72133333333333
 20
174.07466666666667
 10
98.70016666666666
 20
174.13816666666665
 10
98.65783333333333
 20
174.20166666666665
 10
98.65783333333333
 20
174.26516666666666
 10
98.63666666666667
 20
174.37099999999998
 10
98.6155
 20
174.41333333333333
 10
98.57316666666667
 20
174.45566666666667
 10
98.55199999999999
 20
174.498
 10
98.55199999999999
 20
174.5615
 10
98.53083333333333
 20
174.625
 10
98.4885
 20
174.70966666666666
 10
98.44616666666667
 20
174.75199999999998
 10
98.425
 20
174.8155
 10
98.38266666666667
 20
174.879
 10
98.31916666666666
 20
174.9425
 10
98.27683333333333
 20
174.96366666666665
 10
98.2345
 20
174.96366666666665
 10
98.1075
 20
175.02716666666666
 10
98.00166666666667
 20
175.13299999999998
 10
97.98049999999999
 20
175.1965
 10
97.917
 20
175.26
 10
97.74766666666666
 20
175.40816666666666
 10
97.64183333333332
 20
175.49283333333332
 10
97.59949999999999
 20
175.51399999999998
 10
97.43016666666666
 20
175.51399999999998
 10
97.23966666666666
 20
175.61983333333333
 10
97.155
 20
175.641
 10
97.0915
 20
175.66216666666665
 10
97.02799999999999
 20
175.68333333333334
 10
96.64699999999999
 20
175.68333333333334
 10
96.28716666666666
 20
175.66216666666665
 10
96.03316666666666
 20
175.641
 10
95.99083333333333
 20
175.61983333333333
 10
95.90616666666666
 20
175.51399999999998
 10
95.84266666666666
 20
175.4505
 10
95.758
 20
175.40816666666666
 10
95.69449999999999
 20
175.387
 10
95.52516666666666
 20
175.387
 10
95.46166666666666
 20
175.40816666666666
 10
95.41933333333333
 20
175.42933333333332
 10
95.33466666666666
 20
175.51399999999998
 10
95.29233333333333
 20
175.53516666666667
 10
95.16533333333334
 20
175.53516666666667
 10
95.0595
 20
175.49283333333332
 10
94.57266666666666
 20
175.51399999999998
 10
94.53033333333333
 20
175.51399999999998
 10
94.361
 20
175.47166666666666
 10
94.12816666666666
 20
175.4505
 10
94.08583333333333
 20
175.4505
 10
93.89533333333333
 20
175.49283333333332
 10
93.74716666666666
 20
175.4505
 10
93.345
 20
175.4505
 10
93.13333333333333
 20
175.49283333333332
 10
92.7735
 20
175.49283333333332
 10
92.5195
 20
175.51399999999998
 10
92.41366666666666
 20
175.55633333333333
 10
92.202
 20
175.55633333333333
 10
92.11733333333333
 20
175.5775
 10
92.03266666666667
 20
175.61983333333333
 10
91.79983333333332
 20
175.61983333333333
 10
91.694
 20
175.641
 10
91.60933333333332
 20
175.66216666666665
 10
91.48233333333333
 20
175.7045
 10
91.39766666666667
 20
175.72566666666665
 10
91.29183333333333
 20
175.74683333333334
 10
91.16483333333333
 20
175.74683333333334
 10
91.10133333333333
 20
175.768
 10
91.01666666666667
 20
175.81033333333332
 10
90.95316666666666
 20
175.8315
 10
90.7415
 20
175.8315
 10
90.678
 20
175.85266666666666
 10
90.61449999999999
 20
175.87383333333332
 10
90.551
 20
175.89499999999998
 10
90.44516666666667
 20
175.9585
 10
90.40283333333333
 20
175.9585
 10
90.297
 20
176.022
 10
90.23349999999999
 20
176.04316666666665
 10
90.14883333333333
 20
176.06433333333334
 10
90.08533333333332
 20
176.06433333333334
 10
90.02183333333333
 20
176.0855
 10
89.916
 20
176.149
 10
89.85249999999999
 20
176.17016666666666
 10
89.76783333333333
 20
176.17016666666666
 10
89.7255
 20
176.19133333333332
 10
89.68316666666666
 20
176.23366666666666
 10
89.3445
 20
176.403
 10
89.25983333333333
 20
176.42416666666665
 10
89.2175
 20
176.42416666666665
 10
89.13283333333334
 20
176.44533333333334
 10
89.04816666666666
 20
176.48766666666666
 10
89.00583333333333
 20
176.53
 10
88.92116666666666
 20
176.57233333333332
 10
88.85766666666666
 20
176.57233333333332
 10
88.79416666666667
 20
176.5935
 10
88.54016666666666
 20
176.7205
 10
88.49783333333333
 20
176.76283333333333
 10
88.41316666666667
 20
176.80516666666665
 10
88.37083333333334
 20
176.80516666666665
 10
88.30733333333333
 20
176.8475
 10
88.265
 20
176.8475
 10
88.22266666666667
 20
176.86866666666666
 10
88.18033333333334
 20
176.911
 10
88.05333333333333
 20
176.9745
 10
88.011
 20
176.9745
 10
87.94749999999999
 20
177.01683333333332
 10
87.90516666666666
 20
177.05916666666667
 10
87.75699999999999
 20
177.12266666666667
 10
87.52416666666666
 20
177.3555
 10
87.37599999999999
 20
177.41899999999998
 10
87.3125
 20
177.46133333333333
 10
87.27016666666667
 20
177.50366666666667
 10
87.16433333333333
 20
177.546
 10
86.97383333333333
 20
177.71533333333332
 10
86.8045
 20
177.88466666666667
 10
86.65633333333334
 20
177.9905
 10
86.44466666666666
 20
178.18099999999998
 10
86.21183333333333
 20
178.41383333333332
 10
86.12716666666667
 20
178.45616666666666
 10
86.08483333333334
 20
178.4985
 10
86.06366666666666
 20
178.56199999999998
 10
86.02133333333333
 20
178.60433333333333
 10
85.93666666666667
 20
178.66783333333333
 10
85.89433333333334
 20
178.77366666666666
 10
85.70383333333334
 20
178.94299999999998
 10
85.55566666666667
 20
179.09116666666665
 10
85.36516666666667
 20
179.30283333333333
 10
85.32283333333334
 20
179.3875
 10
85.11116666666666
 20
179.62033333333332
 10
85.04766666666666
 20
179.68383333333333
 10
84.92066666666666
 20
179.78966666666665
 10
84.8995
 20
179.832
 10
84.8995
 20
179.87433333333334
 10
84.836
 20
180.00133333333332
 10
84.6455
 20
180.19183333333334
 10
84.62433333333333
 20
180.23416666666665
 10
84.60316666666667
 20
180.31883333333332
 10
84.60316666666667
 20
180.38233333333332
 10
84.56083333333333
 20
180.46699999999998
 10
84.5185
 20
180.5305
 10
84.455
 20
180.594
 10
84.41266666666667
 20
180.69983333333332
 10
84.37033333333333
 20
180.74216666666666
 10
84.328
 20
180.80566666666667
 10
84.28566666666667
 20
180.86916666666667
 10
84.2645
 20
180.9115
 10
84.2645
 20
180.95383333333334
 10
84.22216666666667
 20
180.99616666666665
 10
84.1375
 20
181.1655
 10
84.1375
 20
181.20783333333333
 10
84.11633333333333
 20
181.27133333333333
 10
84.09516666666667
 20
181.31366666666665
 10
84.05283333333333
 20
181.37716666666665
 10
84.0105
 20
181.44066666666666
 10
83.96816666666666
 20
181.483
 10
83.92583333333333
 20
181.5465
 10
83.90466666666667
 20
181.58883333333333
 10
83.90466666666667
 20
181.63116666666667
 10
83.84116666666667
 20
181.75816666666665
 10
83.79883333333333
 20
181.8005
 10
83.73533333333333
 20
181.88516666666666
 10
83.71416666666667
 20
181.92749999999998
 10
83.693
 20
181.99099999999999
 10
83.67183333333332
 20
182.0545
 10
83.67183333333332
 20
182.09683333333334
 10
83.6295
 20
182.1815
 10
83.58716666666666
 20
182.22383333333332
 10
83.52366666666667
 20
182.35083333333333
 10
83.5025
 20
182.4355
 10
83.5025
 20
182.499
 10
83.48133333333332
 20
182.5625
 10
83.439
 20
182.626
 10
83.41783333333333
 20
182.68949999999998
 10
83.41783333333333
 20
182.8165
 10
83.39666666666666
 20
182.90116666666665
 10
83.33316666666667
 20
183.007
 10
83.312
 20
183.09166666666667
 10
83.312
 20
183.21866666666665
 10
83.29083333333332
 20
183.30333333333334
 10
83.24849999999999
 20
183.388
 10
83.24849999999999
 20
183.47266666666667
 10
83.22733333333333
 20
183.59966666666665
 10
83.20616666666666
 20
183.66316666666665
 10
83.1215
 20
183.81133333333332
 10
83.10033333333332
 20
183.93833333333333
 10
83.07916666666667
 20
184.04416666666665
 10
83.05799999999999
 20
184.12883333333332
 10
83.05799999999999
 20
184.29816666666667
 10
83.03683333333333
 20
184.38283333333334
 10
83.01566666666666
 20
184.4463333333333
 10
82.97333333333333
 20
184.50983333333332
 10
82.95216666666667
 20
184.74266666666665
 10
82.95216666666667
 20
184.93316666666666
 10
82.90983333333332
 20
185.06016666666667
 10
82.88866666666667
 20
185.14483333333334
 10
82.86749999999999
 20
185.44116666666667
 10
82.86749999999999
 20
185.69516666666667
 10
82.84633333333333
 20
185.82216666666667
 10
82.84633333333333
 20
185.88566666666665
 10
82.84633333333333
 20
186.03383333333332
 10
82.804
 20
186.13966666666667
 10
82.804
 20
186.33016666666666
 10
82.84633333333333
 20
186.47833333333332
 10
82.86749999999999
 20
186.60533333333333
 10
82.84633333333333
 20
186.79583333333332
 10
82.84633333333333
 20
186.85933333333332
 10
82.88866666666667
 20
186.944
 10
82.90983333333332
 20
187.21916666666667
 10
82.88866666666667
 20
187.40966666666665
 10
82.931
 20
187.5155
 10
82.931
 20
187.55783333333332
 10
82.90983333333332
 20
187.706
 10
82.95216666666667
 20
187.81183333333334
 10
82.97333333333333
 20
187.93883333333332
 10
82.95216666666667
 20
188.02349999999998
 10
82.97333333333333
 20
188.087
 10
83.01566666666666
 20
188.12933333333334
 10
83.03683333333333
 20
188.17166666666665
 10
83.03683333333333
 20
188.36216666666667
 10
83.05799999999999
 20
188.51033333333334
 10
83.07916666666667
 20
188.57383333333334
 10
83.10033333333332
 20
188.63733333333332
 10
83.1215
 20
188.722
 10
83.16383333333333
 20
188.80666666666667
 10
83.185
 20
188.87016666666665
 10
83.20616666666666
 20
188.95483333333334
 10
83.20616666666666
 20
189.0395
 10
83.22733333333333
 20
189.14533333333333
 10
83.29083333333332
 20
189.25116666666665
 10
83.29083333333332
 20
189.2935
 10
83.312
 20
189.357
 10
83.35433333333333
 20
189.39933333333332
 10
83.39666666666666
 20
189.48399999999998
 10
83.39666666666666
 20
189.69566666666665
 10
83.41783333333333
 20
189.84383333333332
 10
83.46016666666667
 20
189.92849999999999
 10
83.54483333333333
 20
190.01316666666665
 10
83.58716666666666
 20
190.07666666666665
 10
83.65066666666667
 20
190.16133333333332
 10
83.67183333333332
 20
190.22483333333332
 10
83.65066666666667
 20
190.35183333333333
 10
83.693
 20
190.4365
 10
83.73533333333333
 20
190.47883333333334
 10
83.73533333333333
 20
190.5635
 10
83.7565
 20
190.62699999999998
 10
83.86233333333332
 20
190.8175
 10
83.86233333333332
 20
190.85983333333334
 10
83.8835
 20
190.92333333333332
 10
84.05283333333333
 20
191.262
 10
84.09516666666667
 20
191.30433333333332
 10
84.17983333333333
 20
191.49483333333333
 10
84.24333333333333
 20
191.55833333333334
 10
84.28566666666667
 20
191.62183333333334
 10
84.30683333333333
 20
191.7065
 10
84.30683333333333
 20
191.76999999999998
 10
84.41266666666667
 20
191.87583333333333
 10
84.56083333333333
 20
192.0028333333333
 10
84.60316666666667
 20
192.06633333333332
 10
84.6455
 20
192.15099999999998
 10
84.6455
 20
192.2145
 10
84.66666666666666
 20
192.25683333333333
 10
84.75133333333333
 20
192.3415
 10
84.81483333333333
 20
192.36266666666666
 10
84.85716666666666
 20
192.405
 10
84.8995
 20
192.51083333333332
 10
84.963
 20
192.5955
 10
85.0265
 20
192.659
 10
85.06883333333333
 20
192.7225
 10
85.11116666666666
 20
192.786
 10
85.13233333333334
 20
192.8495
 10
85.17466666666667
 20
192.91299999999998
 10
85.38633333333333
 20
193.12466666666666
 10
85.49216666666666
 20
193.25166666666667
 10
85.51333333333334
 20
193.31516666666667
 10
85.55566666666667
 20
193.3575
 10
85.598
 20
193.421
 10
85.64033333333333
 20
193.4845
 10
85.6615
 20
193.548
 10
85.70383333333334
 20
193.59033333333332
 10
85.70383333333334
 20
193.63266666666667
 10
85.74616666666667
 20
193.69616666666667
 10
85.74616666666667
 20
193.7385
 10
85.80966666666666
 20
193.8655
 10
85.852
 20
193.90783333333331
 10
85.9155
 20
194.03483333333332
 10
85.9155
 20
194.43699999999998
 10
85.95783333333333
 20
194.52166666666665
 10
85.979
 20
194.6275
 10
85.979
 20
194.81799999999998
 10
86.00016666666666
 20
194.98733333333334
 10
86.0425
 20
195.15666666666667
 10
86.06366666666666
 20
195.326
 10
86.06366666666666
 20
195.6435
 10
86.02133333333333
 20
195.8975
 10
86.02133333333333
 20
196.25733333333332
 10
86.00016666666666
 20
196.34199999999998
 10
85.95783333333333
 20
196.469
 10
85.93666666666667
 20
196.57483333333332
 10
85.9155
 20
196.72299999999998
 10
85.9155
 20
197.04049999999998
 10
85.89433333333334
 20
197.10399999999998
 10
85.852
 20
197.1675
 10
85.80966666666666
 20
197.20983333333334
 10
85.76733333333333
 20
197.27333333333334
 10
85.76733333333333
 20
197.31566666666666
 10
85.74616666666667
 20
197.37916666666666
 10
85.725
 20
197.42149999999998
 10
85.68266666666666
 20
197.48499999999999
 10
85.598
 20
197.56966666666665
 10
85.5345
 20
197.69666666666666
 10
85.5345
 20
197.739
 10
85.44983333333333
 20
197.90833333333333
 10
85.30166666666666
 20
198.0565
 10
85.23816666666666
 20
198.20466666666667
 10
85.17466666666667
 20
198.28933333333333
 10
84.836
 20
198.628
 10
84.79366666666667
 20
198.71266666666665
 10
84.75133333333333
 20
198.755
 10
84.66666666666666
 20
198.79733333333334
 10
84.47616666666667
 20
198.98783333333333
 10
84.3915
 20
199.05133333333333
 10
84.328
 20
199.09366666666665
 10
84.2645
 20
199.11483333333334
 10
84.22216666666667
 20
199.15716666666665
 10
84.15866666666666
 20
199.1995
 10
84.09516666666667
 20
199.24183333333332
 10
84.03166666666667
 20
199.28416666666666
 10
83.947
 20
199.32649999999998
 10
83.86233333333332
 20
199.34766666666667
 10
83.60833333333333
 20
199.34766666666667
 10
83.54483333333333
 20
199.36883333333333
 10
83.41783333333333
 20
199.43233333333333
 10
83.26966666666667
 20
199.5805
 10
83.22733333333333
 20
199.60166666666666
 10
83.14266666666667
 20
199.62283333333332
 10
83.07916666666667
 20
199.644
 10
82.9945
 20
199.66516666666666
 10
82.88866666666667
 20
199.68633333333332
 10
82.76166666666667
 20
199.70749999999998
 10
82.63466666666666
 20
199.72866666666667
 10
82.50766666666667
 20
199.74983333333333
 10
82.19016666666667
 20
199.74983333333333
 10
82.042
 20
199.79216666666667
 10
81.93616666666667
 20
199.79216666666667
 10
81.57633333333334
 20
199.79216666666667
  0
LWPOLYLINE
  5
5A
330
17
100
AcDbEntity
  8
0
100
AcDbPolyline
 90
91
 70
1
 10
46.863
 20
157.64933333333332
 10
47.13816666666666
 20
157.64933333333332
 10
47.47683333333333
 20
157.62816666666666
 10
47.561499999999995
 20
157.58583333333334
 10
47.603833333333334
 20
157.5435
 10
47.646166666666666
 20
157.52233333333334
 10
47.77316666666667
 20
157.52233333333334
 10
47.836666666666666
 20
157.50116666666665
 10
47.879
 20
157.48
 10
47.92133333333333
 20
157.43766666666667
 10
48.027166666666666
 20
157.39533333333333
 10
48.132999999999996
 20
157.2895
 10
48.15416666666667
 20
157.226
 10
48.26
 20
157.12016666666665
 10
48.365833333333335
 20
157.07783333333333
 10
48.471666666666664
 20
156.972
 10
48.513999999999996
 20
156.9085
 10
48.556333333333335
 20
156.845
 10
48.556333333333335
 20
156.80266666666665
 10
48.61983333333333
 20
156.67566666666667
 10
48.662166666666664
 20
156.63333333333333
 10
48.852666666666664
 20
156.25233333333333
 10
48.87383333333333
 20
156.0195
 10
48.87383333333333
 20
155.65966666666665
 10
48.852666666666664
 20
155.53266666666667
 10
48.8315
 20
155.46916666666667
 10
48.81033333333333
 20
155.3845
 10
48.78916666666667
 20
155.321
 10
48.768
 20
155.2575
 10
48.72566666666666
 20
155.194
 10
48.72566666666666
 20
155.15166666666667
 10
48.662166666666664
 20
155.02466666666666
 10
48.61983333333333
 20
154.96116666666666
 10
48.5775
 20
154.89766666666665
 10
48.471666666666664
 20
154.77066666666667
 10
48.175333333333334
 20
154.47433333333333
 10
48.11183333333333
 20
154.432
 10
48.04833333333333
 20
154.41083333333333
 10
47.984833333333334
 20
154.41083333333333
 10
47.942499999999995
 20
154.38966666666667
 10
47.879
 20
154.32616666666667
 10
47.794333333333334
 20
154.26266666666666
 10
47.73083333333333
 20
154.2415
 10
47.66733333333333
 20
154.22033333333331
 10
47.58266666666667
 20
154.19916666666666
 10
47.47683333333333
 20
154.178
 10
47.370999999999995
 20
154.15683333333334
 10
47.244
 20
154.15683333333334
 10
46.90533333333333
 20
154.15683333333334
 10
46.82066666666667
 20
154.15683333333334
 10
46.5455
 20
154.178
 10
46.37616666666666
 20
154.34733333333332
 10
46.2915
 20
154.38966666666667
 10
46.24916666666667
 20
154.38966666666667
 10
46.18566666666666
 20
154.432
 10
46.122166666666665
 20
154.47433333333333
 10
46.07983333333333
 20
154.51666666666665
 10
46.016333333333336
 20
154.53783333333334
 10
45.88933333333333
 20
154.66483333333332
 10
45.80466666666666
 20
154.79183333333333
 10
45.67766666666667
 20
154.91883333333334
 10
45.592999999999996
 20
155.08816666666667
 10
45.592999999999996
 20
155.15166666666667
 10
45.50833333333333
 20
155.29983333333334
 10
45.48716666666667
 20
155.3845
 10
45.466
 20
155.448
 10
45.466
 20
155.55383333333333
 10
45.42366666666666
 20
155.6385
 10
45.402499999999996
 20
155.702
 10
45.402499999999996
 20
156.12533333333332
 10
45.42366666666666
 20
156.23116666666667
 10
45.444833333333335
 20
156.31583333333333
 10
45.466
 20
156.37933333333334
 10
45.50833333333333
 20
156.464
 10
45.550666666666665
 20
156.50633333333332
 10
45.635333333333335
 20
156.69683333333333
 10
45.69883333333333
 20
156.76033333333334
 10
45.76233333333333
 20
156.88733333333332
 10
45.76233333333333
 20
156.92966666666666
 10
45.7835
 20
156.972
 10
45.88933333333333
 20
157.07783333333333
 10
45.974
 20
157.12016666666665
 10
46.14333333333333
 20
157.2895
 10
46.20683333333333
 20
157.31066666666666
 10
46.24916666666667
 20
157.353
 10
46.43966666666667
 20
157.43766666666667
 10
46.503166666666665
 20
157.50116666666665
 10
46.58783333333333
 20
157.56466666666665
 10
46.65133333333333
 20
157.58583333333334
 10
46.71483333333333
 20
157.607
 10
46.7995
 20
157.62816666666666
  0
LWPOLYLINE
  5
5B
330
17
100
AcDbEntity
  8
0
100
AcDbPolyline
 90
155
 70
1
 10
67.64866666666667
 20
159.0675
 10
67.77566666666667
 20
159.0675
 10
67.96616666666667
 20
158.96166666666667
 10
68.02966666666667
 20
158.96166666666667
 10
68.072
 20
158.9405
 10
68.15666666666667
 20
158.85583333333332
 10
68.199
 20
158.77116666666666
 10
68.199
 20
158.66533333333334
 10
68.24133333333333
 20
158.55949999999999
 10
68.24133333333333
 20
158.32666666666665
 10
68.2625
 20
158.13616666666667
 10
68.30483333333333
 20
157.96683333333334
 10
68.326
 20
157.77633333333333
 10
68.30483333333333
 20
157.48
 10
68.30483333333333
 20
157.353
 10
68.326
 20
156.972
 10
68.34716666666667
 20
156.86616666666666
 10
68.3895
 20
156.718
 10
68.3895
 20
156.4005
 10
68.43183333333333
 20
156.25233333333333
 10
68.43183333333333
 20
156.083
 10
68.41066666666667
 20
156.0195
 10
68.36833333333333
 20
155.93483333333333
 10
68.326
 20
155.89249999999998
 10
68.24133333333333
 20
155.85016666666667
 10
68.17783333333333
 20
155.85016666666667
 10
68.05083333333333
 20
155.78666666666666
 10
68.0085
 20
155.74433333333332
 10
67.945
 20
155.72316666666666
 10
67.437
 20
155.72316666666666
 10
67.31
 20
155.68083333333334
 10
66.95016666666666
 20
155.68083333333334
 10
66.80199999999999
 20
155.6385
 10
66.4845
 20
155.61733333333333
 10
66.01883333333333
 20
155.61733333333333
 10
65.93416666666667
 20
155.575
 10
65.84949999999999
 20
155.55383333333333
 10
65.68016666666666
 20
155.575
 10
65.57433333333333
 20
155.575
 10
65.2145
 20
155.53266666666667
 10
65.04516666666666
 20
155.55383333333333
 10
64.98166666666667
 20
155.55383333333333
 10
64.89699999999999
 20
155.51149999999998
 10
64.5795
 20
155.49033333333333
 10
64.1985
 20
155.46916666666667
 10
63.83866666666666
 20
155.49033333333333
 10
63.754
 20
155.49033333333333
 10
63.669333333333334
 20
155.46916666666667
 10
63.60583333333333
 20
155.42683333333332
 10
63.5
 20
155.42683333333332
 10
63.39416666666666
 20
155.3845
 10
63.140166666666666
 20
155.40566666666666
 10
63.097833333333334
 20
155.40566666666666
 10
62.8015
 20
155.36333333333332
 10
62.39933333333333
 20
155.36333333333332
 10
62.12416666666667
 20
155.34216666666666
 10
61.89133333333333
 20
155.321
 10
61.7855
 20
155.27866666666665
 10
61.55266666666667
 20
155.2575
 10
61.10816666666666
 20
155.2575
 10
60.938833333333335
 20
155.21516666666668
 10
60.72716666666666
 20
155.21516666666668
 10
60.62133333333333
 20
155.17283333333333
 10
60.452
 20
155.17283333333333
 10
60.34616666666666
 20
155.13049999999998
 10
60.2615
 20
155.10933333333332
 10
60.198
 20
155.10933333333332
 10
59.753499999999995
 20
155.10933333333332
 10
59.562999999999995
 20
155.13049999999998
 10
59.52066666666666
 20
155.13049999999998
 10
59.16083333333333
 20
155.10933333333332
 10
59.09733333333333
 20
155.067
 10
59.01266666666667
 20
155.04583333333332
 10
58.652833333333334
 20
155.067
 10
58.58933333333333
 20
155.067
 10
58.4835
 20
155.02466666666666
 10
58.314166666666665
 20
155.02466666666666
 10
58.25066666666667
 20
155.04583333333332
 10
58.20833333333333
 20
155.08816666666667
 10
58.14483333333333
 20
155.10933333333332
 10
57.99666666666666
 20
155.2575
 10
57.9755
 20
155.29983333333334
 10
57.95433333333333
 20
155.3845
 10
57.933166666666665
 20
155.46916666666667
 10
57.912
 20
155.6385
 10
57.912
 20
156.23116666666667
 10
57.89083333333333
 20
156.464
 10
57.86966666666667
 20
156.5275
 10
57.82733333333333
 20
156.61216666666667
 10
57.80616666666666
 20
156.718
 10
57.785
 20
156.82383333333334
 10
57.785
 20
157.14133333333334
 10
57.742666666666665
 20
157.226
 10
57.742666666666665
 20
157.2895
 10
57.785
 20
157.39533333333333
 10
57.785
 20
157.56466666666665
 10
57.76383333333333
 20
158.07266666666666
 10
57.80616666666666
 20
158.15733333333333
 10
57.86966666666667
 20
158.22083333333333
 10
57.95433333333333
 20
158.26316666666665
 10
58.01783333333333
 20
158.26316666666665
 10
58.166
 20
158.34783333333334
 10
58.33533333333333
 20
158.34783333333334
 10
58.42
 20
158.39016666666666
 10
58.63166666666667
 20
158.41133333333332
 10
59.01266666666667
 20
158.41133333333332
 10
59.28783333333333
 20
158.4325
 10
59.58416666666667
 20
158.45366666666666
 10
59.838166666666666
 20
158.47483333333332
 10
59.96516666666667
 20
158.51716666666667
 10
60.092166666666664
 20
158.496
 10
60.15566666666666
 20
158.496
 10
60.282666666666664
 20
158.53833333333333
 10
60.60016666666667
 20
158.55949999999999
 10
60.96
 20
158.58066666666667
 10
61.129333333333335
 20
158.58066666666667
 10
61.277499999999996
 20
158.53833333333333
 10
61.341
 20
158.53833333333333
 10
61.467999999999996
 20
158.55949999999999
 10
61.55266666666667
 20
158.58066666666667
 10
61.6585
 20
158.60183333333333
 10
61.74316666666667
 20
158.64416666666665
 10
61.93366666666667
 20
158.623
 10
61.976
 20
158.623
 10
62.06066666666666
 20
158.66533333333334
 10
62.14533333333333
 20
158.66533333333334
 10
62.33583333333333
 20
158.64416666666665
 10
62.58983333333333
 20
158.66533333333334
 10
62.716833333333334
 20
158.623
 10
62.8015
 20
158.623
 10
62.864999999999995
 20
158.64416666666665
 10
62.949666666666666
 20
158.6865
 10
63.01316666666666
 20
158.70766666666665
 10
63.22483333333333
 20
158.72883333333334
 10
63.754
 20
158.72883333333334
 10
63.859833333333334
 20
158.75
 10
63.92333333333333
 20
158.79233333333332
 10
64.05033333333333
 20
158.79233333333332
 10
64.135
 20
158.75
 10
64.34666666666666
 20
158.75
 10
64.51599999999999
 20
158.77116666666666
 10
64.70649999999999
 20
158.8135
 10
65.08749999999999
 20
158.8135
 10
65.23566666666666
 20
158.85583333333332
 10
65.48966666666666
 20
158.85583333333332
 10
65.74366666666667
 20
158.877
 10
65.87066666666666
 20
158.91933333333333
 10
66.33633333333333
 20
158.9405
 10
66.37866666666666
 20
158.9405
 10
66.59033333333333
 20
158.91933333333333
 10
66.69616666666667
 20
158.96166666666667
 10
67.09833333333333
 20
158.96166666666667
 10
67.18299999999999
 20
158.98283333333333
 10
67.2465
 20
159.02516666666665
 10
67.31
 20
159.04633333333334
  0
LWPOLYLINE
  5
5C
330
17
100
AcDbEntity
  8
0
100
AcDbPolyline
 90
98
 70
1
 10
78.82466666666666
 20
159.97766666666666
 10
78.9305
 20
159.97766666666666
 10
78.994
 20
159.9565
 10
79.07866666666666
 20
159.91416666666666
 10
79.16333333333333
 20
159.893
 10
79.26916666666666
 20
159.91416666666666
 10
79.3115
 20
159.91416666666666
 10
79.4385
 20
159.893
 10
79.502
 20
159.85066666666665
 10
79.54433333333333
 20
159.85066666666665
 10
79.71366666666667
 20
159.766
 10
79.77716666666666
 20
159.72366666666667
 10
79.84066666666666
 20
159.68133333333333
 10
79.92533333333333
 20
159.61783333333332
 10
79.98883333333333
 20
159.5755
 10
80.0735
 20
159.49083333333334
 10
80.11583333333333
 20
159.40616666666665
 10
80.34866666666666
 20
159.17333333333332
 10
80.41216666666666
 20
159.04633333333334
 10
80.41216666666666
 20
159.004
 10
80.43333333333334
 20
158.9405
 10
80.47566666666667
 20
158.877
 10
80.60266666666666
 20
158.75
 10
80.645
 20
158.6865
 10
80.66616666666667
 20
158.64416666666665
 10
80.68733333333333
 20
158.58066666666667
 10
80.7085
 20
158.45366666666666
 10
80.7085
 20
158.15733333333333
 10
80.68733333333333
 20
158.03033333333332
 10
80.66616666666667
 20
157.94566666666665
 10
80.645
 20
157.88216666666665
 10
80.60266666666666
 20
157.81866666666667
 10
80.60266666666666
 20
157.77633333333333
 10
80.58149999999999
 20
157.734
 10
80.53916666666666
 20
157.69166666666666
 10
80.518
 20
157.64933333333332
 10
80.49683333333333
 20
157.58583333333334
 10
80.49683333333333
 20
157.50116666666665
 10
80.39099999999999
 20
157.2895
 10
80.34866666666666
 20
157.226
 10
80.30633333333333
 20
157.18366666666665
 10
80.15816666666666
 20
157.07783333333333
 10
80.09466666666667
 20
156.972
 10
80.00999999999999
 20
156.88733333333332
 10
79.92533333333333
 20
156.845
 10
79.86183333333334
 20
156.76033333333334
 10
79.79833333333333
 20
156.718
 10
79.73483333333333
 20
156.69683333333333
 10
79.67133333333334
 20
156.69683333333333
 10
79.60783333333333
 20
156.67566666666667
 10
79.45966666666666
 20
156.591
 10
79.375
 20
156.56983333333332
 10
79.26916666666666
 20
156.56983333333332
 10
79.1845
 20
156.5275
 10
79.09983333333334
 20
156.50633333333332
 10
79.0575
 20
156.50633333333332
 10
78.88816666666666
 20
156.54866666666666
 10
78.46483333333333
 20
156.54866666666666
 10
78.40133333333333
 20
156.56983333333332
 10
78.105
 20
156.718
 10
78.0415
 20
156.76033333333334
 10
77.851
 20
156.95083333333332
 10
77.74516666666666
 20
157.01433333333333
 10
77.68166666666666
 20
157.05666666666667
 10
77.597
 20
157.14133333333334
 10
77.55466666666666
 20
157.24716666666666
 10
77.44883333333333
 20
157.353
 10
77.42766666666667
 20
157.39533333333333
 10
77.42766666666667
 20
157.43766666666667
 10
77.4065
 20
157.48
 10
77.36416666666666
 20
157.52233333333334
 10
77.32183333333333
 20
157.607
 10
77.30066666666666
 20
157.71283333333332
 10
77.2795
 20
157.81866666666667
 10
77.25833333333333
 20
157.94566666666665
 10
77.23716666666667
 20
158.17849999999999
 10
77.23716666666667
 20
158.34783333333334
 10
77.25833333333333
 20
158.41133333333332
 10
77.30066666666666
 20
158.496
 10
77.30066666666666
 20
158.55949999999999
 10
77.32183333333333
 20
158.66533333333334
 10
77.343
 20
158.72883333333334
 10
77.36416666666666
 20
158.79233333333332
 10
77.38533333333334
 20
158.85583333333332
 10
77.4065
 20
158.91933333333333
 10
77.5335
 20
159.17333333333332
 10
77.597
 20
159.25799999999998
 10
77.7875
 20
159.4485
 10
77.87216666666666
 20
159.512
 10
77.978
 20
159.59666666666666
 10
78.0415
 20
159.61783333333332
 10
78.105
 20
159.68133333333333
 10
78.21083333333333
 20
159.766
 10
78.40133333333333
 20
159.85066666666665
 10
78.44366666666666
 20
159.893
 10
78.486
 20
159.91416666666666
 10
78.5495
 20
159.93533333333332
 10
78.74
 20
159.93533333333332
  0
LWPOLYLINE
  5
5D
330
17
100
AcDbEntity
  8
0
100
AcDbPolyline
 90
99
 70
1
 10
96.30833333333334
 20
164.48616666666666
 10
96.393
 20
164.48616666666666
 10
96.49883333333334
 20
164.465
 10
96.56233333333333
 20
164.44383333333332
 10
96.68933333333334
 20
164.38033333333334
 10
96.75283333333333
 20
164.338
 10
96.81633333333333
 20
164.2745
 10
96.85866666666666
 20
164.25333333333333
 10
96.92216666666667
 20
164.23216666666667
 10
96.98566666666666
 20
164.23216666666667
 10
97.07033333333334
 20
164.18983333333333
 10
97.155
 20
164.10516666666666
 10
97.282
 20
164.04166666666666
 10
97.32433333333333
 20
164.04166666666666
 10
97.36666666666666
 20
163.99933333333334
 10
97.36666666666666
 20
163.93583333333333
 10
97.38783333333333
 20
163.8935
 10
97.43016666666666
 20
163.85116666666667
 10
97.49366666666667
 20
163.82999999999998
 10
97.55716666666666
 20
163.7665
 10
97.55716666666666
 20
163.703
 10
97.70533333333333
 20
163.42783333333333
 10
97.7265
 20
163.36433333333332
 10
97.74766666666666
 20
163.30083333333332
 10
97.74766666666666
 20
163.2585
 10
97.78999999999999
 20
163.195
 10
97.78999999999999
 20
162.7505
 10
97.74766666666666
 20
162.6235
 10
97.76883333333333
 20
162.4965
 10
97.74766666666666
 20
162.433
 10
97.70533333333333
 20
162.3695
 10
97.70533333333333
 20
162.32716666666667
 10
97.663
 20
162.26366666666667
 10
97.663
 20
162.22133333333332
 10
97.59949999999999
 20
162.09433333333334
 10
97.55716666666666
 20
162.052
 10
97.4725
 20
161.8615
 10
97.38783333333333
 20
161.75566666666666
 10
97.30316666666667
 20
161.671
 10
97.21849999999999
 20
161.6075
 10
97.11266666666667
 20
161.52283333333332
 10
97.04916666666666
 20
161.4805
 10
97.00683333333333
 20
161.4805
 10
96.774
 20
161.3535
 10
96.7105
 20
161.3535
 10
96.64699999999999
 20
161.31116666666665
 10
96.5835
 20
161.29
 10
96.49883333333334
 20
161.26883333333333
 10
96.393
 20
161.26883333333333
 10
96.3295
 20
161.24766666666667
 10
96.26599999999999
 20
161.20533333333333
 10
96.2025
 20
161.18416666666667
 10
95.96966666666667
 20
161.16299999999998
 10
95.92733333333334
 20
161.16299999999998
 10
95.84266666666666
 20
161.18416666666667
 10
95.69449999999999
 20
161.26883333333333
 10
95.631
 20
161.26883333333333
 10
95.5675
 20
161.29
 10
95.50399999999999
 20
161.31116666666665
 10
95.4405
 20
161.33233333333334
 10
95.25
 20
161.43816666666666
 10
95.20766666666667
 20
161.43816666666666
 10
95.14416666666666
 20
161.4805
 10
95.0595
 20
161.56516666666667
 10
94.97483333333334
 20
161.6075
 10
94.74199999999999
 20
161.84033333333332
 10
94.72083333333333
 20
161.90383333333332
 10
94.6785
 20
161.94616666666667
 10
94.63616666666667
 20
162.00966666666667
 10
94.57266666666666
 20
162.15783333333331
 10
94.53033333333333
 20
162.20016666666666
 10
94.50916666666666
 20
162.26366666666667
 10
94.488
 20
162.32716666666667
 10
94.46683333333333
 20
162.41183333333333
 10
94.44566666666667
 20
162.53883333333332
 10
94.4245
 20
162.72933333333333
 10
94.4245
 20
162.96216666666666
 10
94.44566666666667
 20
163.2585
 10
94.488
 20
163.322
 10
94.488
 20
163.36433333333332
 10
94.50916666666666
 20
163.42783333333333
 10
94.5515
 20
163.5125
 10
94.59383333333334
 20
163.55483333333333
 10
94.59383333333334
 20
163.59716666666665
 10
94.63616666666667
 20
163.68183333333332
 10
94.74199999999999
 20
163.78766666666667
 10
94.84783333333333
 20
163.957
 10
94.91133333333333
 20
164.04166666666666
 10
94.97483333333334
 20
164.12633333333332
 10
95.03833333333333
 20
164.18983333333333
 10
95.08066666666666
 20
164.21099999999998
 10
95.20766666666667
 20
164.21099999999998
 10
95.27116666666666
 20
164.23216666666667
 10
95.33466666666666
 20
164.25333333333333
 10
95.377
 20
164.2745
 10
95.50399999999999
 20
164.4015
 10
95.73683333333334
 20
164.4015
 10
95.88499999999999
 20
164.44383333333332
 10
96.11783333333334
 20
164.44383333333332
  0
LWPOLYLINE
  5
5E
330
17
100
AcDbEntity
  8
0
100
AcDbPolyline
 90
272
 70
1
 10
33.18933333333333
 20
165.96783333333332
 10
33.210499999999996
 20
165.989
 10
33.3375
 20
165.989
 10
33.37983333333333
 20
165.96783333333332
 10
33.50683333333333
 20
165.84083333333334
 10
33.549166666666665
 20
165.77733333333333
 10
33.57033333333333
 20
165.73499999999999
 10
33.57033333333333
 20
165.5445
 10
33.61266666666666
 20
165.45983333333334
 10
33.739666666666665
 20
165.33283333333333
 10
33.782
 20
165.24816666666666
 10
33.80316666666666
 20
165.18466666666666
 10
33.80316666666666
 20
165.01533333333333
 10
33.824333333333335
 20
164.93066666666667
 10
33.8455
 20
164.846
 10
33.930166666666665
 20
164.69783333333334
 10
33.95133333333333
 20
164.63433333333333
 10
33.95133333333333
 20
164.57083333333333
 10
33.9725
 20
164.50733333333332
 10
33.99366666666666
 20
164.44383333333332
 10
34.036
 20
164.4015
 10
34.07833333333333
 20
164.338
 10
34.07833333333333
 20
164.29566666666665
 10
34.120666666666665
 20
164.23216666666667
 10
34.14183333333333
 20
164.1475
 10
34.163
 20
164.084
 10
34.18416666666666
 20
164.0205
 10
34.18416666666666
 20
163.87233333333333
 10
34.311166666666665
 20
163.61833333333334
 10
34.37466666666666
 20
163.55483333333333
 10
34.417
 20
163.5125
 10
34.45933333333333
 20
163.47016666666667
 10
34.4805
 20
163.3855
 10
34.4805
 20
163.27966666666666
 10
34.4805
 20
163.21616666666665
 10
34.4805
 20
163.04683333333332
 10
34.586333333333336
 20
162.941
 10
34.586333333333336
 20
162.89866666666666
 10
34.586333333333336
 20
162.83516666666665
 10
34.586333333333336
 20
162.79283333333333
 10
34.6075
 20
162.68699999999998
 10
34.62866666666667
 20
162.6235
 10
34.64983333333333
 20
162.53883333333332
 10
34.692166666666665
 20
162.47533333333334
 10
34.692166666666665
 20
162.433
 10
34.7345
 20
162.34833333333333
 10
34.77683333333333
 20
162.30599999999998
 10
34.81916666666667
 20
162.2425
 10
34.840333333333334
 20
162.20016666666666
 10
34.8615
 20
162.1155
 10
34.882666666666665
 20
162.03083333333333
 10
34.882666666666665
 20
161.84033333333332
 10
34.90383333333333
 20
161.77683333333331
 10
34.94616666666666
 20
161.69216666666665
 10
34.9885
 20
161.64983333333333
 10
35.052
 20
161.52283333333332
 10
35.073166666666665
 20
161.45933333333332
 10
35.09433333333333
 20
161.39583333333334
 10
35.1155
 20
161.33233333333334
 10
35.1155
 20
161.29
 10
35.15783333333333
 20
161.2265
 10
35.15783333333333
 20
161.18416666666667
 10
35.179
 20
161.0995
 10
35.221333333333334
 20
161.036
 10
35.221333333333334
 20
160.99366666666666
 10
35.32716666666666
 20
160.80316666666667
 10
35.34833333333333
 20
160.7185
 10
35.3695
 20
160.655
 10
35.39066666666667
 20
160.5915
 10
35.411833333333334
 20
160.50683333333333
 10
35.411833333333334
 20
160.42216666666667
 10
35.433
 20
160.3375
 10
35.454166666666666
 20
160.274
 10
35.51766666666666
 20
160.16816666666665
 10
35.51766666666666
 20
160.12583333333333
 10
35.56
 20
160.06233333333333
 10
35.56
 20
160.01999999999998
 10
35.6235
 20
159.91416666666666
 10
35.644666666666666
 20
159.8295
 10
35.644666666666666
 20
159.72366666666667
 10
35.66583333333333
 20
159.63899999999998
 10
35.687
 20
159.5755
 10
35.70816666666666
 20
159.512
 10
35.7505
 20
159.4485
 10
35.7505
 20
159.40616666666665
 10
35.792833333333334
 20
159.34266666666667
 10
35.792833333333334
 20
159.23683333333332
 10
35.814
 20
159.131
 10
35.941
 20
158.89816666666667
 10
35.96216666666667
 20
158.83466666666666
 10
35.983333333333334
 20
158.77116666666666
 10
36.0045
 20
158.70766666666665
 10
36.0045
 20
158.60183333333333
 10
36.025666666666666
 20
158.55949999999999
 10
36.068
 20
158.51716666666667
 10
36.068
 20
158.34783333333334
 10
36.04683333333333
 20
158.28433333333334
 10
36.0045
 20
158.22083333333333
 10
35.96216666666667
 20
158.15733333333333
 10
35.898666666666664
 20
158.09383333333332
 10
35.835166666666666
 20
158.0515
 10
35.792833333333334
 20
158.0515
 10
35.51766666666666
 20
157.90333333333334
 10
35.454166666666666
 20
157.88216666666665
 10
35.39066666666667
 20
157.861
 10
35.32716666666666
 20
157.861
 10
35.263666666666666
 20
157.81866666666667
 10
35.20016666666667
 20
157.79749999999999
 10
35.13666666666666
 20
157.77633333333333
 10
35.073166666666665
 20
157.75516666666667
 10
35.00966666666667
 20
157.734
 10
34.94616666666666
 20
157.734
 10
34.882666666666665
 20
157.71283333333332
 10
34.798
 20
157.69166666666666
 10
34.692166666666665
 20
157.62816666666666
 10
34.62866666666667
 20
157.62816666666666
 10
34.52283333333333
 20
157.607
 10
34.43816666666667
 20
157.56466666666665
 10
34.395833333333336
 20
157.52233333333334
 10
34.33233333333333
 20
157.50116666666665
 10
34.26883333333333
 20
157.50116666666665
 10
34.163
 20
157.43766666666667
 10
34.0995
 20
157.41649999999998
 10
34.014833333333335
 20
157.41649999999998
 10
33.930166666666665
 20
157.39533333333333
 10
33.782
 20
157.31066666666666
 10
33.67616666666667
 20
157.2895
 10
33.591499999999996
 20
157.2895
 10
33.528
 20
157.26833333333332
 10
33.42216666666667
 20
157.20483333333334
 10
33.358666666666664
 20
157.18366666666665
 10
33.147
 20
157.18366666666665
 10
33.10466666666667
 20
157.20483333333334
 10
33.04116666666667
 20
157.24716666666666
 10
32.977666666666664
 20
157.2895
 10
32.91416666666667
 20
157.33183333333332
 10
32.871833333333335
 20
157.37416666666667
 10
32.829499999999996
 20
157.45883333333333
 10
32.80833333333333
 20
157.5435
 10
32.787166666666664
 20
157.62816666666666
 10
32.787166666666664
 20
157.734
 10
32.766
 20
157.79749999999999
 10
32.66016666666667
 20
157.88216666666665
 10
32.61783333333333
 20
157.9245
 10
32.596666666666664
 20
157.96683333333334
 10
32.5755
 20
158.0515
 10
32.5755
 20
158.09383333333332
 10
32.533166666666666
 20
158.17849999999999
 10
32.533166666666666
 20
158.242
 10
32.512
 20
158.3055
 10
32.46966666666667
 20
158.369
 10
32.448499999999996
 20
158.4325
 10
32.448499999999996
 20
158.623
 10
32.42733333333333
 20
158.6865
 10
32.385
 20
158.75
 10
32.385
 20
158.79233333333332
 10
32.36383333333333
 20
158.85583333333332
 10
32.3215
 20
158.91933333333333
 10
32.27916666666667
 20
158.96166666666667
 10
32.23683333333333
 20
159.02516666666665
 10
32.215666666666664
 20
159.0675
 10
32.1945
 20
159.131
 10
32.1945
 20
159.21566666666666
 10
32.17333333333333
 20
159.25799999999998
 10
32.109833333333334
 20
159.3215
 10
32.025166666666664
 20
159.385
 10
32.025166666666664
 20
159.42733333333334
 10
32.04633333333333
 20
159.512
 10
32.04633333333333
 20
159.5755
 10
32.04633333333333
 20
159.61783333333332
 10
32.025166666666664
 20
159.68133333333333
 10
31.982833333333332
 20
159.74483333333333
 10
31.982833333333332
 20
159.78716666666665
 10
31.961666666666666
 20
159.85066666666665
 10
31.898166666666665
 20
159.9565
 10
31.877
 20
160.04116666666667
 10
31.877
 20
160.147
 10
31.855833333333333
 20
160.2105
 10
31.813499999999998
 20
160.274
 10
31.792333333333332
 20
160.37983333333332
 10
31.792333333333332
 20
160.44333333333333
 10
31.771166666666666
 20
160.54916666666665
 10
31.75
 20
160.63383333333334
 10
31.6865
 20
160.76083333333332
 10
31.644166666666667
 20
160.80316666666667
 10
31.60183333333333
 20
160.88783333333333
 10
31.580666666666666
 20
160.9725
 10
31.580666666666666
 20
161.036
 10
31.5595
 20
161.0995
 10
31.517166666666665
 20
161.16299999999998
 10
31.496
 20
161.26883333333333
 10
31.496
 20
161.37466666666666
 10
31.474833333333333
 20
161.43816666666666
 10
31.284333333333333
 20
161.798
 10
31.263166666666667
 20
161.8615
 10
31.242
 20
161.96733333333333
 10
31.242
 20
162.09433333333334
 10
31.22083333333333
 20
162.13666666666666
 10
31.1785
 20
162.179
 10
31.136166666666664
 20
162.26366666666667
 10
31.115
 20
162.32716666666667
 10
31.115
 20
162.39066666666668
 10
31.072666666666667
 20
162.45416666666665
 10
31.072666666666667
 20
162.4965
 10
30.988
 20
162.64466666666667
 10
30.966833333333334
 20
162.72933333333333
 10
30.966833333333334
 20
162.77166666666668
 10
30.9245
 20
162.83516666666665
 10
30.9245
 20
162.91983333333332
 10
30.882166666666667
 20
163.0045
 10
30.818666666666665
 20
163.08916666666667
 10
30.712833333333332
 20
163.2585
 10
30.712833333333332
 20
163.30083333333332
 10
30.755166666666664
 20
163.3855
 10
30.755166666666664
 20
163.42783333333333
 10
30.733999999999998
 20
163.49133333333333
 10
30.691666666666666
 20
163.576
 10
30.691666666666666
 20
163.66066666666666
 10
30.6705
 20
163.703
 10
30.607
 20
163.7665
 10
30.585833333333333
 20
163.80883333333333
 10
30.585833333333333
 20
163.957
 10
30.564666666666668
 20
164.04166666666666
 10
30.543499999999998
 20
164.084
 10
30.501166666666666
 20
164.12633333333332
 10
30.48
 20
164.16866666666667
 10
30.48
 20
164.29566666666665
 10
30.45883333333333
 20
164.35916666666665
 10
30.4165
 20
164.4015
 10
30.374166666666667
 20
164.465
 10
30.352999999999998
 20
164.5285
 10
30.331833333333332
 20
164.61316666666667
 10
30.310666666666666
 20
164.74016666666665
 10
30.310666666666666
 20
164.93066666666667
 10
30.352999999999998
 20
165.01533333333333
 10
30.437666666666665
 20
165.1
 10
30.48
 20
165.12116666666665
 10
30.543499999999998
 20
165.12116666666665
 10
30.607
 20
165.14233333333334
 10
30.712833333333332
 20
165.24816666666666
 10
30.755166666666664
 20
165.26933333333332
 10
30.818666666666665
 20
165.2905
 10
30.882166666666667
 20
165.31166666666667
 10
30.945666666666664
 20
165.31166666666667
 10
31.009166666666665
 20
165.33283333333333
 10
31.115
 20
165.39633333333333
 10
31.199666666666666
 20
165.4175
 10
31.284333333333333
 20
165.4175
 10
31.369
 20
165.43866666666665
 10
31.432499999999997
 20
165.45983333333334
 10
31.538333333333334
 20
165.52333333333334
 10
31.580666666666666
 20
165.52333333333334
 10
31.644166666666667
 20
165.56566666666666
 10
31.728833333333334
 20
165.58683333333332
 10
31.792333333333332
 20
165.58683333333332
 10
31.855833333333333
 20
165.608
 10
31.91933333333333
 20
165.65033333333332
 10
32.004
 20
165.6715
 10
32.0675
 20
165.69266666666667
 10
32.131
 20
165.71383333333333
 10
32.1945
 20
165.73499999999999
 10
32.342666666666666
 20
165.73499999999999
 10
32.406166666666664
 20
165.75616666666667
 10
32.490833333333335
 20
165.7985
 10
32.5755
 20
165.7985
 10
32.681333333333335
 20
165.81966666666665
 10
32.74483333333333
 20
165.84083333333334
 10
32.829499999999996
 20
165.88316666666665
 10
32.91416666666667
 20
165.90433333333334
 10
33.019999999999996
 20
165.90433333333334
 10
33.0835
 20
165.9255
 10
33.147
 20
165.94666666666666
  0
LWPOLYLINE
  5
5F
330
17
100
AcDbEntity
  8
0
100
AcDbPolyline
 90
55
 70
1
 10
60.15566666666666
 20
167.42833333333334
 10
60.176833333333335
 20
167.4495
 10
60.2615
 20
167.4495
 10
60.324999999999996
 20
167.42833333333334
 10
60.409666666666666
 20
167.386
 10
60.53666666666666
 20
167.259
 10
60.6425
 20
167.21666666666667
 10
60.7695
 20
167.08966666666666
 10
60.81183333333333
 20
167.02616666666665
 10
60.854166666666664
 20
166.96266666666665
 10
60.896499999999996
 20
166.878
 10
60.91766666666666
 20
166.81449999999998
 10
60.91766666666666
 20
166.6875
 10
60.96
 20
166.60283333333334
 10
60.96
 20
166.5605
 10
60.938833333333335
 20
166.49699999999999
 10
60.87533333333333
 20
166.39116666666666
 10
60.854166666666664
 20
166.3065
 10
60.854166666666664
 20
166.26416666666665
 10
60.81183333333333
 20
166.20066666666665
 10
60.81183333333333
 20
166.01016666666666
 10
60.79066666666667
 20
165.96783333333332
 10
60.72716666666666
 20
165.90433333333334
 10
60.60016666666667
 20
165.84083333333334
 10
60.49433333333333
 20
165.84083333333334
 10
60.43083333333333
 20
165.81966666666665
 10
60.367333333333335
 20
165.75616666666667
 10
60.30383333333333
 20
165.73499999999999
 10
59.838166666666666
 20
165.73499999999999
 10
59.77466666666667
 20
165.75616666666667
 10
59.52066666666666
 20
165.88316666666665
 10
59.457166666666666
 20
165.9255
 10
59.33016666666666
 20
166.0525
 10
59.224333333333334
 20
166.1795
 10
59.20316666666667
 20
166.22183333333334
 10
59.181999999999995
 20
166.28533333333334
 10
59.181999999999995
 20
166.32766666666666
 10
59.1185
 20
166.4335
 10
59.1185
 20
166.58166666666665
 10
59.13966666666666
 20
166.64516666666665
 10
59.16083333333333
 20
166.72983333333332
 10
59.181999999999995
 20
166.81449999999998
 10
59.20316666666667
 20
166.89916666666667
 10
59.33016666666666
 20
167.02616666666665
 10
59.372499999999995
 20
167.11083333333332
 10
59.47833333333333
 20
167.21666666666667
 10
59.54183333333333
 20
167.23783333333333
 10
59.605333333333334
 20
167.23783333333333
 10
59.711166666666664
 20
167.30133333333333
 10
59.77466666666667
 20
167.3225
 10
59.85933333333333
 20
167.34366666666665
 10
59.943999999999996
 20
167.34366666666665
 10
60.0075
 20
167.36483333333334
 10
60.071
 20
167.40716666666665
 10
60.11333333333333
 20
167.40716666666665
  0
LWPOLYLINE
  5
60
330
17
100
AcDbEntity
  8
0
100
AcDbPolyline
 90
219
 70
1
 10
38.84083333333333
 20
169.799
 10
38.946666666666665
 20
169.799
 10
39.01016666666666
 20
169.77783333333332
 10
39.07366666666667
 20
169.75666666666666
 10
39.137166666666666
 20
169.71433333333331
 10
39.1795
 20
169.71433333333331
 10
39.22183333333333
 20
169.672
 10
39.26416666666667
 20
169.65083333333334
 10
39.3065
 20
169.65083333333334
 10
39.39116666666666
 20
169.62966666666665
 10
39.4335
 20
169.58733333333333
 10
39.497
 20
169.56616666666667
 10
39.58166666666666
 20
169.48149999999998
 10
39.624
 20
169.37566666666666
 10
39.666333333333334
 20
169.33333333333331
 10
39.751
 20
169.33333333333331
 10
39.814499999999995
 20
169.31216666666666
 10
39.856833333333334
 20
169.291
 10
39.9415
 20
169.2275
 10
40.17433333333333
 20
168.99466666666666
 10
40.3225
 20
168.86766666666665
 10
40.40716666666667
 20
168.82533333333333
 10
40.49183333333333
 20
168.74066666666667
 10
40.55533333333333
 20
168.71949999999998
 10
40.66116666666667
 20
168.61366666666666
 10
40.766999999999996
 20
168.55016666666666
 10
40.999833333333335
 20
168.33849999999998
 10
41.190333333333335
 20
168.148
 10
41.402
 20
167.95749999999998
 10
41.61366666666667
 20
167.767
 10
41.69833333333333
 20
167.72466666666665
 10
41.952333333333335
 20
167.49183333333332
 10
42.058166666666665
 20
167.386
 10
42.18516666666667
 20
167.23783333333333
 10
42.248666666666665
 20
167.21666666666667
 10
42.33333333333333
 20
167.15316666666666
 10
42.6085
 20
166.89916666666667
 10
42.71433333333333
 20
166.77216666666666
 10
42.799
 20
166.70866666666666
 10
42.8625
 20
166.6875
 10
42.9895
 20
166.5605
 10
43.053
 20
166.53933333333333
 10
43.158833333333334
 20
166.4335
 10
43.307
 20
166.3065
 10
43.349333333333334
 20
166.28533333333334
 10
43.41283333333333
 20
166.26416666666665
 10
43.45516666666666
 20
166.26416666666665
 10
43.582166666666666
 20
166.11599999999999
 10
43.64566666666666
 20
166.0525
 10
43.772666666666666
 20
165.94666666666666
 10
43.85733333333333
 20
165.88316666666665
 10
43.942
 20
165.84083333333334
 10
44.026666666666664
 20
165.77733333333333
 10
44.153666666666666
 20
165.65033333333332
 10
44.196
 20
165.56566666666666
 10
44.301833333333335
 20
165.45983333333334
 10
44.3865
 20
165.4175
 10
44.47116666666667
 20
165.33283333333333
 10
44.492333333333335
 20
165.26933333333332
 10
44.640499999999996
 20
165.12116666666665
 10
44.788666666666664
 20
165.05766666666665
 10
44.85216666666666
 20
165.01533333333333
 10
44.958
 20
164.93066666666667
 10
45.063833333333335
 20
164.82483333333332
 10
45.063833333333335
 20
164.7825
 10
45.1485
 20
164.63433333333333
 10
45.1485
 20
164.59199999999998
 10
45.169666666666664
 20
164.54966666666667
 10
45.339
 20
164.38033333333334
 10
45.360166666666665
 20
164.10516666666666
 10
45.360166666666665
 20
163.91466666666668
 10
45.339
 20
163.82999999999998
 10
45.31783333333333
 20
163.74533333333332
 10
45.254333333333335
 20
163.61833333333334
 10
45.211999999999996
 20
163.576
 10
45.12733333333333
 20
163.3855
 10
45.085
 20
163.34316666666666
 10
45.063833333333335
 20
163.27966666666666
 10
45.021499999999996
 20
163.21616666666665
 10
44.958
 20
163.1315
 10
44.85216666666666
 20
163.02566666666667
 10
44.80983333333333
 20
162.941
 10
44.640499999999996
 20
162.79283333333333
 10
44.598166666666664
 20
162.7505
 10
44.55583333333333
 20
162.66583333333332
 10
44.42883333333333
 20
162.53883333333332
 10
44.3865
 20
162.45416666666665
 10
44.344166666666666
 20
162.39066666666668
 10
44.111333333333334
 20
162.13666666666666
 10
44.026666666666664
 20
162.052
 10
43.89966666666667
 20
161.94616666666667
 10
43.85733333333333
 20
161.88266666666667
 10
43.79383333333333
 20
161.77683333333331
 10
43.561
 20
161.54399999999998
 10
43.47633333333333
 20
161.50166666666667
 10
43.41283333333333
 20
161.4805
 10
43.349333333333334
 20
161.4805
 10
43.307
 20
161.45933333333332
 10
43.26466666666666
 20
161.417
 10
43.18
 20
161.37466666666666
 10
43.03183333333333
 20
161.3535
 10
42.69316666666666
 20
161.33233333333334
 10
42.46033333333333
 20
161.33233333333334
 10
42.33333333333333
 20
161.3535
 10
42.26983333333333
 20
161.37466666666666
 10
42.20633333333333
 20
161.417
 10
42.164
 20
161.45933333333332
 10
41.9735
 20
161.54399999999998
 10
41.88883333333333
 20
161.6075
 10
41.80416666666667
 20
161.69216666666665
 10
41.7195
 20
161.7345
 10
41.50783333333333
 20
161.94616666666667
 10
41.42316666666667
 20
162.00966666666667
 10
41.31733333333333
 20
162.09433333333334
 10
41.25383333333333
 20
162.1155
 10
41.190333333333335
 20
162.15783333333331
 10
41.06333333333333
 20
162.30599999999998
 10
40.957499999999996
 20
162.41183333333333
 10
40.87283333333333
 20
162.433
 10
40.78816666666667
 20
162.433
 10
40.724666666666664
 20
162.4965
 10
40.7035
 20
162.53883333333332
 10
40.7035
 20
162.60233333333332
 10
40.68233333333333
 20
162.64466666666667
 10
40.64
 20
162.70816666666667
 10
40.59766666666667
 20
162.7505
 10
40.49183333333333
 20
162.814
 10
40.3225
 20
162.98333333333332
 10
40.259
 20
163.02566666666667
 10
40.195499999999996
 20
163.04683333333332
 10
40.047333333333334
 20
163.195
 10
39.9415
 20
163.27966666666666
 10
39.856833333333334
 20
163.322
 10
39.772166666666664
 20
163.40666666666667
 10
39.6875
 20
163.47016666666667
 10
39.624
 20
163.5125
 10
39.53933333333333
 20
163.576
 10
39.41233333333333
 20
163.6395
 10
39.37
 20
163.6395
 10
39.3065
 20
163.66066666666666
 10
39.22183333333333
 20
163.74533333333332
 10
39.22183333333333
 20
163.78766666666667
 10
39.1795
 20
163.82999999999998
 10
39.0525
 20
163.93583333333333
 10
38.946666666666665
 20
164.06283333333332
 10
38.9255
 20
164.12633333333332
 10
38.84083333333333
 20
164.21099999999998
 10
38.756166666666665
 20
164.25333333333333
 10
38.71383333333333
 20
164.25333333333333
 10
38.65033333333333
 20
164.29566666666665
 10
38.50216666666667
 20
164.44383333333332
 10
38.43866666666666
 20
164.465
 10
38.227
 20
164.67666666666665
 10
38.1635
 20
164.719
 10
38.1
 20
164.74016666666665
 10
38.0365
 20
164.80366666666666
 10
37.973
 20
164.9095
 10
37.9095
 20
164.95183333333333
 10
37.76133333333333
 20
165.01533333333333
 10
37.67666666666666
 20
165.1
 10
37.655499999999996
 20
165.1635
 10
37.5285
 20
165.2905
 10
37.44383333333333
 20
165.35399999999998
 10
37.4015
 20
165.39633333333333
 10
37.338
 20
165.45983333333334
 10
37.316833333333335
 20
165.52333333333334
 10
37.126333333333335
 20
165.69266666666667
 10
37.0205
 20
165.7985
 10
36.80883333333333
 20
165.9255
 10
36.7665
 20
165.96783333333332
 10
36.745333333333335
 20
166.03133333333332
 10
36.702999999999996
 20
166.07366666666667
 10
36.68183333333333
 20
166.13716666666667
 10
36.449
 20
166.37
 10
36.406666666666666
 20
166.4335
 10
36.34316666666667
 20
166.51816666666667
 10
36.30083333333333
 20
166.624
 10
36.2585
 20
166.66633333333334
 10
36.23733333333333
 20
166.72983333333332
 10
36.195
 20
166.77216666666666
 10
36.131499999999996
 20
166.89916666666667
 10
36.131499999999996
 20
167.08966666666666
 10
36.15266666666667
 20
167.17433333333332
 10
36.173833333333334
 20
167.23783333333333
 10
36.216166666666666
 20
167.34366666666665
 10
36.23733333333333
 20
167.40716666666665
 10
36.2585
 20
167.49183333333332
 10
36.2585
 20
167.59766666666667
 10
36.321999999999996
 20
167.72466666666665
 10
36.6395
 20
168.04216666666667
 10
36.68183333333333
 20
168.12683333333334
 10
36.7665
 20
168.23266666666666
 10
36.83
 20
168.31733333333332
 10
36.935833333333335
 20
168.42316666666667
 10
36.97816666666667
 20
168.4655
 10
37.0205
 20
168.50783333333334
 10
37.06283333333333
 20
168.5925
 10
37.126333333333335
 20
168.656
 10
37.211
 20
168.69833333333332
 10
37.316833333333335
 20
168.80416666666667
 10
37.38033333333333
 20
168.95233333333334
 10
37.422666666666665
 20
168.99466666666666
 10
37.5285
 20
169.05816666666666
 10
37.592
 20
169.14283333333333
 10
37.613166666666665
 20
169.20633333333333
 10
37.63433333333333
 20
169.24866666666665
 10
37.74016666666667
 20
169.3545
 10
37.803666666666665
 20
169.37566666666666
 10
37.9095
 20
169.48149999999998
 10
37.994166666666665
 20
169.545
 10
38.05766666666666
 20
169.58733333333333
 10
38.1
 20
169.58733333333333
 10
38.20583333333333
 20
169.65083333333334
 10
38.269333333333336
 20
169.672
 10
38.33283333333333
 20
169.69316666666666
 10
38.4175
 20
169.71433333333331
 10
38.50216666666667
 20
169.7355
 10
38.58683333333333
 20
169.75666666666666
 10
38.756166666666665
 20
169.75666666666666
  0
LWPOLYLINE
  5
61
330
17
100
AcDbEntity
  8
0
100
AcDbPolyline
 90
149
 70
1
 10
90.4875
 20
170.73033333333333
 10
90.57216666666666
 20
170.73033333333333
 10
90.678
 20
170.70916666666668
 10
90.97433333333333
 20
170.73033333333333
 10
91.14366666666666
 20
170.70916666666668
 10
91.2495
 20
170.66683333333333
 10
91.5035
 20
170.66683333333333
 10
91.54583333333333
 20
170.64566666666667
 10
91.60933333333332
 20
170.58216666666667
 10
91.6305
 20
170.51866666666666
 10
91.65166666666667
 20
170.45516666666666
 10
91.67283333333333
 20
170.39166666666665
 10
91.694
 20
170.307
 10
91.694
 20
170.20116666666667
 10
91.67283333333333
 20
169.71433333333331
 10
91.694
 20
169.48149999999998
 10
91.73633333333333
 20
169.37566666666666
 10
91.73633333333333
 20
169.26983333333334
 10
91.694
 20
169.05816666666666
 10
91.694
 20
168.95233333333334
 10
91.73633333333333
 20
168.91
 10
91.7575
 20
168.8465
 10
91.7575
 20
168.63483333333332
 10
91.821
 20
168.529
 10
91.821
 20
168.021
 10
91.84216666666667
 20
167.97866666666667
 10
91.948
 20
167.87283333333332
 10
91.948
 20
167.80933333333334
 10
91.8845
 20
167.7035
 10
91.8845
 20
167.53416666666666
 10
91.92683333333333
 20
167.47066666666666
 10
91.92683333333333
 20
167.36483333333334
 10
91.8845
 20
167.28016666666667
 10
91.8845
 20
167.132
 10
91.90566666666666
 20
166.72983333333332
 10
91.948
 20
166.64516666666665
 10
91.948
 20
166.5605
 10
91.99033333333333
 20
166.47583333333333
 10
92.0115
 20
166.39116666666666
 10
92.0115
 20
166.28533333333334
 10
92.0115
 20
166.0525
 10
91.99033333333333
 20
165.88316666666665
 10
91.99033333333333
 20
165.7985
 10
91.99033333333333
 20
165.608
 10
91.99033333333333
 20
165.56566666666666
 10
92.0115
 20
164.69783333333334
 10
92.05383333333333
 20
164.5285
 10
92.05383333333333
 20
164.31683333333334
 10
92.075
 20
164.06283333333332
 10
92.09616666666666
 20
163.99933333333334
 10
92.1385
 20
163.93583333333333
 10
92.11733333333333
 20
163.7665
 10
92.11733333333333
 20
163.6395
 10
92.1385
 20
163.49133333333333
 10
92.18083333333333
 20
163.36433333333332
 10
92.15966666666667
 20
162.89866666666666
 10
92.15966666666667
 20
162.814
 10
92.18083333333333
 20
162.6235
 10
92.1385
 20
162.53883333333332
 10
92.03266666666667
 20
162.433
 10
91.99033333333333
 20
162.41183333333333
 10
91.90566666666666
 20
162.39066666666668
 10
91.79983333333332
 20
162.3695
 10
91.71516666666666
 20
162.34833333333333
 10
91.58816666666667
 20
162.32716666666667
 10
91.39766666666667
 20
162.30599999999998
 10
90.82616666666667
 20
162.30599999999998
 10
90.52983333333333
 20
162.26366666666667
 10
90.1065
 20
162.26366666666667
 10
90.04299999999999
 20
162.2425
 10
89.95833333333333
 20
162.20016666666666
 10
89.64083333333333
 20
162.20016666666666
 10
89.49266666666666
 20
162.15783333333331
 10
89.19633333333333
 20
162.15783333333331
 10
89.154
 20
162.179
 10
89.04816666666666
 20
162.28483333333332
 10
89.00583333333333
 20
162.34833333333333
 10
88.9635
 20
162.433
 10
88.94233333333334
 20
162.4965
 10
88.92116666666666
 20
162.58116666666666
 10
88.89999999999999
 20
162.64466666666667
 10
88.87883333333333
 20
162.77166666666668
 10
88.85766666666666
 20
162.98333333333332
 10
88.85766666666666
 20
163.08916666666667
 10
88.87883333333333
 20
163.3855
 10
88.85766666666666
 20
163.703
 10
88.8365
 20
163.78766666666667
 10
88.79416666666667
 20
163.85116666666667
 10
88.773
 20
163.91466666666668
 10
88.773
 20
163.957
 10
88.81533333333333
 20
164.06283333333332
 10
88.8365
 20
164.23216666666667
 10
88.81533333333333
 20
164.338
 10
88.773
 20
164.48616666666666
 10
88.773
 20
164.63433333333333
 10
88.75183333333334
 20
164.80366666666666
 10
88.70949999999999
 20
164.88833333333332
 10
88.70949999999999
 20
165.1635
 10
88.66716666666666
 20
165.24816666666666
 10
88.66716666666666
 20
165.37516666666667
 10
88.70949999999999
 20
165.45983333333334
 10
88.70949999999999
 20
165.52333333333334
 10
88.66716666666666
 20
165.62916666666666
 10
88.66716666666666
 20
165.69266666666667
 10
88.70949999999999
 20
165.81966666666665
 10
88.70949999999999
 20
165.94666666666666
 10
88.70949999999999
 20
166.13716666666667
 10
88.70949999999999
 20
166.22183333333334
 10
88.68833333333333
 20
166.3065
 10
88.66716666666666
 20
166.37
 10
88.62483333333333
 20
166.4335
 10
88.60366666666667
 20
166.49699999999999
 10
88.5825
 20
166.70866666666666
 10
88.5825
 20
166.96266666666665
 10
88.54016666666666
 20
167.04733333333334
 10
88.49783333333333
 20
167.08966666666666
 10
88.47666666666666
 20
167.132
 10
88.47666666666666
 20
167.21666666666667
 10
88.51899999999999
 20
167.30133333333333
 10
88.51899999999999
 20
167.74583333333334
 10
88.49783333333333
 20
167.95749999999998
 10
88.4555
 20
168.06333333333333
 10
88.4555
 20
168.25383333333332
 10
88.47666666666666
 20
168.61366666666666
 10
88.4555
 20
168.99466666666666
 10
88.43433333333333
 20
169.33333333333331
 10
88.41316666666667
 20
169.545
 10
88.37083333333334
 20
169.62966666666665
 10
88.34966666666666
 20
169.69316666666666
 10
88.34966666666666
 20
169.799
 10
88.37083333333334
 20
169.926
 10
88.34966666666666
 20
170.15883333333332
 10
88.41316666666667
 20
170.26466666666667
 10
88.41316666666667
 20
170.307
 10
88.51899999999999
 20
170.41283333333334
 10
88.56133333333334
 20
170.434
 10
88.646
 20
170.45516666666666
 10
88.68833333333333
 20
170.45516666666666
 10
88.75183333333334
 20
170.4975
 10
88.81533333333333
 20
170.51866666666666
 10
88.87883333333333
 20
170.53983333333332
 10
88.94233333333334
 20
170.561
 10
89.027
 20
170.58216666666667
 10
89.09049999999999
 20
170.60333333333332
 10
89.154
 20
170.62449999999998
 10
89.30216666666666
 20
170.64566666666667
 10
89.49266666666666
 20
170.66683333333333
 10
89.9795
 20
170.66683333333333
 10
90.06416666666667
 20
170.70916666666668
  0
LWPOLYLINE
  5
62
330
17
100
AcDbEntity
  8
0
100
AcDbPolyline
 90
100
 70
1
 10
95.41933333333333
 20
172.4025
 10
95.80033333333333
 20
172.4025
 10
95.88499999999999
 20
172.38133333333332
 10
95.96966666666667
 20
172.36016666666666
 10
96.03316666666666
 20
172.339
 10
96.09666666666666
 20
172.31783333333334
 10
96.18133333333333
 20
172.2755
 10
96.22366666666666
 20
172.2755
 10
96.28716666666666
 20
172.23316666666665
 10
96.47766666666666
 20
172.23316666666665
 10
96.56233333333333
 20
172.14849999999998
 10
96.56233333333333
 20
172.085
 10
96.60466666666666
 20
172.04266666666666
 10
96.64699999999999
 20
172.0215
 10
96.68933333333334
 20
172.0215
 10
96.73166666666667
 20
172.00033333333332
 10
96.774
 20
171.958
 10
96.79516666666666
 20
171.8945
 10
96.901
 20
171.80983333333333
 10
96.94333333333333
 20
171.76749999999998
 10
96.9645
 20
171.72516666666667
 10
96.9645
 20
171.68283333333332
 10
96.98566666666666
 20
171.61933333333332
 10
97.00683333333333
 20
171.577
 10
97.04916666666666
 20
171.53466666666665
 10
97.0915
 20
171.47116666666668
 10
97.13383333333333
 20
171.38649999999998
 10
97.13383333333333
 20
171.34416666666667
 10
97.17616666666666
 20
171.28066666666666
 10
97.19733333333333
 20
170.942
 10
97.19733333333333
 20
170.66683333333333
 10
97.17616666666666
 20
170.4975
 10
97.155
 20
170.3705
 10
97.13383333333333
 20
170.28583333333333
 10
97.11266666666667
 20
170.24349999999998
 10
97.07033333333334
 20
170.18
 10
97.02799999999999
 20
170.1165
 10
96.9645
 20
170.053
 10
96.92216666666667
 20
169.9895
 10
96.85866666666666
 20
169.84133333333332
 10
96.56233333333333
 20
169.545
 10
96.47766666666666
 20
169.48149999999998
 10
96.3295
 20
169.418
 10
96.28716666666666
 20
169.37566666666666
 10
96.24483333333333
 20
169.3545
 10
96.18133333333333
 20
169.33333333333331
 10
96.11783333333334
 20
169.31216666666666
 10
96.05433333333333
 20
169.291
 10
95.99083333333333
 20
169.26983333333334
 10
95.92733333333334
 20
169.24866666666665
 10
95.86383333333333
 20
169.2275
 10
95.77916666666667
 20
169.2275
 10
95.71566666666666
 20
169.20633333333333
 10
95.65216666666666
 20
169.164
 10
95.27116666666666
 20
169.164
 10
95.1865
 20
169.18516666666667
 10
95.10183333333333
 20
169.2275
 10
95.01716666666667
 20
169.2275
 10
94.95366666666666
 20
169.24866666666665
 10
94.8055
 20
169.33333333333331
 10
94.76316666666666
 20
169.33333333333331
 10
94.69966666666666
 20
169.37566666666666
 10
94.63616666666667
 20
169.418
 10
94.59383333333334
 20
169.46033333333332
 10
94.44566666666667
 20
169.52383333333333
 10
94.38216666666666
 20
169.58733333333333
 10
94.33983333333333
 20
169.672
 10
94.25516666666667
 20
169.77783333333332
 10
94.19166666666666
 20
169.84133333333332
 10
94.12816666666666
 20
169.926
 10
94.08583333333333
 20
169.96833333333333
 10
94.0435
 20
170.053
 10
94.0435
 20
170.1165
 10
94.00116666666666
 20
170.18
 10
94.00116666666666
 20
170.22233333333332
 10
93.87416666666667
 20
170.45516666666666
 10
93.853
 20
170.85733333333332
 10
93.853
 20
171.1325
 10
93.87416666666667
 20
171.196
 10
93.89533333333333
 20
171.23833333333332
 10
93.93766666666666
 20
171.28066666666666
 10
93.98
 20
171.36533333333333
 10
94.00116666666666
 20
171.42883333333333
 10
94.00116666666666
 20
171.49233333333333
 10
94.02233333333334
 20
171.55583333333334
 10
94.06466666666667
 20
171.6405
 10
94.1705
 20
171.74633333333333
 10
94.2975
 20
171.85216666666665
 10
94.361
 20
171.958
 10
94.50916666666666
 20
172.10616666666667
 10
94.59383333333334
 20
172.16966666666667
 10
94.6785
 20
172.212
 10
94.74199999999999
 20
172.23316666666665
 10
94.8055
 20
172.25433333333334
 10
94.89016666666666
 20
172.2755
 10
94.996
 20
172.29666666666665
 10
95.08066666666666
 20
172.29666666666665
 10
95.16533333333334
 20
172.339
 10
95.22883333333333
 20
172.36016666666666
 10
95.31349999999999
 20
172.38133333333332
  0
LWPOLYLINE
  5
63
330
17
100
AcDbEntity
  8
0
100
AcDbPolyline
 90
495
 70
1
 10
76.2
 20
182.13916666666665
 10
76.3905
 20
182.13916666666665
 10
76.454
 20
182.118
 10
76.53866666666667
 20
182.01216666666667
 10
76.60216666666666
 20
181.96983333333333
 10
76.66566666666667
 20
181.92749999999998
 10
76.72916666666667
 20
181.90633333333332
 10
76.81383333333333
 20
181.90633333333332
 10
76.8985
 20
181.82166666666666
 10
76.91966666666667
 20
181.75816666666665
 10
76.94083333333333
 20
181.69466666666665
 10
76.962
 20
181.63116666666667
 10
76.962
 20
181.58883333333333
 10
76.98316666666666
 20
181.52533333333332
 10
77.00433333333334
 20
181.46183333333332
 10
77.06783333333333
 20
181.356
 10
77.06783333333333
 20
181.27133333333333
 10
77.0255
 20
181.18666666666667
 10
77.0255
 20
181.14433333333332
 10
77.04666666666667
 20
181.08083333333332
 10
77.11016666666666
 20
180.99616666666665
 10
77.23716666666667
 20
180.86916666666667
 10
77.2795
 20
180.80566666666667
 10
77.32183333333333
 20
180.74216666666666
 10
77.343
 20
180.69983333333332
 10
77.343
 20
180.6575
 10
77.38533333333334
 20
180.594
 10
77.38533333333334
 20
180.55166666666665
 10
77.42766666666667
 20
180.50933333333333
 10
77.47
 20
180.42466666666667
 10
77.47
 20
180.25533333333334
 10
77.49116666666666
 20
180.17066666666665
 10
77.61816666666667
 20
179.93783333333332
 10
77.63933333333333
 20
179.87433333333334
 10
77.63933333333333
 20
179.832
 10
77.74516666666666
 20
179.6415
 10
77.74516666666666
 20
179.578
 10
77.76633333333334
 20
179.5145
 10
77.7875
 20
179.47216666666665
 10
77.82983333333333
 20
179.42983333333333
 10
77.89333333333333
 20
179.34516666666667
 10
77.9145
 20
179.2605
 10
77.9145
 20
179.197
 10
77.95683333333334
 20
179.11233333333334
 10
77.99916666666667
 20
179.07
 10
78.02033333333333
 20
179.0065
 10
78.0415
 20
178.94299999999998
 10
78.0415
 20
178.8795
 10
78.06266666666666
 20
178.816
 10
78.08383333333333
 20
178.77366666666666
 10
78.12616666666666
 20
178.73133333333334
 10
78.18966666666667
 20
178.60433333333333
 10
78.18966666666667
 20
178.47733333333332
 10
78.21083333333333
 20
178.41383333333332
 10
78.232
 20
178.3715
 10
78.27433333333333
 20
178.32916666666665
 10
78.31666666666666
 20
178.2445
 10
78.33783333333334
 20
178.18099999999998
 10
78.33783333333334
 20
178.01166666666666
 10
78.359
 20
177.96933333333334
 10
78.40133333333333
 20
177.927
 10
78.46483333333333
 20
177.79999999999998
 10
78.46483333333333
 20
177.75766666666667
 10
78.486
 20
177.69416666666666
 10
78.50716666666666
 20
177.63066666666666
 10
78.5495
 20
177.56716666666665
 10
78.613
 20
177.50366666666667
 10
78.63416666666666
 20
177.46133333333333
 10
78.65533333333333
 20
177.37666666666667
 10
78.65533333333333
 20
177.31316666666666
 10
78.6765
 20
177.24966666666666
 10
78.71883333333334
 20
177.18616666666665
 10
78.71883333333334
 20
177.14383333333333
 10
78.74
 20
177.08033333333333
 10
78.78233333333333
 20
177.01683333333332
 10
78.78233333333333
 20
176.9745
 10
78.88816666666666
 20
176.784
 10
78.88816666666666
 20
176.69933333333333
 10
78.90933333333334
 20
176.63583333333332
 10
78.994
 20
176.48766666666666
 10
78.994
 20
176.44533333333334
 10
79.09983333333334
 20
176.25483333333332
 10
79.121
 20
176.19133333333332
 10
79.121
 20
176.149
 10
79.16333333333333
 20
176.0855
 10
79.1845
 20
176.022
 10
79.1845
 20
175.91616666666667
 10
79.20566666666666
 20
175.85266666666666
 10
79.22683333333333
 20
175.81033333333332
 10
79.26916666666666
 20
175.768
 10
79.26916666666666
 20
175.7045
 10
79.29033333333334
 20
175.641
 10
79.3115
 20
175.59866666666667
 10
79.35383333333333
 20
175.55633333333333
 10
79.375
 20
175.51399999999998
 10
79.39616666666666
 20
175.4505
 10
79.41733333333333
 20
175.387
 10
79.41733333333333
 20
175.28116666666665
 10
79.4385
 20
175.23883333333333
 10
79.48083333333334
 20
175.1965
 10
79.5655
 20
175.02716666666666
 10
79.5655
 20
174.98483333333334
 10
79.60783333333333
 20
174.92133333333334
 10
79.62899999999999
 20
174.85783333333333
 10
79.65016666666666
 20
174.79433333333333
 10
79.65016666666666
 20
174.73083333333332
 10
79.67133333333334
 20
174.66733333333332
 10
79.71366666666667
 20
174.60383333333334
 10
79.71366666666667
 20
174.5615
 10
79.756
 20
174.498
 10
79.756
 20
174.43449999999999
 10
79.77716666666666
 20
174.37099999999998
 10
79.81949999999999
 20
174.3075
 10
79.883
 20
174.244
 10
79.90416666666667
 20
174.20166666666665
 10
79.90416666666667
 20
174.13816666666665
 10
79.92533333333333
 20
174.09583333333333
 10
79.96766666666666
 20
174.05349999999999
 10
80.00999999999999
 20
173.96883333333332
 10
80.03116666666666
 20
173.90533333333332
 10
80.03116666666666
 20
173.863
 10
80.15816666666666
 20
173.63016666666667
 10
80.17933333333333
 20
173.56666666666666
 10
80.20049999999999
 20
173.482
 10
80.22166666666666
 20
173.39733333333334
 10
80.24283333333334
 20
173.33383333333333
 10
80.24283333333334
 20
172.974
 10
80.22166666666666
 20
172.93166666666667
 10
80.0735
 20
172.7835
 10
79.98883333333333
 20
172.74116666666666
 10
79.92533333333333
 20
172.72
 10
79.86183333333334
 20
172.69883333333334
 10
79.67133333333334
 20
172.69883333333334
 10
79.58666666666666
 20
172.72
 10
79.502
 20
172.74116666666666
 10
79.41733333333333
 20
172.76233333333332
 10
79.35383333333333
 20
172.80466666666666
 10
79.3115
 20
172.80466666666666
 10
79.248
 20
172.847
 10
79.1845
 20
172.86816666666667
 10
79.14216666666667
 20
172.86816666666667
 10
79.07866666666666
 20
172.91049999999998
 10
79.01516666666666
 20
172.93166666666667
 10
78.90933333333334
 20
172.95283333333333
 10
78.84583333333333
 20
172.95283333333333
 10
78.78233333333333
 20
172.974
 10
78.69766666666666
 20
172.99516666666665
 10
78.613
 20
173.01633333333334
 10
78.5495
 20
173.0375
 10
78.50716666666666
 20
173.07983333333334
 10
78.46483333333333
 20
173.101
 10
78.4225
 20
173.101
 10
78.359
 20
173.14333333333332
 10
78.2955
 20
173.1645
 10
78.25316666666666
 20
173.1645
 10
78.18966666666667
 20
173.20683333333332
 10
78.14733333333334
 20
173.20683333333332
 10
78.08383333333333
 20
173.24916666666667
 10
78.02033333333333
 20
173.27033333333333
 10
77.95683333333334
 20
173.29149999999998
 10
77.9145
 20
173.29149999999998
 10
77.851
 20
173.33383333333333
 10
77.7875
 20
173.33383333333333
 10
77.70283333333333
 20
173.355
 10
77.63933333333333
 20
173.39733333333334
 10
77.597
 20
173.39733333333334
 10
77.49116666666666
 20
173.46083333333334
 10
77.38533333333334
 20
173.482
 10
77.2795
 20
173.482
 10
77.19483333333334
 20
173.52433333333332
 10
77.04666666666667
 20
173.52433333333332
 10
76.94083333333333
 20
173.58783333333332
 10
76.87733333333333
 20
173.58783333333332
 10
76.79266666666666
 20
173.50316666666666
 10
76.79266666666666
 20
173.4185
 10
76.79266666666666
 20
173.228
 10
76.79266666666666
 20
173.12216666666666
 10
76.81383333333333
 20
173.05866666666665
 10
76.835
 20
172.99516666666665
 10
76.85616666666667
 20
172.93166666666667
 10
76.87733333333333
 20
172.847
 10
76.8985
 20
172.7835
 10
76.94083333333333
 20
172.72
 10
76.962
 20
172.6565
 10
76.98316666666666
 20
172.593
 10
76.98316666666666
 20
172.50833333333333
 10
77.00433333333334
 20
172.42366666666666
 10
77.04666666666667
 20
172.36016666666666
 10
77.06783333333333
 20
172.29666666666665
 10
77.089
 20
172.212
 10
77.11016666666666
 20
172.14849999999998
 10
77.13133333333333
 20
172.085
 10
77.13133333333333
 20
171.93683333333334
 10
77.1525
 20
171.87333333333333
 10
77.19483333333334
 20
171.78866666666667
 10
77.4065
 20
171.577
 10
77.44883333333333
 20
171.55583333333334
 10
77.49116666666666
 20
171.55583333333334
 10
77.55466666666666
 20
171.55583333333334
 10
77.61816666666667
 20
171.577
 10
77.6605
 20
171.61933333333332
 10
77.724
 20
171.66166666666666
 10
77.851
 20
171.72516666666667
 10
77.978
 20
171.72516666666667
 10
78.105
 20
171.704
 10
78.1685
 20
171.68283333333332
 10
78.232
 20
171.6405
 10
78.31666666666666
 20
171.55583333333334
 10
78.33783333333334
 20
171.49233333333333
 10
78.33783333333334
 20
171.45
 10
78.33783333333334
 20
171.28066666666666
 10
78.33783333333334
 20
171.17483333333334
 10
78.31666666666666
 20
171.04783333333333
 10
78.33783333333334
 20
170.83616666666666
 10
78.2955
 20
170.688
 10
78.27433333333333
 20
170.47633333333332
 10
78.27433333333333
 20
170.20116666666667
 10
78.232
 20
170.07416666666666
 10
78.232
 20
170.03183333333334
 10
78.25316666666666
 20
169.926
 10
78.232
 20
169.84133333333332
 10
78.18966666666667
 20
169.75666666666666
 10
78.1685
 20
169.33333333333331
 10
78.1685
 20
168.783
 10
78.12616666666666
 20
168.63483333333332
 10
78.105
 20
168.50783333333334
 10
78.12616666666666
 20
168.402
 10
78.12616666666666
 20
168.33849999999998
 10
78.08383333333333
 20
168.2115
 10
78.105
 20
168.10566666666665
 10
78.105
 20
168.06333333333333
 10
78.08383333333333
 20
167.95749999999998
 10
78.0415
 20
167.87283333333332
 10
78.02033333333333
 20
167.66116666666667
 10
78.02033333333333
 20
167.19549999999998
 10
77.978
 20
166.9415
 10
77.978
 20
166.878
 10
77.99916666666667
 20
166.70866666666666
 10
77.978
 20
166.47583333333333
 10
77.89333333333333
 20
166.39116666666666
 10
77.74516666666666
 20
166.26416666666665
 10
77.6605
 20
166.20066666666665
 10
77.597
 20
166.15833333333333
 10
77.5335
 20
166.13716666666667
 10
77.36416666666666
 20
166.13716666666667
 10
77.2795
 20
166.15833333333333
 10
77.23716666666667
 20
166.1795
 10
77.17366666666666
 20
166.22183333333334
 10
77.0255
 20
166.39116666666666
 10
76.962
 20
166.45466666666667
 10
76.8985
 20
166.47583333333333
 10
76.708
 20
166.66633333333334
 10
76.6445
 20
166.751
 10
76.581
 20
166.85683333333333
 10
76.454
 20
167.005
 10
76.28466666666667
 20
167.15316666666666
 10
76.17883333333333
 20
167.259
 10
76.15766666666667
 20
167.3225
 10
76.073
 20
167.40716666666665
 10
76.03066666666666
 20
167.47066666666666
 10
75.98833333333333
 20
167.57649999999998
 10
75.946
 20
167.64
 10
75.90366666666667
 20
167.7035
 10
75.819
 20
167.80933333333334
 10
75.58616666666667
 20
168.021
 10
75.39566666666667
 20
168.2115
 10
75.39566666666667
 20
168.25383333333332
 10
75.3745
 20
168.29616666666666
 10
75.20516666666667
 20
168.44433333333333
 10
75.09933333333333
 20
168.55016666666666
 10
75.07816666666666
 20
168.5925
 10
75.07816666666666
 20
168.63483333333332
 10
75.057
 20
168.71949999999998
 10
75.03583333333333
 20
168.76183333333333
 10
74.9935
 20
168.80416666666667
 10
74.90883333333333
 20
168.86766666666665
 10
74.8665
 20
168.91
 10
74.803
 20
168.9735
 10
74.78183333333332
 20
169.037
 10
74.63366666666667
 20
169.18516666666667
 10
74.59133333333332
 20
169.291
 10
74.54899999999999
 20
169.3545
 10
74.50666666666666
 20
169.418
 10
74.40083333333334
 20
169.52383333333333
 10
74.35849999999999
 20
169.56616666666667
 10
74.25266666666667
 20
169.672
 10
74.12566666666666
 20
169.82016666666667
 10
74.08333333333333
 20
169.88366666666667
 10
74.06216666666667
 20
169.94716666666667
 10
74.01983333333334
 20
169.9895
 10
73.97749999999999
 20
170.053
 10
73.95633333333333
 20
170.09533333333331
 10
73.93516666666666
 20
170.15883333333332
 10
73.914
 20
170.24349999999998
 10
73.914
 20
170.28583333333333
 10
73.99866666666667
 20
170.39166666666665
 10
74.041
 20
170.434
 10
74.14683333333333
 20
170.47633333333332
 10
74.18916666666667
 20
170.51866666666666
 10
74.2315
 20
170.53983333333332
 10
74.37966666666667
 20
170.51866666666666
 10
74.4855
 20
170.51866666666666
 10
74.57016666666667
 20
170.561
 10
74.63366666666667
 20
170.62449999999998
 10
74.65483333333333
 20
170.66683333333333
 10
74.65483333333333
 20
171.00549999999998
 10
74.57016666666667
 20
171.15366666666665
 10
74.57016666666667
 20
171.196
 10
74.52783333333333
 20
171.2595
 10
74.52783333333333
 20
171.34416666666667
 10
74.50666666666666
 20
171.45
 10
74.4855
 20
171.5135
 10
74.2315
 20
172.00033333333332
 10
74.2315
 20
172.085
 10
74.21033333333334
 20
172.16966666666667
 10
74.18916666666667
 20
172.23316666666665
 10
74.16799999999999
 20
172.29666666666665
 10
74.14683333333333
 20
172.339
 10
74.1045
 20
172.4025
 10
74.06216666666667
 20
172.44483333333332
 10
74.041
 20
172.48716666666667
 10
74.01983333333334
 20
172.55066666666667
 10
74.01983333333334
 20
172.593
 10
73.97749999999999
 20
172.63533333333334
 10
73.914
 20
172.76233333333332
 10
73.89283333333333
 20
172.847
 10
73.87166666666667
 20
172.91049999999998
 10
73.87166666666667
 20
172.99516666666665
 10
73.8505
 20
173.05866666666665
 10
73.7235
 20
173.29149999999998
 10
73.70233333333333
 20
173.355
 10
73.70233333333333
 20
173.46083333333334
 10
73.68116666666667
 20
173.52433333333332
 10
73.61766666666666
 20
173.63016666666667
 10
73.61766666666666
 20
173.67249999999999
 10
73.57533333333333
 20
173.736
 10
73.57533333333333
 20
173.7995
 10
73.55416666666666
 20
173.863
 10
73.533
 20
173.9265
 10
73.51183333333333
 20
173.96883333333332
 10
73.4695
 20
174.03233333333333
 10
73.36366666666666
 20
174.13816666666665
 10
73.3425
 20
174.20166666666665
 10
73.3425
 20
174.32866666666666
 10
73.32133333333333
 20
174.39216666666667
 10
73.30016666666667
 20
174.45566666666667
 10
73.279
 20
174.51916666666665
 10
73.25783333333334
 20
174.58266666666665
 10
73.17316666666666
 20
174.73083333333332
 10
73.152
 20
174.79433333333333
 10
73.152
 20
174.85783333333333
 10
73.13083333333333
 20
174.92133333333334
 10
73.10966666666667
 20
174.98483333333334
 10
72.9615
 20
175.26
 10
72.94033333333333
 20
175.34466666666665
 10
72.94033333333333
 20
175.387
 10
72.91916666666667
 20
175.4505
 10
72.87683333333334
 20
175.51399999999998
 10
72.85566666666666
 20
175.5775
 10
72.85566666666666
 20
175.641
 10
72.83449999999999
 20
175.7045
 10
72.74983333333333
 20
175.78916666666666
 10
72.7075
 20
175.85266666666666
 10
72.68633333333334
 20
175.89499999999998
 10
72.68633333333334
 20
175.97966666666667
 10
72.64399999999999
 20
176.06433333333334
 10
72.64399999999999
 20
176.10666666666665
 10
72.64399999999999
 20
176.17016666666666
 10
72.64399999999999
 20
176.27599999999998
 10
72.55933333333333
 20
176.42416666666665
 10
72.55933333333333
 20
176.48766666666666
 10
72.45349999999999
 20
176.67816666666667
 10
72.43233333333333
 20
176.76283333333333
 10
72.41116666666666
 20
176.86866666666666
 10
72.41116666666666
 20
176.95333333333332
 10
72.45349999999999
 20
177.03799999999998
 10
72.60166666666666
 20
177.18616666666665
 10
72.68633333333334
 20
177.24966666666666
 10
72.72866666666667
 20
177.27083333333331
 10
73.02499999999999
 20
177.27083333333331
 10
73.0885
 20
177.24966666666666
 10
73.17316666666666
 20
177.20733333333334
 10
73.30016666666667
 20
177.20733333333334
 10
73.36366666666666
 20
177.18616666666665
 10
73.4695
 20
177.12266666666667
 10
73.533
 20
177.1015
 10
73.63883333333334
 20
177.1015
 10
73.7235
 20
177.05916666666667
 10
73.8505
 20
176.95333333333332
 10
73.914
 20
176.93216666666666
 10
73.99866666666667
 20
176.95333333333332
 10
74.041
 20
176.93216666666666
 10
74.08333333333333
 20
176.8898333333333
 10
74.12566666666666
 20
176.86866666666666
 10
74.18916666666667
 20
176.8475
 10
74.295
 20
176.8475
 10
74.35849999999999
 20
176.82633333333334
 10
74.40083333333334
 20
176.784
 10
74.44316666666667
 20
176.76283333333333
 10
74.52783333333333
 20
176.74166666666667
 10
74.59133333333332
 20
176.74166666666667
 10
74.65483333333333
 20
176.69933333333333
 10
74.71833333333333
 20
176.67816666666667
 10
74.82416666666667
 20
176.67816666666667
 10
74.92999999999999
 20
176.7205
 10
75.03583333333333
 20
176.67816666666667
 10
75.09933333333333
 20
176.74166666666667
 10
75.12049999999999
 20
176.784
 10
75.12049999999999
 20
176.9745
 10
75.09933333333333
 20
177.05916666666667
 10
75.057
 20
177.14383333333333
 10
74.9935
 20
177.20733333333334
 10
74.8665
 20
177.31316666666666
 10
74.8665
 20
177.4825
 10
74.84533333333333
 20
177.56716666666665
 10
74.803
 20
177.63066666666666
 10
74.803
 20
177.673
 10
74.78183333333332
 20
177.7365
 10
74.69716666666666
 20
177.90583333333333
 10
74.54899999999999
 20
178.054
 10
74.52783333333333
 20
178.1175
 10
74.52783333333333
 20
178.18099999999998
 10
74.46433333333333
 20
178.308
 10
74.422
 20
178.35033333333334
 10
74.37966666666667
 20
178.45616666666666
 10
74.33733333333333
 20
178.4985
 10
74.33733333333333
 20
178.54083333333332
 10
74.27383333333333
 20
178.64666666666668
 10
74.27383333333333
 20
178.689
 10
74.2315
 20
178.77366666666666
 10
74.16799999999999
 20
178.83716666666666
 10
74.06216666666667
 20
179.07
 10
74.01983333333334
 20
179.11233333333334
 10
73.97749999999999
 20
179.17583333333332
 10
73.93516666666666
 20
179.2605
 10
73.93516666666666
 20
179.30283333333333
 10
73.87166666666667
 20
179.42983333333333
 10
73.82933333333334
 20
179.49333333333334
 10
73.7235
 20
179.578
 10
73.68116666666667
 20
179.62033333333332
 10
73.63883333333334
 20
179.68383333333333
 10
73.59649999999999
 20
179.7685
 10
73.57533333333333
 20
179.832
 10
73.57533333333333
 20
179.87433333333334
 10
73.533
 20
179.91666666666666
 10
73.51183333333333
 20
179.98016666666666
 10
73.4695
 20
180.0225
 10
73.40599999999999
 20
180.10716666666667
 10
73.38483333333333
 20
180.1495
 10
73.38483333333333
 20
180.19183333333334
 10
73.3425
 20
180.25533333333334
 10
73.3425
 20
180.29766666666666
 10
73.30016666666667
 20
180.36116666666666
 10
73.30016666666667
 20
180.4035
 10
73.19433333333333
 20
180.594
 10
73.19433333333333
 20
180.63633333333334
 10
73.17316666666666
 20
180.69983333333332
 10
73.152
 20
180.76333333333332
 10
73.13083333333333
 20
180.80566666666667
 10
73.0885
 20
180.84799999999998
 10
72.98266666666666
 20
181.05966666666666
 10
72.98266666666666
 20
181.102
 10
72.91916666666667
 20
181.20783333333333
 10
72.898
 20
181.31366666666665
 10
72.898
 20
181.39833333333334
 10
72.94033333333333
 20
181.483
 10
73.04616666666666
 20
181.58883333333333
 10
73.152
 20
181.63116666666667
 10
73.21549999999999
 20
181.69466666666665
 10
73.279
 20
181.737
 10
73.63883333333334
 20
181.737
 10
73.68116666666667
 20
181.75816666666665
 10
73.7235
 20
181.8005
 10
73.78699999999999
 20
181.82166666666666
 10
73.8505
 20
181.84283333333332
 10
73.914
 20
181.864
 10
74.16799999999999
 20
181.88516666666666
 10
74.31616666666666
 20
181.88516666666666
 10
74.52783333333333
 20
181.864
 10
74.65483333333333
 20
181.90633333333332
 10
74.84533333333333
 20
181.90633333333332
 10
75.03583333333333
 20
181.92749999999998
 10
75.12049999999999
 20
181.94866666666667
 10
75.22633333333333
 20
181.96983333333333
 10
75.31099999999999
 20
181.99099999999999
 10
75.3745
 20
182.01216666666667
 10
75.41683333333333
 20
182.0545
 10
75.45916666666666
 20
182.07566666666665
 10
75.58616666666667
 20
182.07566666666665
 10
75.7555
 20
182.0545
 10
75.8825
 20
182.01216666666667
 10
75.946
 20
182.01216666666667
 10
75.98833333333333
 20
182.03333333333333
 10
76.05183333333333
 20
182.09683333333334
 10
76.09416666666667
 20
182.118
  0
LWPOLYLINE
  5
64
330
17
100
AcDbEntity
  8
0
100
AcDbPolyline
 90
63
 70
1
 10
39.20066666666666
 20
185.97033333333331
 10
39.22183333333333
 20
185.9915
 10
39.3065
 20
185.9915
 10
39.37
 20
185.94916666666666
 10
39.41233333333333
 20
185.94916666666666
 10
39.497
 20
185.928
 10
39.666333333333334
 20
185.84333333333333
 10
39.751
 20
185.75866666666667
 10
39.772166666666664
 20
185.69516666666667
 10
39.83566666666667
 20
185.63166666666666
 10
39.878
 20
185.547
 10
39.856833333333334
 20
185.4835
 10
39.751
 20
185.50466666666665
 10
39.751
 20
185.44116666666667
 10
39.772166666666664
 20
185.37766666666667
 10
39.83566666666667
 20
185.27183333333332
 10
39.856833333333334
 20
185.18716666666666
 10
39.878
 20
185.08133333333333
 10
39.899166666666666
 20
184.97549999999998
 10
39.899166666666666
 20
184.8273333333333
 10
39.9415
 20
184.7215
 10
39.9415
 20
184.61566666666667
 10
39.814499999999995
 20
184.48866666666666
 10
39.772166666666664
 20
184.404
 10
39.772166666666664
 20
184.36166666666665
 10
39.6875
 20
184.277
 10
39.60283333333333
 20
184.21349999999998
 10
39.53933333333333
 20
184.17116666666666
 10
39.327666666666666
 20
184.06533333333334
 10
39.285333333333334
 20
184.06533333333334
 10
39.22183333333333
 20
184.023
 10
39.137166666666666
 20
184.00183333333334
 10
38.84083333333333
 20
184.00183333333334
 10
38.756166666666665
 20
184.023
 10
38.69266666666667
 20
184.04416666666665
 10
38.62916666666666
 20
184.06533333333334
 10
38.565666666666665
 20
184.0865
 10
38.43866666666666
 20
184.15
 10
38.375166666666665
 20
184.19233333333332
 10
38.1635
 20
184.404
 10
38.12116666666667
 20
184.4675
 10
38.078833333333336
 20
184.531
 10
38.0365
 20
184.61566666666667
 10
38.0365
 20
184.95433333333332
 10
38.05766666666666
 20
185.01783333333333
 10
38.078833333333336
 20
185.1025
 10
38.1
 20
185.166
 10
38.12116666666667
 20
185.2295
 10
38.14233333333333
 20
185.293
 10
38.184666666666665
 20
185.35649999999998
 10
38.269333333333336
 20
185.44116666666667
 10
38.31166666666667
 20
185.52583333333334
 10
38.375166666666665
 20
185.58933333333331
 10
38.481
 20
185.674
 10
38.50216666666667
 20
185.73749999999998
 10
38.58683333333333
 20
185.82216666666667
 10
38.65033333333333
 20
185.84333333333333
 10
38.71383333333333
 20
185.84333333333333
 10
38.77733333333333
 20
185.88566666666665
 10
38.84083333333333
 20
185.90683333333334
 10
39.03133333333333
 20
185.88566666666665
 10
39.116
 20
185.88566666666665
 10
39.15833333333333
 20
185.928
  0
LWPOLYLINE
  5
65
330
17
100
AcDbEntity
  8
0
100
AcDbPolyline
 90
563
 70
1
 10
44.72516666666667
 20
187.49433333333332
 10
45.00033333333333
 20
187.49433333333332
 10
45.10616666666667
 20
187.47316666666666
 10
45.23316666666666
 20
187.40966666666665
 10
45.2755
 20
187.36733333333333
 10
45.38133333333333
 20
187.325
 10
45.466
 20
187.24033333333333
 10
45.5295
 20
187.198
 10
45.592999999999996
 20
187.198
 10
45.635333333333335
 20
187.17683333333332
 10
45.69883333333333
 20
187.11333333333332
 10
45.99516666666666
 20
186.79583333333332
 10
46.122166666666665
 20
186.69
 10
46.1645
 20
186.66883333333334
 10
46.228
 20
186.64766666666665
 10
46.27033333333333
 20
186.64766666666665
 10
46.33383333333333
 20
186.60533333333333
 10
46.43966666666667
 20
186.49949999999998
 10
46.482
 20
186.49949999999998
 10
46.56666666666666
 20
186.45716666666667
 10
46.609
 20
186.41483333333332
 10
46.63016666666667
 20
186.3725
 10
46.63016666666667
 20
186.33016666666666
 10
46.65133333333333
 20
186.28783333333334
 10
46.693666666666665
 20
186.2455
 10
46.884166666666665
 20
186.055
 10
46.9265
 20
186.01266666666666
 10
47.032333333333334
 20
185.97033333333331
 10
47.09583333333333
 20
185.928
 10
47.15933333333333
 20
185.8645
 10
47.3075
 20
185.69516666666667
 10
47.370999999999995
 20
185.65283333333332
 10
47.4345
 20
185.63166666666666
 10
47.51916666666666
 20
185.547
 10
47.54033333333333
 20
185.4835
 10
47.603833333333334
 20
185.39883333333333
 10
47.646166666666666
 20
185.35649999999998
 10
47.794333333333334
 20
185.2295
 10
47.942499999999995
 20
185.1025
 10
48.04833333333333
 20
185.06016666666667
 10
48.1965
 20
184.912
 10
48.23883333333333
 20
184.8273333333333
 10
48.281166666666664
 20
184.785
 10
48.408166666666666
 20
184.70033333333333
 10
48.53516666666667
 20
184.57333333333332
 10
48.5775
 20
184.55216666666666
 10
48.641
 20
184.531
 10
48.704499999999996
 20
184.531
 10
48.768
 20
184.48866666666666
 10
48.852666666666664
 20
184.42516666666666
 10
48.91616666666666
 20
184.36166666666665
 10
48.97966666666667
 20
184.3405
 10
49.10666666666666
 20
184.21349999999998
 10
49.149
 20
184.12883333333332
 10
49.2125
 20
184.06533333333334
 10
49.29716666666666
 20
184.023
 10
49.466499999999996
 20
183.85366666666667
 10
49.57233333333333
 20
183.81133333333332
 10
49.63583333333333
 20
183.769
 10
49.8475
 20
183.5785
 10
49.995666666666665
 20
183.43033333333332
 10
50.24966666666666
 20
183.15516666666667
 10
50.292
 20
183.11283333333333
 10
50.376666666666665
 20
183.02816666666666
 10
50.4825
 20
182.96466666666666
 10
50.58833333333333
 20
182.85883333333334
 10
50.673
 20
182.8165
 10
50.8635
 20
182.626
 10
50.948166666666665
 20
182.499
 10
51.03283333333333
 20
182.41433333333333
 10
51.15983333333333
 20
182.30849999999998
 10
51.26566666666667
 20
182.22383333333332
 10
51.329166666666666
 20
182.20266666666666
 10
51.39266666666666
 20
182.16033333333334
 10
51.477333333333334
 20
182.0545
 10
51.54083333333333
 20
181.99099999999999
 10
51.625499999999995
 20
181.94866666666667
 10
51.8795
 20
181.69466666666665
 10
51.964166666666664
 20
181.63116666666667
 10
52.11233333333333
 20
181.56766666666667
 10
52.30283333333333
 20
181.39833333333334
 10
52.49333333333333
 20
181.20783333333333
 10
52.55683333333333
 20
181.18666666666667
 10
52.66266666666667
 20
181.05966666666666
 10
52.726166666666664
 20
180.99616666666665
 10
52.98016666666666
 20
180.76333333333332
 10
53.06483333333333
 20
180.721
 10
53.191833333333335
 20
180.594
 10
53.25533333333333
 20
180.57283333333334
 10
53.31883333333333
 20
180.50933333333333
 10
53.36116666666666
 20
180.4035
 10
53.467
 20
180.29766666666666
 10
53.530499999999996
 20
180.2765
 10
53.69983333333333
 20
180.10716666666667
 10
53.80566666666667
 20
180.04366666666667
 10
53.869166666666665
 20
180.00133333333332
 10
54.0385
 20
179.81083333333333
 10
54.2925
 20
179.578
 10
54.356
 20
179.55683333333332
 10
54.440666666666665
 20
179.49333333333334
 10
54.52533333333333
 20
179.40866666666665
 10
54.61
 20
179.36633333333333
 10
54.84283333333333
 20
179.1335
 10
54.88516666666666
 20
179.09116666666665
 10
54.969833333333334
 20
179.0065
 10
55.03333333333333
 20
178.96416666666667
 10
55.09683333333333
 20
178.94299999999998
 10
55.202666666666666
 20
178.83716666666666
 10
55.308499999999995
 20
178.77366666666666
 10
55.41433333333333
 20
178.66783333333333
 10
55.498999999999995
 20
178.6255
 10
55.647166666666664
 20
178.47733333333332
 10
55.79533333333333
 20
178.28683333333333
 10
55.85883333333333
 20
178.22333333333333
 10
55.9435
 20
178.15983333333332
 10
56.028166666666664
 20
178.1175
 10
56.1975
 20
177.94816666666665
 10
56.28216666666666
 20
177.90583333333333
 10
56.345666666666666
 20
177.8635
 10
56.388
 20
177.82116666666667
 10
56.493833333333335
 20
177.69416666666666
 10
56.599666666666664
 20
177.63066666666666
 10
56.769
 20
177.46133333333333
 10
56.81133333333333
 20
177.3555
 10
56.85366666666666
 20
177.31316666666666
 10
56.93833333333333
 20
177.24966666666666
 10
57.022999999999996
 20
177.18616666666665
 10
57.19233333333333
 20
177.08033333333333
 10
57.23466666666666
 20
177.03799999999998
 10
57.277
 20
176.95333333333332
 10
57.31933333333333
 20
176.911
 10
57.42516666666666
 20
176.86866666666666
 10
57.50983333333333
 20
176.80516666666665
 10
57.61566666666666
 20
176.7205
 10
57.742666666666665
 20
176.5935
 10
57.82733333333333
 20
176.53
 10
57.89083333333333
 20
176.48766666666666
 10
57.99666666666666
 20
176.44533333333334
 10
58.039
 20
176.403
 10
58.1025
 20
176.38183333333333
 10
58.14483333333333
 20
176.3395
 10
58.20833333333333
 20
176.19133333333332
 10
58.314166666666665
 20
176.0855
 10
58.37766666666666
 20
176.06433333333334
 10
58.42
 20
176.022
 10
58.504666666666665
 20
175.97966666666667
 10
58.547
 20
175.93733333333333
 10
58.6105
 20
175.91616666666667
 10
58.843333333333334
 20
175.66216666666665
 10
58.928
 20
175.5775
 10
59.01266666666667
 20
175.53516666666667
 10
59.055
 20
175.49283333333332
 10
59.076166666666666
 20
175.42933333333332
 10
59.181999999999995
 20
175.3235
 10
59.28783333333333
 20
175.26
 10
59.52066666666666
 20
175.02716666666666
 10
59.58416666666667
 20
175.006
 10
59.711166666666664
 20
174.85783333333333
 10
59.817
 20
174.77316666666667
 10
59.8805
 20
174.70966666666666
 10
59.986333333333334
 20
174.58266666666665
 10
60.071
 20
174.51916666666665
 10
60.15566666666666
 20
174.45566666666667
 10
60.219166666666666
 20
174.43449999999999
 10
60.282666666666664
 20
174.39216666666667
 10
60.324999999999996
 20
174.34983333333332
 10
60.3885
 20
174.26516666666666
 10
60.473166666666664
 20
174.22283333333334
 10
60.72716666666666
 20
173.96883333333332
 10
60.81183333333333
 20
173.90533333333332
 10
60.938833333333335
 20
173.82066666666665
 10
61.1505
 20
173.609
 10
61.235166666666665
 20
173.5455
 10
61.341
 20
173.46083333333334
 10
61.425666666666665
 20
173.4185
 10
61.55266666666667
 20
173.29149999999998
 10
61.6585
 20
173.1645
 10
61.74316666666667
 20
173.05866666666665
 10
61.849
 20
172.93166666666667
 10
61.87016666666666
 20
172.82583333333332
 10
61.87016666666666
 20
172.48716666666667
 10
61.82783333333333
 20
172.4025
 10
61.74316666666667
 20
172.31783333333334
 10
61.70083333333333
 20
172.25433333333334
 10
61.67966666666666
 20
172.19083333333333
 10
61.63733333333333
 20
172.12733333333333
 10
61.595
 20
172.06383333333332
 10
61.51033333333333
 20
171.97916666666666
 10
61.44683333333333
 20
171.831
 10
61.38333333333333
 20
171.76749999999998
 10
61.31983333333333
 20
171.74633333333333
 10
61.00233333333333
 20
171.42883333333333
 10
60.81183333333333
 20
171.21716666666666
 10
60.748333333333335
 20
171.11133333333333
 10
60.6425
 20
171.00549999999998
 10
60.60016666666667
 20
170.92083333333332
 10
60.60016666666667
 20
170.85733333333332
 10
60.53666666666666
 20
170.79383333333334
 10
60.49433333333333
 20
170.77266666666665
 10
60.452
 20
170.77266666666665
 10
60.34616666666666
 20
170.66683333333333
 10
60.30383333333333
 20
170.58216666666667
 10
60.092166666666664
 20
170.3705
 10
60.04983333333333
 20
170.26466666666667
 10
59.943999999999996
 20
170.15883333333332
 10
59.711166666666664
 20
169.94716666666667
 10
59.66883333333333
 20
169.86249999999998
 10
59.66883333333333
 20
169.82016666666667
 10
59.6265
 20
169.7355
 10
59.58416666666667
 20
169.69316666666666
 10
59.457166666666666
 20
169.6085
 10
59.16083333333333
 20
169.31216666666666
 10
59.076166666666666
 20
169.18516666666667
 10
58.885666666666665
 20
168.99466666666666
 10
58.75866666666666
 20
168.82533333333333
 10
58.547
 20
168.61366666666666
 10
58.52583333333333
 20
168.55016666666666
 10
58.4835
 20
168.48666666666665
 10
58.25066666666667
 20
168.25383333333332
 10
58.14483333333333
 20
168.12683333333334
 10
58.039
 20
167.99983333333333
 10
57.99666666666666
 20
167.894
 10
57.933166666666665
 20
167.8305
 10
57.8485
 20
167.78816666666665
 10
57.80616666666666
 20
167.74583333333334
 10
57.70033333333333
 20
167.59766666666667
 10
57.70033333333333
 20
167.55533333333332
 10
57.50983333333333
 20
167.34366666666665
 10
57.255833333333335
 20
167.08966666666666
 10
57.213499999999996
 20
167.005
 10
57.12883333333333
 20
166.89916666666667
 10
57.04416666666666
 20
166.79333333333332
 10
56.980666666666664
 20
166.70866666666666
 10
56.93833333333333
 20
166.66633333333334
 10
56.874833333333335
 20
166.624
 10
56.769
 20
166.45466666666667
 10
56.493833333333335
 20
166.1795
 10
56.409166666666664
 20
166.07366666666667
 10
56.388
 20
166.03133333333332
 10
56.388
 20
165.989
 10
56.36683333333333
 20
165.94666666666666
 10
56.303333333333335
 20
165.88316666666665
 10
56.23983333333333
 20
165.862
 10
56.09166666666667
 20
165.71383333333333
 10
56.04933333333333
 20
165.62916666666666
 10
56.007
 20
165.56566666666666
 10
55.9435
 20
165.50216666666665
 10
55.90116666666667
 20
165.45983333333334
 10
55.85883333333333
 20
165.4175
 10
55.8165
 20
165.33283333333333
 10
55.753
 20
165.24816666666666
 10
55.689499999999995
 20
165.18466666666666
 10
55.5625
 20
165.07883333333334
 10
55.52016666666667
 20
165.01533333333333
 10
55.4355
 20
164.82483333333332
 10
55.308499999999995
 20
164.69783333333334
 10
55.117999999999995
 20
164.5285
 10
55.07566666666666
 20
164.48616666666666
 10
54.94866666666667
 20
164.35916666666665
 10
54.88516666666666
 20
164.31683333333334
 10
54.8005
 20
164.2745
 10
54.71583333333333
 20
164.21099999999998
 10
54.61
 20
164.10516666666666
 10
54.52533333333333
 20
164.04166666666666
 10
54.440666666666665
 20
163.99933333333334
 10
54.356
 20
163.97816666666665
 10
54.20783333333333
 20
163.97816666666665
 10
54.08083333333333
 20
163.99933333333334
 10
54.01733333333333
 20
164.0205
 10
53.93266666666666
 20
164.06283333333332
 10
53.869166666666665
 20
164.10516666666666
 10
53.82683333333333
 20
164.1475
 10
53.76333333333333
 20
164.18983333333333
 10
53.678666666666665
 20
164.23216666666667
 10
53.63633333333333
 20
164.23216666666667
 10
53.594
 20
164.25333333333333
 10
53.50933333333333
 20
164.338
 10
53.44583333333333
 20
164.38033333333334
 10
53.339999999999996
 20
164.42266666666666
 10
53.2765
 20
164.465
 10
53.213
 20
164.5285
 10
53.149499999999996
 20
164.57083333333333
 10
53.086
 20
164.61316666666667
 10
52.93783333333333
 20
164.67666666666665
 10
52.8955
 20
164.719
 10
52.810833333333335
 20
164.82483333333332
 10
52.810833333333335
 20
164.95183333333333
 10
52.68383333333333
 20
165.05766666666665
 10
52.6415
 20
165.05766666666665
 10
52.535666666666664
 20
165.1635
 10
52.429833333333335
 20
165.227
 10
52.36633333333333
 20
165.26933333333332
 10
52.11233333333333
 20
165.50216666666665
 10
52.07
 20
165.5445
 10
51.943
 20
165.69266666666667
 10
51.8795
 20
165.73499999999999
 10
51.689
 20
165.81966666666665
 10
51.64666666666667
 20
165.862
 10
51.60433333333333
 20
165.94666666666666
 10
51.54083333333333
 20
166.01016666666666
 10
51.41383333333333
 20
166.11599999999999
 10
51.22333333333333
 20
166.32766666666666
 10
51.138666666666666
 20
166.37
 10
51.096333333333334
 20
166.39116666666666
 10
51.03283333333333
 20
166.47583333333333
 10
50.96933333333333
 20
166.51816666666667
 10
50.88466666666667
 20
166.5605
 10
50.84233333333333
 20
166.58166666666665
 10
50.567166666666665
 20
166.85683333333333
 10
50.46133333333333
 20
166.89916666666667
 10
50.419
 20
166.9415
 10
50.3555
 20
167.02616666666665
 10
50.31316666666667
 20
167.0685
 10
50.24966666666666
 20
167.11083333333332
 10
50.038
 20
167.3225
 10
49.9745
 20
167.36483333333334
 10
49.911
 20
167.386
 10
49.784
 20
167.53416666666666
 10
49.74166666666667
 20
167.57649999999998
 10
49.614666666666665
 20
167.66116666666667
 10
49.53
 20
167.74583333333334
 10
49.44533333333333
 20
167.87283333333332
 10
49.403
 20
167.91516666666666
 10
49.29716666666666
 20
167.95749999999998
 10
49.2125
 20
168.04216666666667
 10
49.149
 20
168.06333333333333
 10
49.085499999999996
 20
168.10566666666665
 10
49.022
 20
168.148
 10
48.97966666666667
 20
168.19033333333334
 10
48.937333333333335
 20
168.275
 10
48.72566666666666
 20
168.48666666666665
 10
48.662166666666664
 20
168.529
 10
48.59866666666667
 20
168.55016666666666
 10
48.4505
 20
168.67716666666666
 10
48.1965
 20
168.93116666666666
 10
48.11183333333333
 20
168.9735
 10
48.04833333333333
 20
169.037
 10
47.92133333333333
 20
169.18516666666667
 10
47.8155
 20
169.26983333333334
 10
47.73083333333333
 20
169.31216666666666
 10
47.625
 20
169.418
 10
47.561499999999995
 20
169.46033333333332
 10
47.498
 20
169.48149999999998
 10
47.413333333333334
 20
169.58733333333333
 10
47.32866666666666
 20
169.65083333333334
 10
47.265166666666666
 20
169.69316666666666
 10
47.1805
 20
169.7355
 10
47.117
 20
169.77783333333332
 10
47.032333333333334
 20
169.86249999999998
 10
46.884166666666665
 20
170.03183333333334
 10
46.7995
 20
170.07416666666666
 10
46.63016666666667
 20
170.22233333333332
 10
46.228
 20
170.62449999999998
 10
46.1645
 20
170.73033333333333
 10
46.101
 20
170.79383333333334
 10
45.99516666666666
 20
170.83616666666666
 10
45.931666666666665
 20
170.8785
 10
45.86816666666667
 20
170.942
 10
45.80466666666666
 20
170.96316666666667
 10
45.741166666666665
 20
171.00549999999998
 10
45.67766666666667
 20
171.04783333333333
 10
45.61416666666666
 20
171.09016666666668
 10
45.550666666666665
 20
171.15366666666665
 10
45.50833333333333
 20
171.196
 10
45.466
 20
171.2595
 10
45.360166666666665
 20
171.36533333333333
 10
45.19083333333333
 20
171.5135
 10
45.085
 20
171.55583333333334
 10
44.979166666666664
 20
171.6405
 10
44.8945
 20
171.72516666666667
 10
44.80983333333333
 20
171.76749999999998
 10
44.72516666666667
 20
171.85216666666665
 10
44.598166666666664
 20
171.958
 10
44.534666666666666
 20
172.00033333333332
 10
44.47116666666667
 20
172.0215
 10
44.407666666666664
 20
172.085
 10
44.3865
 20
172.14849999999998
 10
44.344166666666666
 20
172.212
 10
44.217166666666664
 20
172.339
 10
44.0055
 20
172.44483333333332
 10
43.963166666666666
 20
172.44483333333332
 10
43.920833333333334
 20
172.466
 10
43.815
 20
172.57183333333333
 10
43.7515
 20
172.72
 10
43.64566666666666
 20
172.82583333333332
 10
43.582166666666666
 20
172.847
 10
43.4975
 20
172.91049999999998
 10
43.349333333333334
 20
173.05866666666665
 10
43.2435
 20
173.101
 10
43.158833333333334
 20
173.18566666666666
 10
43.09533333333333
 20
173.27033333333333
 10
43.053
 20
173.31266666666667
 10
42.94716666666667
 20
173.39733333333334
 10
42.84133333333333
 20
173.50316666666666
 10
42.7355
 20
173.63016666666667
 10
42.672
 20
173.67249999999999
 10
42.6085
 20
173.71483333333333
 10
42.545
 20
173.75716666666665
 10
42.46033333333333
 20
173.7995
 10
42.33333333333333
 20
173.7995
 10
42.26983333333333
 20
173.863
 10
42.248666666666665
 20
173.90533333333332
 10
42.248666666666665
 20
173.99
 10
42.2275
 20
174.05349999999999
 10
42.20633333333333
 20
174.09583333333333
 10
42.12166666666666
 20
174.1805
 10
42.058166666666665
 20
174.20166666666665
 10
41.99466666666667
 20
174.244
 10
41.91
 20
174.3075
 10
41.8465
 20
174.37099999999998
 10
41.783
 20
174.39216666666667
 10
41.5925
 20
174.58266666666665
 10
41.528999999999996
 20
174.625
 10
41.42316666666667
 20
174.66733333333332
 10
41.338499999999996
 20
174.75199999999998
 10
41.31733333333333
 20
174.8155
 10
41.275
 20
174.879
 10
41.190333333333335
 20
174.96366666666665
 10
41.105666666666664
 20
175.006
 10
40.957499999999996
 20
175.15416666666667
 10
40.809333333333335
 20
175.21766666666667
 10
40.74583333333333
 20
175.26
 10
40.68233333333333
 20
175.3235
 10
40.618833333333335
 20
175.42933333333332
 10
40.576499999999996
 20
175.49283333333332
 10
40.513
 20
175.55633333333333
 10
40.4495
 20
175.59866666666667
 10
40.36483333333333
 20
175.641
 10
40.30133333333333
 20
175.68333333333334
 10
40.237833333333334
 20
175.74683333333334
 10
40.02616666666667
 20
175.97966666666667
 10
39.9415
 20
176.022
 10
39.878
 20
176.06433333333334
 10
39.772166666666664
 20
176.17016666666666
 10
39.72983333333333
 20
176.25483333333332
 10
39.666333333333334
 20
176.31833333333333
 10
39.60283333333333
 20
176.3395
 10
39.475833333333334
 20
176.4665
 10
39.37
 20
176.55116666666666
 10
39.243
 20
176.65699999999998
 10
39.137166666666666
 20
176.74166666666667
 10
39.07366666666667
 20
176.784
 10
39.01016666666666
 20
176.80516666666665
 10
38.946666666666665
 20
176.8475
 10
38.50216666666667
 20
177.292
 10
38.43866666666666
 20
177.31316666666666
 10
38.39633333333333
 20
177.3555
 10
38.2905
 20
177.39783333333332
 10
38.227
 20
177.44016666666667
 10
37.846
 20
177.84233333333333
 10
37.803666666666665
 20
177.88466666666667
 10
37.719
 20
177.927
 10
37.57083333333333
 20
178.09633333333332
 10
37.5285
 20
178.13866666666667
 10
37.35916666666667
 20
178.28683333333333
 10
37.211
 20
178.58316666666667
 10
37.18983333333333
 20
178.64666666666668
 10
37.18983333333333
 20
178.816
 10
37.211
 20
178.92183333333332
 10
37.232166666666664
 20
178.98533333333333
 10
37.274499999999996
 20
179.04883333333333
 10
37.274499999999996
 20
179.09116666666665
 10
37.338
 20
179.21816666666666
 10
37.44383333333333
 20
179.34516666666667
 10
37.613166666666665
 20
179.5145
 10
37.67666666666666
 20
179.62033333333332
 10
37.7825
 20
179.72616666666667
 10
37.82483333333333
 20
179.78966666666665
 10
37.888333333333335
 20
179.87433333333334
 10
37.93066666666667
 20
179.93783333333332
 10
37.93066666666667
 20
179.98016666666666
 10
37.95183333333333
 20
180.0225
 10
38.0365
 20
180.10716666666667
 10
38.1
 20
180.1495
 10
38.1635
 20
180.17066666666665
 10
38.269333333333336
 20
180.2765
 10
38.2905
 20
180.34
 10
38.33283333333333
 20
180.4035
 10
38.375166666666665
 20
180.42466666666667
 10
38.459833333333336
 20
180.5305
 10
38.52333333333333
 20
180.63633333333334
 10
38.6715
 20
180.7845
 10
38.71383333333333
 20
180.86916666666667
 10
38.862
 20
181.01733333333334
 10
38.946666666666665
 20
181.20783333333333
 10
39.03133333333333
 20
181.2925
 10
39.07366666666667
 20
181.31366666666665
 10
39.116
 20
181.31366666666665
 10
39.15833333333333
 20
181.33483333333334
 10
39.1795
 20
181.37716666666665
 10
39.1795
 20
181.4195
 10
39.20066666666666
 20
181.46183333333332
 10
39.285333333333334
 20
181.5465
 10
39.327666666666666
 20
181.5465
 10
39.39116666666666
 20
181.56766666666667
 10
39.4335
 20
181.58883333333333
 10
39.45466666666667
 20
181.65233333333333
 10
39.475833333333334
 20
181.71583333333334
 10
39.497
 20
181.75816666666665
 10
39.772166666666664
 20
182.03333333333333
 10
39.83566666666667
 20
182.13916666666665
 10
39.899166666666666
 20
182.1815
 10
40.02616666666667
 20
182.32966666666667
 10
40.089666666666666
 20
182.41433333333333
 10
40.132
 20
182.47783333333334
 10
40.132
 20
182.52016666666665
 10
40.153166666666664
 20
182.5625
 10
40.21666666666667
 20
182.626
 10
40.40716666666667
 20
182.79533333333333
 10
40.68233333333333
 20
183.09166666666667
 10
40.724666666666664
 20
183.15516666666667
 10
40.74583333333333
 20
183.21866666666665
 10
40.8305
 20
183.3245
 10
40.894
 20
183.40916666666666
 10
40.93633333333333
 20
183.45149999999998
 10
41.021
 20
183.515
 10
41.04216666666667
 20
183.5785
 10
41.0845
 20
183.642
 10
41.147999999999996
 20
183.72666666666666
 10
41.2115
 20
183.79016666666666
 10
41.31733333333333
 20
183.85366666666667
 10
41.402
 20
183.93833333333333
 10
41.44433333333333
 20
183.98066666666665
 10
41.50783333333333
 20
184.04416666666665
 10
41.55016666666666
 20
184.12883333333332
 10
41.677166666666665
 20
184.277
 10
41.82533333333333
 20
184.42516666666666
 10
41.867666666666665
 20
184.4463333333333
 10
41.91
 20
184.4463333333333
 10
41.9735
 20
184.50983333333332
 10
42.01583333333333
 20
184.59449999999998
 10
42.164
 20
184.74266666666665
 10
42.291
 20
185.01783333333333
 10
42.439166666666665
 20
185.166
 10
42.50266666666666
 20
185.31416666666667
 10
42.58733333333333
 20
185.39883333333333
 10
42.65083333333333
 20
185.42
 10
42.71433333333333
 20
185.4835
 10
42.7355
 20
185.547
 10
42.820166666666665
 20
185.65283333333332
 10
42.9895
 20
185.82216666666667
 10
43.010666666666665
 20
185.88566666666665
 10
43.1165
 20
185.9915
 10
43.18
 20
186.01266666666666
 10
43.2435
 20
186.07616666666667
 10
43.2435
 20
186.11849999999998
 10
43.26466666666666
 20
186.16083333333333
 10
43.434
 20
186.33016666666666
 10
43.4975
 20
186.47833333333332
 10
43.64566666666666
 20
186.6265
 10
43.687999999999995
 20
186.64766666666665
 10
43.730333333333334
 20
186.64766666666665
 10
43.815
 20
186.73233333333332
 10
43.836166666666664
 20
186.79583333333332
 10
43.878499999999995
 20
186.85933333333332
 10
44.026666666666664
 20
187.02866666666665
 10
44.17483333333333
 20
187.17683333333332
 10
44.28066666666667
 20
187.26149999999998
 10
44.36533333333333
 20
187.325
 10
44.42883333333333
 20
187.36733333333333
 10
44.492333333333335
 20
187.40966666666665
 10
44.55583333333333
 20
187.452
 10
44.61933333333333
 20
187.47316666666666
  0
LWPOLYLINE
  5
66
330
17
100
AcDbEntity
  8
0
100
AcDbPolyline
 90
87
 70
1
 10
81.76683333333334
 20
196.93466666666666
 10
82.06316666666666
 20
196.93466666666666
 10
82.169
 20
196.9135
 10
82.27483333333333
 20
196.89233333333334
 10
82.3595
 20
196.87116666666665
 10
82.423
 20
196.82883333333334
 10
82.46533333333333
 20
196.82883333333334
 10
82.52883333333332
 20
196.80766666666665
 10
82.65583333333333
 20
196.74416666666667
 10
82.76166666666667
 20
196.6595
 10
82.82516666666666
 20
196.596
 10
82.90983333333332
 20
196.55366666666666
 10
82.97333333333333
 20
196.51133333333334
 10
83.03683333333333
 20
196.44783333333334
 10
83.07916666666667
 20
196.36316666666667
 10
83.16383333333333
 20
196.2785
 10
83.185
 20
196.215
 10
83.185
 20
196.13033333333334
 10
83.20616666666666
 20
196.06683333333334
 10
83.29083333333332
 20
195.98216666666667
 10
83.33316666666667
 20
195.91866666666667
 10
83.35433333333333
 20
195.87633333333332
 10
83.3755
 20
195.81283333333332
 10
83.39666666666666
 20
195.74933333333334
 10
83.39666666666666
 20
195.47416666666666
 10
83.3755
 20
195.19899999999998
 10
83.33316666666667
 20
195.11433333333332
 10
83.29083333333332
 20
195.072
 10
83.185
 20
194.86033333333333
 10
83.185
 20
194.79683333333332
 10
83.16383333333333
 20
194.71216666666666
 10
83.10033333333332
 20
194.6275
 10
83.01566666666666
 20
194.54283333333333
 10
82.931
 20
194.47933333333333
 10
82.84633333333333
 20
194.41583333333332
 10
82.69816666666667
 20
194.35233333333332
 10
82.63466666666666
 20
194.31
 10
82.57116666666667
 20
194.2465
 10
82.55
 20
194.183
 10
82.48649999999999
 20
194.1195
 10
82.3595
 20
194.05599999999998
 10
82.2325
 20
194.03483333333332
 10
81.83033333333333
 20
194.05599999999998
 10
81.55516666666666
 20
194.07716666666667
 10
81.49166666666666
 20
194.09833333333333
 10
81.407
 20
194.1195
 10
81.36466666666666
 20
194.14066666666668
 10
81.19533333333334
 20
194.31
 10
81.13183333333333
 20
194.35233333333332
 10
81.06833333333333
 20
194.39466666666667
 10
81.026
 20
194.39466666666667
 10
80.98366666666666
 20
194.41583333333332
 10
80.92016666666666
 20
194.45816666666667
 10
80.7085
 20
194.66983333333332
 10
80.66616666666667
 20
194.73333333333332
 10
80.62383333333334
 20
194.79683333333332
 10
80.56033333333333
 20
194.8815
 10
80.518
 20
194.96616666666665
 10
80.518
 20
195.0085
 10
80.47566666666667
 20
195.09316666666666
 10
80.39099999999999
 20
195.17783333333333
 10
80.39099999999999
 20
195.2625
 10
80.41216666666666
 20
195.41066666666666
 10
80.36983333333333
 20
195.49533333333332
 10
80.36983333333333
 20
195.57999999999998
 10
80.43333333333334
 20
195.68583333333333
 10
80.43333333333334
 20
195.72816666666665
 10
80.4545
 20
195.79166666666666
 10
80.47566666666667
 20
195.85516666666666
 10
80.56033333333333
 20
196.0245
 10
80.60266666666666
 20
196.06683333333334
 10
80.62383333333334
 20
196.10916666666665
 10
80.645
 20
196.17266666666666
 10
80.645
 20
196.215
 10
80.66616666666667
 20
196.2785
 10
80.72966666666666
 20
196.4055
 10
80.85666666666667
 20
196.5325
 10
80.92016666666666
 20
196.55366666666666
 10
81.06833333333333
 20
196.70183333333333
 10
81.15299999999999
 20
196.74416666666667
 10
81.2165
 20
196.76533333333333
 10
81.25883333333333
 20
196.76533333333333
 10
81.32233333333333
 20
196.80766666666665
 10
81.36466666666666
 20
196.80766666666665
 10
81.4705
 20
196.87116666666665
 10
81.57633333333334
 20
196.89233333333334
 10
81.68216666666666
 20
196.9135
  0
LWPOLYLINE
  5
67
330
17
100
AcDbEntity
  8
0
100
AcDbPolyline
 90
1060
 70
1
 10
159.7025
 20
230.78016666666667
 10
159.5755
 20
230.759
 10
159.4485
 20
230.71666666666667
 10
159.27916666666667
 20
230.69549999999998
 10
159.08866666666665
 20
230.69549999999998
 10
159.02516666666665
 20
230.67433333333332
 10
158.9405
 20
230.65316666666666
 10
158.85583333333332
 20
230.632
 10
158.77116666666666
 20
230.61083333333332
 10
158.6865
 20
230.58966666666666
 10
158.623
 20
230.5685
 10
158.55949999999999
 20
230.52616666666665
 10
158.47483333333332
 20
230.52616666666665
 10
158.41133333333332
 20
230.505
 10
158.34783333333334
 20
230.46266666666665
 10
158.26316666666665
 20
230.4415
 10
158.17849999999999
 20
230.4415
 10
158.115
 20
230.42033333333333
 10
158.07266666666666
 20
230.378
 10
158.03033333333332
 20
230.35683333333333
 10
157.96683333333334
 20
230.33566666666667
 10
157.90333333333334
 20
230.33566666666667
 10
157.79749999999999
 20
230.31449999999998
 10
157.6705
 20
230.251
 10
157.5435
 20
230.124
 10
157.50116666666665
 20
230.10283333333334
 10
157.37416666666667
 20
230.10283333333334
 10
157.31066666666666
 20
230.08166666666665
 10
157.26833333333332
 20
230.0605
 10
157.226
 20
230.01816666666667
 10
157.1625
 20
229.97583333333333
 10
157.099
 20
229.95466666666667
 10
157.01433333333333
 20
229.93349999999998
 10
156.92966666666666
 20
229.93349999999998
 10
156.86616666666666
 20
229.91233333333332
 10
156.80266666666665
 20
229.87
 10
156.718
 20
229.84883333333332
 10
156.63333333333333
 20
229.84883333333332
 10
156.5275
 20
229.8065
 10
156.464
 20
229.78533333333334
 10
156.31583333333333
 20
229.76416666666665
 10
156.0195
 20
229.76416666666665
 10
155.829
 20
229.743
 10
155.72316666666666
 20
229.72183333333334
 10
155.65966666666665
 20
229.6795
 10
155.59616666666668
 20
229.65833333333333
 10
155.51149999999998
 20
229.65833333333333
 10
155.46916666666667
 20
229.61599999999999
 10
155.36333333333332
 20
229.61599999999999
 10
155.29983333333334
 20
229.65833333333333
 10
155.23633333333333
 20
229.6795
 10
154.96116666666666
 20
229.6795
 10
154.83416666666668
 20
229.72183333333334
 10
154.79183333333333
 20
229.72183333333334
 10
154.305
 20
229.70066666666665
 10
153.98749999999998
 20
229.743
 10
153.26783333333333
 20
229.743
 10
152.7175
 20
229.72183333333334
 10
152.4
 20
229.6795
 10
152.18833333333333
 20
229.6795
 10
151.638
 20
229.72183333333334
 10
151.257
 20
229.72183333333334
 10
151.04533333333333
 20
229.6795
 10
150.98183333333333
 20
229.6795
 10
150.5585
 20
229.6795
 10
150.51616666666666
 20
229.6795
 10
150.28333333333333
 20
229.70066666666665
 10
150.15633333333332
 20
229.6795
 10
150.07166666666666
 20
229.65833333333333
 10
149.9235
 20
229.57366666666667
 10
149.85999999999999
 20
229.57366666666667
 10
149.7965
 20
229.59483333333333
 10
149.69066666666666
 20
229.63716666666667
 10
149.56366666666665
 20
229.63716666666667
 10
149.50016666666667
 20
229.63716666666667
 10
149.39433333333332
 20
229.63716666666667
 10
149.33083333333332
 20
229.63716666666667
 10
149.05566666666667
 20
229.63716666666667
 10
148.56883333333332
 20
229.65833333333333
 10
148.44183333333334
 20
229.61599999999999
 10
148.31483333333333
 20
229.59483333333333
 10
148.209
 20
229.59483333333333
 10
147.67983333333333
 20
229.59483333333333
 10
147.6375
 20
229.59483333333333
 10
144.4625
 20
229.61599999999999
 10
144.37783333333334
 20
229.59483333333333
 10
144.31433333333334
 20
229.55249999999998
 10
143.93333333333334
 20
229.57366666666667
 10
143.78516666666667
 20
229.57366666666667
 10
143.65816666666666
 20
229.53133333333332
 10
142.85383333333334
 20
229.53133333333332
 10
142.748
 20
229.53133333333332
 10
142.30349999999999
 20
229.53133333333332
 10
142.0495
 20
229.55249999999998
 10
141.90133333333333
 20
229.55249999999998
 10
141.6685
 20
229.51016666666666
 10
141.39333333333332
 20
229.53133333333332
 10
140.843
 20
229.51016666666666
 10
140.67366666666666
 20
229.46783333333332
 10
140.63133333333332
 20
229.46783333333332
 10
140.5255
 20
229.489
 10
140.44083333333333
 20
229.53133333333332
 10
140.39849999999998
 20
229.57366666666667
 10
140.35616666666667
 20
229.59483333333333
 10
140.29266666666666
 20
229.61599999999999
 10
140.18683333333334
 20
229.61599999999999
 10
140.12333333333333
 20
229.59483333333333
 10
139.93283333333332
 20
229.489
 10
139.86933333333332
 20
229.46783333333332
 10
139.80583333333334
 20
229.44666666666666
 10
139.65766666666667
 20
229.44666666666666
 10
139.5095
 20
229.489
 10
139.34016666666668
 20
229.489
 10
139.17083333333332
 20
229.44666666666666
 10
138.76866666666666
 20
229.44666666666666
 10
138.70516666666666
 20
229.44666666666666
 10
138.45116666666667
 20
229.4255
 10
138.13366666666667
 20
229.40433333333334
 10
137.922
 20
229.40433333333334
 10
137.51983333333334
 20
229.4255
 10
137.01183333333333
 20
229.38316666666665
 10
136.44033333333334
 20
229.38316666666665
 10
136.37683333333334
 20
229.38316666666665
 10
136.16516666666666
 20
229.362
 10
135.9535
 20
229.362
 10
135.5725
 20
229.38316666666665
 10
135.1915
 20
229.34083333333334
 10
135.0645
 20
229.34083333333334
 10
134.47183333333334
 20
229.38316666666665
 10
134.32366666666667
 20
229.38316666666665
 10
133.81566666666666
 20
229.34083333333334
 10
133.68866666666668
 20
229.34083333333334
 10
133.58283333333333
 20
229.38316666666665
 10
132.969
 20
229.38316666666665
 10
132.88433333333333
 20
229.34083333333334
 10
132.82083333333333
 20
229.31966666666665
 10
132.75733333333332
 20
229.31966666666665
 10
132.56683333333334
 20
229.34083333333334
 10
132.334
 20
229.31966666666665
 10
132.2705
 20
229.27733333333333
 10
132.18583333333333
 20
229.27733333333333
 10
132.10116666666667
 20
229.31966666666665
 10
131.826
 20
229.2985
 10
131.6355
 20
229.2985
 10
131.48733333333334
 20
229.34083333333334
 10
131.23333333333332
 20
229.34083333333334
 10
131.10633333333334
 20
229.2985
 10
130.95816666666667
 20
229.27733333333333
 10
130.72533333333334
 20
229.27733333333333
 10
130.45016666666666
 20
229.2985
 10
129.2225
 20
229.27733333333333
 10
129.11666666666667
 20
229.23499999999999
 10
129.07433333333333
 20
229.23499999999999
 10
128.92616666666666
 20
229.27733333333333
 10
128.88383333333334
 20
229.27733333333333
 10
128.75683333333333
 20
229.25616666666667
 10
128.651
 20
229.21383333333333
 10
128.35466666666667
 20
229.21383333333333
 10
127.10583333333334
 20
229.21383333333333
 10
126.4285
 20
229.23499999999999
 10
125.857
 20
229.23499999999999
 10
125.45483333333333
 20
229.21383333333333
 10
125.07383333333333
 20
229.17149999999998
 10
125.0315
 20
229.17149999999998
 10
124.841
 20
229.21383333333333
 10
124.73516666666666
 20
229.21383333333333
 10
124.48116666666667
 20
229.17149999999998
 10
124.206
 20
229.19266666666667
 10
124.03666666666666
 20
229.19266666666667
 10
123.40166666666666
 20
229.17149999999998
 10
123.2535
 20
229.12916666666666
 10
122.19516666666667
 20
229.108
 10
122.08933333333333
 20
229.108
 10
121.41199999999999
 20
229.12916666666666
 10
121.285
 20
229.108
 10
121.17916666666666
 20
229.06566666666666
 10
121.13683333333333
 20
229.06566666666666
 10
121.07333333333332
 20
229.08683333333332
 10
121.00983333333333
 20
229.12916666666666
 10
120.94633333333333
 20
229.15033333333332
 10
120.88283333333332
 20
229.17149999999998
 10
120.56533333333333
 20
229.17149999999998
 10
120.48066666666666
 20
229.21383333333333
 10
120.05733333333333
 20
229.21383333333333
 10
119.9515
 20
229.17149999999998
 10
119.84566666666666
 20
229.17149999999998
 10
119.73983333333334
 20
229.12916666666666
 10
119.67633333333333
 20
229.108
 10
119.38
 20
229.108
 10
119.21066666666667
 20
229.06566666666666
 10
119.12599999999999
 20
229.06566666666666
 10
118.57566666666666
 20
229.08683333333332
 10
118.46983333333333
 20
229.0445
 10
118.4275
 20
229.0445
 10
118.19466666666666
 20
229.08683333333332
 10
118.00416666666666
 20
229.08683333333332
 10
117.58083333333333
 20
229.0445
 10
116.79766666666666
 20
229.02333333333334
 10
116.28966666666666
 20
229.0445
 10
115.99333333333333
 20
229.02333333333334
 10
115.86633333333333
 20
229.02333333333334
 10
115.40066666666667
 20
229.02333333333334
 10
115.23133333333332
 20
229.02333333333334
 10
114.99849999999999
 20
229.0445
 10
114.8715
 20
229.02333333333334
 10
114.76566666666666
 20
228.981
 10
114.65983333333332
 20
228.95983333333334
 10
114.40583333333333
 20
228.981
 10
114.21533333333333
 20
228.981
 10
113.45333333333333
 20
228.93866666666665
 10
113.24166666666666
 20
228.95983333333334
 10
113.09349999999999
 20
228.93866666666665
 10
113.00883333333333
 20
228.93866666666665
 10
112.90299999999999
 20
228.981
 10
112.8395
 20
228.981
 10
112.649
 20
228.93866666666665
 10
112.60666666666667
 20
228.93866666666665
 10
112.47966666666666
 20
228.95983333333334
 10
112.09866666666666
 20
228.9175
 10
111.90816666666666
 20
228.93866666666665
 10
111.84466666666667
 20
228.93866666666665
 10
111.40016666666666
 20
228.93866666666665
 10
111.35783333333333
 20
228.93866666666665
 10
110.59583333333333
 20
228.89633333333333
 10
110.27833333333334
 20
228.89633333333333
 10
109.93966666666667
 20
228.9175
 10
109.2835
 20
228.9175
 10
109.00833333333333
 20
228.89633333333333
 10
108.9025
 20
228.9175
 10
108.458
 20
228.89633333333333
 10
108.16166666666666
 20
228.85399999999998
 10
107.7595
 20
228.89633333333333
 10
107.52666666666666
 20
228.87516666666667
 10
107.3785
 20
228.87516666666667
 10
107.10333333333332
 20
228.9175
 10
106.934
 20
228.87516666666667
 10
106.7435
 20
228.85399999999998
 10
106.34133333333332
 20
228.83283333333333
 10
106.15083333333332
 20
228.85399999999998
 10
106.10849999999999
 20
228.85399999999998
 10
105.89683333333333
 20
228.83283333333333
 10
105.74866666666667
 20
228.87516666666667
 10
105.62166666666667
 20
228.87516666666667
 10
105.43116666666667
 20
228.83283333333333
 10
105.283
 20
228.83283333333333
 10
105.19833333333332
 20
228.85399999999998
 10
105.13483333333333
 20
228.85399999999998
 10
105.07133333333333
 20
228.83283333333333
 10
104.94433333333333
 20
228.81166666666667
 10
104.18233333333333
 20
228.81166666666667
 10
104.11883333333333
 20
228.81166666666667
 10
103.759
 20
228.81166666666667
 10
103.63199999999999
 20
228.76933333333332
 10
103.48383333333334
 20
228.76933333333332
 10
103.1875
 20
228.79049999999998
 10
103.01816666666666
 20
228.74816666666666
 10
102.59483333333333
 20
228.727
 10
102.27733333333333
 20
228.727
 10
102.19266666666667
 20
228.76933333333332
 10
101.854
 20
228.74816666666666
 10
101.70583333333333
 20
228.74816666666666
 10
100.7745
 20
228.76933333333332
 10
100.68983333333333
 20
228.79049999999998
 10
100.584
 20
228.85399999999998
 10
100.5205
 20
228.87516666666667
 10
100.30883333333333
 20
228.87516666666667
 10
100.09716666666667
 20
228.85399999999998
 10
99.99133333333333
 20
228.79049999999998
 10
99.90666666666667
 20
228.76933333333332
 10
99.5045
 20
228.76933333333332
 10
99.3775
 20
228.727
 10
99.10233333333333
 20
228.70583333333332
 10
98.806
 20
228.68466666666666
 10
98.679
 20
228.68466666666666
 10
98.31916666666666
 20
228.70583333333332
 10
97.7265
 20
228.70583333333332
 10
97.64183333333332
 20
228.70583333333332
 10
97.32433333333333
 20
228.68466666666666
 10
96.901
 20
228.70583333333332
 10
96.75283333333333
 20
228.6635
 10
95.69449999999999
 20
228.68466666666666
 10
95.377
 20
228.6635
 10
95.22883333333333
 20
228.6635
 10
94.91133333333333
 20
228.68466666666666
 10
93.853
 20
228.6635
 10
92.85816666666666
 20
228.64233333333334
 10
92.62533333333333
 20
228.6
 10
92.47716666666666
 20
228.6
 10
92.0115
 20
228.64233333333334
 10
91.77866666666667
 20
228.64233333333334
 10
91.6305
 20
228.6
 10
91.52466666666666
 20
228.57883333333334
 10
91.44
 20
228.57883333333334
 10
91.2495
 20
228.62116666666665
 10
90.63566666666667
 20
228.62116666666665
 10
90.551
 20
228.57883333333334
 10
90.46633333333332
 20
228.55766666666665
 10
90.33933333333333
 20
228.55766666666665
 10
90.12766666666667
 20
228.57883333333334
 10
89.87366666666667
 20
228.55766666666665
 10
89.5985
 20
228.62116666666665
 10
89.45033333333333
 20
228.6
 10
89.30216666666666
 20
228.55766666666665
 10
89.17516666666667
 20
228.55766666666665
 10
88.92116666666666
 20
228.57883333333334
 10
88.73066666666666
 20
228.5365
 10
88.60366666666667
 20
228.5365
 10
88.0745
 20
228.57883333333334
 10
87.79933333333334
 20
228.57883333333334
 10
87.10083333333333
 20
228.5365
 10
85.61916666666666
 20
228.51533333333333
 10
85.32283333333334
 20
228.5365
 10
85.13233333333334
 20
228.51533333333333
 10
85.00533333333333
 20
228.51533333333333
 10
84.79366666666667
 20
228.51533333333333
 10
84.709
 20
228.5365
 10
84.66666666666666
 20
228.5365
 10
84.49733333333333
 20
228.49416666666667
 10
84.37033333333333
 20
228.49416666666667
 10
84.201
 20
228.5365
 10
84.0105
 20
228.5365
 10
83.92583333333333
 20
228.57883333333334
 10
83.7565
 20
228.55766666666665
 10
83.67183333333332
 20
228.55766666666665
 10
83.60833333333333
 20
228.57883333333334
 10
83.46016666666667
 20
228.6635
 10
83.39666666666666
 20
228.68466666666666
 10
83.33316666666667
 20
228.68466666666666
 10
83.26966666666667
 20
228.70583333333332
 10
83.20616666666666
 20
228.74816666666666
 10
83.14266666666667
 20
228.74816666666666
 10
83.05799999999999
 20
228.76933333333332
 10
82.97333333333333
 20
228.81166666666667
 10
82.931
 20
228.85399999999998
 10
82.84633333333333
 20
228.9175
 10
82.76166666666667
 20
228.95983333333334
 10
82.65583333333333
 20
228.95983333333334
 10
82.59233333333333
 20
228.981
 10
82.52883333333332
 20
229.00216666666665
 10
82.46533333333333
 20
229.02333333333334
 10
82.40183333333333
 20
229.06566666666666
 10
82.33833333333332
 20
229.06566666666666
 10
82.27483333333333
 20
229.08683333333332
 10
82.21133333333333
 20
229.108
 10
82.06316666666666
 20
229.19266666666667
 10
81.99966666666667
 20
229.21383333333333
 10
81.8515
 20
229.23499999999999
 10
81.72449999999999
 20
229.23499999999999
 10
81.661
 20
229.25616666666667
 10
81.5975
 20
229.27733333333333
 10
81.44933333333333
 20
229.362
 10
81.36466666666666
 20
229.38316666666665
 10
81.23766666666667
 20
229.40433333333334
 10
81.0895
 20
229.40433333333334
 10
80.72966666666666
 20
229.38316666666665
 10
80.09466666666667
 20
229.38316666666665
 10
79.9465
 20
229.38316666666665
 10
79.77716666666666
 20
229.40433333333334
 10
79.45966666666666
 20
229.38316666666665
 10
79.39616666666666
 20
229.362
 10
79.3115
 20
229.34083333333334
 10
79.248
 20
229.2985
 10
79.1845
 20
229.27733333333333
 10
79.09983333333334
 20
229.25616666666667
 10
78.994
 20
229.23499999999999
 10
78.9305
 20
229.23499999999999
 10
78.84583333333333
 20
229.21383333333333
 10
78.76116666666667
 20
229.17149999999998
 10
78.69766666666666
 20
229.15033333333332
 10
78.52833333333334
 20
229.15033333333332
 10
78.33783333333334
 20
229.0445
 10
78.25316666666666
 20
229.0445
 10
78.14733333333334
 20
229.02333333333334
 10
78.06266666666666
 20
228.981
 10
77.978
 20
228.89633333333333
 10
77.93566666666666
 20
228.87516666666667
 10
77.89333333333333
 20
228.87516666666667
 10
77.724
 20
228.79049999999998
 10
77.63933333333333
 20
228.70583333333332
 10
77.57583333333334
 20
228.6635
 10
77.51233333333333
 20
228.62116666666665
 10
77.44883333333333
 20
228.57883333333334
 10
77.216
 20
228.47299999999998
 10
77.1525
 20
228.43066666666667
 10
77.089
 20
228.38833333333332
 10
77.0255
 20
228.346
 10
76.8985
 20
228.219
 10
76.835
 20
228.19783333333334
 10
76.79266666666666
 20
228.1555
 10
76.75033333333333
 20
228.11316666666667
 10
76.6445
 20
228.00733333333332
 10
76.49633333333333
 20
227.88033333333334
 10
76.36933333333333
 20
227.73216666666667
 10
76.2635
 20
227.68983333333333
 10
76.2
 20
227.62633333333332
 10
76.15766666666667
 20
227.54166666666666
 10
76.11533333333333
 20
227.49933333333334
 10
76.073
 20
227.457
 10
75.86133333333333
 20
227.24533333333332
 10
75.819
 20
227.1395
 10
75.77666666666667
 20
227.076
 10
75.71316666666667
 20
226.99133333333333
 10
75.60733333333333
 20
226.8855
 10
75.565
 20
226.822
 10
75.54383333333332
 20
226.77966666666666
 10
75.54383333333332
 20
226.73733333333334
 10
75.52266666666667
 20
226.67383333333333
 10
75.41683333333333
 20
226.56799999999998
 10
75.3745
 20
226.5045
 10
75.31099999999999
 20
226.3775
 10
75.31099999999999
 20
226.33516666666665
 10
75.28983333333333
 20
226.29283333333333
 10
75.2475
 20
226.2505
 10
75.22633333333333
 20
226.18699999999998
 10
75.12049999999999
 20
226.08116666666666
 10
75.09933333333333
 20
226.03883333333332
 10
75.07816666666666
 20
225.933
 10
75.07816666666666
 20
225.8695
 10
74.9935
 20
225.72133333333332
 10
74.97233333333332
 20
225.65783333333331
 10
74.95116666666667
 20
225.59433333333334
 10
74.92999999999999
 20
225.53083333333333
 10
74.90883333333333
 20
225.46733333333333
 10
74.90883333333333
 20
225.40383333333332
 10
74.88766666666666
 20
225.34033333333332
 10
74.8665
 20
225.27683333333331
 10
74.803
 20
225.171
 10
74.803
 20
225.02283333333332
 10
74.78183333333332
 20
224.95933333333332
 10
74.73949999999999
 20
224.89583333333331
 10
74.73949999999999
 20
224.68416666666667
 10
74.69716666666666
 20
224.5995
 10
74.69716666666666
 20
224.26083333333332
 10
74.676
 20
224.155
 10
74.63366666666667
 20
224.07033333333334
 10
74.63366666666667
 20
223.85866666666666
 10
74.57016666666667
 20
223.73166666666665
 10
74.52783333333333
 20
223.68933333333334
 10
74.50666666666666
 20
223.647
 10
74.50666666666666
 20
223.56233333333333
 10
74.57016666666667
 20
223.4565
 10
74.59133333333332
 20
223.393
 10
74.6125
 20
223.30833333333334
 10
74.63366666666667
 20
223.22366666666667
 10
74.63366666666667
 20
223.11783333333332
 10
74.65483333333333
 20
223.03316666666666
 10
74.676
 20
222.96966666666665
 10
74.71833333333333
 20
222.90616666666665
 10
74.73949999999999
 20
222.77916666666667
 10
74.76066666666667
 20
222.67333333333332
 10
74.76066666666667
 20
222.52516666666665
 10
74.78183333333332
 20
222.39816666666667
 10
74.803
 20
222.29233333333332
 10
74.92999999999999
 20
222.05949999999999
 10
74.92999999999999
 20
221.99599999999998
 10
74.95116666666667
 20
221.9325
 10
75.01466666666667
 20
221.869
 10
75.057
 20
221.869
 10
75.09933333333333
 20
221.84783333333334
 10
75.14166666666667
 20
221.8055
 10
75.14166666666667
 20
221.76316666666665
 10
75.09933333333333
 20
221.72083333333333
 10
75.09933333333333
 20
221.67849999999999
 10
75.09933333333333
 20
221.61499999999998
 10
75.09933333333333
 20
221.57266666666666
 10
75.12049999999999
 20
221.50916666666666
 10
75.14166666666667
 20
221.44566666666665
 10
75.184
 20
221.38216666666665
 10
75.20516666666667
 20
221.31866666666667
 10
75.22633333333333
 20
221.25516666666667
 10
75.22633333333333
 20
221.19166666666666
 10
75.2475
 20
221.107
 10
75.26866666666666
 20
221.0435
 10
75.3745
 20
220.93766666666667
 10
75.3745
 20
220.89533333333333
 10
75.39566666666667
 20
220.83183333333332
 10
75.41683333333333
 20
220.7895
 10
75.52266666666667
 20
220.68366666666665
 10
75.54383333333332
 20
220.62016666666665
 10
75.58616666666667
 20
220.57783333333333
 10
75.6285
 20
220.51433333333333
 10
75.67083333333333
 20
220.4085
 10
75.77666666666667
 20
220.30266666666665
 10
75.8825
 20
220.26033333333334
 10
75.946
 20
220.19683333333333
 10
75.946
 20
220.15449999999998
 10
75.96716666666667
 20
220.11216666666667
 10
76.0095
 20
220.06983333333332
 10
76.11533333333333
 20
219.98516666666666
 10
76.1365
 20
219.92166666666665
 10
76.1365
 20
219.85816666666665
 10
76.15766666666667
 20
219.77349999999998
 10
76.17883333333333
 20
219.73116666666667
 10
76.2635
 20
219.6465
 10
76.327
 20
219.60416666666666
 10
76.49633333333333
 20
219.60416666666666
 10
76.53866666666667
 20
219.56183333333334
 10
76.53866666666667
 20
219.456
 10
76.60216666666666
 20
219.39249999999998
 10
76.7715
 20
219.22316666666666
 10
76.81383333333333
 20
219.202
 10
76.91966666666667
 20
219.202
 10
77.00433333333334
 20
219.18083333333334
 10
77.06783333333333
 20
219.11733333333333
 10
77.06783333333333
 20
219.05383333333333
 10
77.089
 20
219.01149999999998
 10
77.13133333333333
 20
218.96916666666667
 10
77.19483333333334
 20
218.92683333333332
 10
77.2795
 20
218.8845
 10
77.343
 20
218.8845
 10
77.38533333333334
 20
218.86333333333332
 10
77.49116666666666
 20
218.7575
 10
77.5335
 20
218.7575
 10
77.597
 20
218.79983333333334
 10
77.63933333333333
 20
218.79983333333334
 10
77.68166666666666
 20
218.77866666666665
 10
77.74516666666666
 20
218.73633333333333
 10
77.87216666666666
 20
218.60933333333332
 10
77.87216666666666
 20
218.5035
 10
77.9145
 20
218.44
 10
77.978
 20
218.39766666666665
 10
78.02033333333333
 20
218.39766666666665
 10
78.08383333333333
 20
218.3765
 10
78.1685
 20
218.33416666666665
 10
78.27433333333333
 20
218.22833333333332
 10
78.33783333333334
 20
218.186
 10
78.4225
 20
218.14366666666666
 10
78.486
 20
218.1225
 10
78.5495
 20
218.10133333333332
 10
78.613
 20
218.08016666666666
 10
78.65533333333333
 20
218.08016666666666
 10
78.71883333333334
 20
218.03783333333334
 10
78.8035
 20
218.01666666666665
 10
78.95166666666667
 20
217.9955
 10
79.09983333333334
 20
217.9955
 10
79.20566666666666
 20
217.97433333333333
 10
79.248
 20
217.932
 10
79.33266666666667
 20
217.88966666666667
 10
79.39616666666666
 20
217.88966666666667
 10
79.45966666666666
 20
217.932
 10
79.52316666666667
 20
217.95316666666665
 10
79.60783333333333
 20
217.97433333333333
 10
79.67133333333334
 20
217.97433333333333
 10
79.73483333333333
 20
217.95316666666665
 10
79.84066666666666
 20
217.88966666666667
 10
79.96766666666666
 20
217.88966666666667
 10
80.03116666666666
 20
217.932
 10
80.36983333333333
 20
217.932
 10
80.47566666666667
 20
217.88966666666667
 10
80.518
 20
217.88966666666667
 10
80.58149999999999
 20
217.88966666666667
 10
80.62383333333334
 20
217.88966666666667
 10
80.66616666666667
 20
217.932
 10
80.72966666666666
 20
217.932
 10
80.81433333333334
 20
217.91083333333333
 10
80.899
 20
217.95316666666665
 10
81.04716666666667
 20
217.95316666666665
 10
81.23766666666667
 20
217.932
 10
81.36466666666666
 20
217.95316666666665
 10
81.44933333333333
 20
217.97433333333333
 10
81.53399999999999
 20
217.9955
 10
81.61866666666667
 20
218.03783333333334
 10
81.68216666666666
 20
218.059
 10
81.8515
 20
218.059
 10
81.93616666666667
 20
218.08016666666666
 10
82.042
 20
218.10133333333332
 10
82.10549999999999
 20
218.14366666666666
 10
82.14783333333332
 20
218.14366666666666
 10
82.2325
 20
218.16483333333332
 10
82.29599999999999
 20
218.20716666666667
 10
82.3595
 20
218.22833333333332
 10
82.423
 20
218.24949999999998
 10
82.50766666666667
 20
218.24949999999998
 10
82.59233333333333
 20
218.27066666666667
 10
82.63466666666666
 20
218.29183333333333
 10
82.67699999999999
 20
218.33416666666665
 10
82.71933333333332
 20
218.35533333333333
 10
82.78283333333333
 20
218.3765
 10
82.86749999999999
 20
218.3765
 10
82.931
 20
218.39766666666665
 10
82.9945
 20
218.44
 10
83.05799999999999
 20
218.46116666666666
 10
83.14266666666667
 20
218.46116666666666
 10
83.20616666666666
 20
218.48233333333332
 10
83.33316666666667
 20
218.54583333333332
 10
83.41783333333333
 20
218.63049999999998
 10
83.46016666666667
 20
218.65166666666667
 10
83.52366666666667
 20
218.67283333333333
 10
83.6295
 20
218.67283333333333
 10
83.71416666666667
 20
218.694
 10
83.79883333333333
 20
218.71516666666665
 10
83.8835
 20
218.73633333333333
 10
83.96816666666666
 20
218.77866666666665
 10
84.03166666666667
 20
218.79983333333334
 10
84.09516666666667
 20
218.821
 10
84.28566666666667
 20
218.821
 10
84.3915
 20
218.86333333333332
 10
84.62433333333333
 20
218.86333333333332
 10
84.7725
 20
218.8845
 10
84.836
 20
218.8845
 10
85.89433333333334
 20
218.90566666666666
 10
86.21183333333333
 20
218.90566666666666
 10
86.57166666666666
 20
218.8845
 10
86.6775
 20
218.92683333333332
 10
87.122
 20
218.948
 10
87.20666666666666
 20
218.948
 10
88.56133333333334
 20
218.948
 10
88.75183333333334
 20
218.948
 10
89.408
 20
218.948
 10
89.5985
 20
218.92683333333332
 10
89.7255
 20
218.92683333333332
 10
90.00066666666666
 20
218.92683333333332
 10
90.12766666666667
 20
218.92683333333332
 10
90.27583333333332
 20
218.96916666666667
 10
90.59333333333333
 20
218.99033333333333
 10
93.42966666666666
 20
218.99033333333333
 10
93.55666666666666
 20
219.03266666666667
 10
93.853
 20
219.05383333333333
 10
94.59383333333334
 20
219.075
 10
94.76316666666666
 20
219.075
 10
97.30316666666667
 20
219.075
 10
97.4725
 20
219.075
 10
97.70533333333333
 20
219.05383333333333
 10
98.12866666666666
 20
219.09616666666665
 10
99.92783333333333
 20
219.09616666666665
 10
100.16066666666666
 20
219.075
 10
100.28766666666667
 20
219.03266666666667
 10
100.3935
 20
219.03266666666667
 10
100.49933333333333
 20
219.075
 10
100.7745
 20
219.09616666666665
 10
101.1555
 20
219.09616666666665
 10
101.24016666666667
 20
219.11733333333333
 10
101.346
 20
219.18083333333334
 10
101.43066666666667
 20
219.202
 10
101.68466666666666
 20
219.202
 10
101.7905
 20
219.15966666666665
 10
101.854
 20
219.15966666666665
 10
101.9175
 20
219.18083333333334
 10
102.02333333333333
 20
219.22316666666666
 10
102.06566666666666
 20
219.22316666666666
 10
102.362
 20
219.22316666666666
 10
102.4255
 20
219.22316666666666
 10
102.48899999999999
 20
219.202
 10
102.5525
 20
219.15966666666665
 10
102.743
 20
219.15966666666665
 10
102.82766666666666
 20
219.202
 10
102.95466666666667
 20
219.22316666666666
 10
103.06049999999999
 20
219.24433333333332
 10
103.20866666666666
 20
219.24433333333332
 10
103.27216666666666
 20
219.202
 10
103.33566666666667
 20
219.18083333333334
 10
103.67433333333334
 20
219.18083333333334
 10
103.73783333333333
 20
219.202
 10
103.78016666666666
 20
219.24433333333332
 10
103.82249999999999
 20
219.2655
 10
103.90716666666667
 20
219.2655
 10
103.9495
 20
219.24433333333332
 10
103.99183333333333
 20
219.202
 10
104.03416666666666
 20
219.18083333333334
 10
104.09766666666667
 20
219.15966666666665
 10
104.902
 20
219.18083333333334
 10
105.05016666666667
 20
219.18083333333334
 10
105.76983333333332
 20
219.15966666666665
 10
105.87566666666666
 20
219.202
 10
105.96033333333332
 20
219.22316666666666
 10
106.02383333333333
 20
219.22316666666666
 10
106.38366666666667
 20
219.202
 10
106.48949999999999
 20
219.22316666666666
 10
106.57416666666667
 20
219.2655
 10
106.63766666666666
 20
219.28666666666666
 10
106.89166666666667
 20
219.2655
 10
106.9975
 20
219.2655
 10
107.315
 20
219.2655
 10
107.42083333333333
 20
219.2655
 10
107.48433333333332
 20
219.30783333333332
 10
107.65366666666667
 20
219.28666666666666
 10
107.71716666666666
 20
219.28666666666666
 10
108.09816666666666
 20
219.329
 10
108.585
 20
219.35016666666667
 10
108.75433333333334
 20
219.35016666666667
 10
108.94483333333334
 20
219.329
 10
109.0295
 20
219.37133333333333
 10
109.093
 20
219.39249999999998
 10
109.17766666666667
 20
219.39249999999998
 10
109.2835
 20
219.35016666666667
 10
109.51633333333334
 20
219.35016666666667
 10
109.68566666666666
 20
219.39249999999998
 10
109.93966666666667
 20
219.37133333333333
 10
110.109
 20
219.37133333333333
 10
110.21483333333333
 20
219.41366666666667
 10
110.51116666666667
 20
219.41366666666667
 10
110.84983333333334
 20
219.37133333333333
 10
111.08266666666667
 20
219.39249999999998
 10
111.16733333333333
 20
219.39249999999998
 10
111.33666666666666
 20
219.37133333333333
 10
111.52716666666666
 20
219.37133333333333
 10
111.65416666666667
 20
219.39249999999998
 10
111.71766666666666
 20
219.39249999999998
 10
111.78116666666666
 20
219.37133333333333
 10
111.8235
 20
219.329
 10
111.86583333333333
 20
219.30783333333332
 10
111.92933333333333
 20
219.28666666666666
 10
112.60666666666667
 20
219.28666666666666
 10
112.69133333333333
 20
219.30783333333332
 10
112.73366666666666
 20
219.329
 10
112.776
 20
219.37133333333333
 10
112.81833333333333
 20
219.39249999999998
 10
113.07233333333333
 20
219.39249999999998
 10
113.17816666666667
 20
219.43483333333333
 10
113.28399999999999
 20
219.43483333333333
 10
113.3475
 20
219.41366666666667
 10
113.411
 20
219.37133333333333
 10
113.47449999999999
 20
219.37133333333333
 10
113.538
 20
219.39249999999998
 10
113.62266666666666
 20
219.43483333333333
 10
113.7285
 20
219.43483333333333
 10
113.83433333333333
 20
219.39249999999998
 10
113.89783333333332
 20
219.39249999999998
 10
113.96133333333333
 20
219.39249999999998
 10
114.25766666666667
 20
219.39249999999998
 10
114.34233333333333
 20
219.43483333333333
 10
114.57516666666666
 20
219.43483333333333
 10
114.65983333333332
 20
219.39249999999998
 10
114.7445
 20
219.39249999999998
 10
114.82916666666667
 20
219.35016666666667
 10
114.95616666666666
 20
219.35016666666667
 10
114.99849999999999
 20
219.37133333333333
 10
115.08316666666666
 20
219.456
 10
115.1255
 20
219.47716666666665
 10
115.16783333333333
 20
219.47716666666665
 10
115.29483333333333
 20
219.456
 10
115.40066666666667
 20
219.41366666666667
 10
115.57
 20
219.41366666666667
 10
115.6335
 20
219.456
 10
115.67583333333333
 20
219.456
 10
115.7605
 20
219.41366666666667
 10
115.8875
 20
219.41366666666667
 10
115.99333333333333
 20
219.456
 10
116.22616666666666
 20
219.47716666666665
 10
116.31083333333333
 20
219.47716666666665
 10
116.3955
 20
219.43483333333333
 10
116.459
 20
219.43483333333333
 10
116.54366666666667
 20
219.47716666666665
 10
116.6495
 20
219.47716666666665
 10
116.73416666666667
 20
219.456
 10
116.84
 20
219.41366666666667
 10
117.11516666666667
 20
219.39249999999998
 10
117.26333333333334
 20
219.39249999999998
 10
118.55449999999999
 20
219.41366666666667
 10
118.76616666666666
 20
219.456
 10
119.35883333333334
 20
219.456
 10
119.65516666666666
 20
219.41366666666667
 10
119.80333333333333
 20
219.41366666666667
 10
119.88799999999999
 20
219.43483333333333
 10
119.9515
 20
219.47716666666665
 10
119.99383333333333
 20
219.47716666666665
 10
120.07849999999999
 20
219.43483333333333
 10
120.12083333333332
 20
219.39249999999998
 10
120.35366666666667
 20
219.39249999999998
 10
120.50183333333332
 20
219.43483333333333
 10
120.777
 20
219.456
 10
121.17916666666666
 20
219.47716666666665
 10
122.53383333333333
 20
219.47716666666665
 10
122.63966666666666
 20
219.54066666666665
 10
122.70316666666666
 20
219.56183333333334
 10
122.809
 20
219.56183333333334
 10
122.97833333333332
 20
219.54066666666665
 10
123.16883333333332
 20
219.56183333333334
 10
123.27466666666666
 20
219.5195
 10
124.50233333333333
 20
219.5195
 10
126.66133333333333
 20
219.54066666666665
 10
126.97883333333333
 20
219.583
 10
127.48683333333334
 20
219.56183333333334
 10
127.59266666666666
 20
219.56183333333334
 10
129.01083333333332
 20
219.60416666666666
 10
129.05316666666667
 20
219.60416666666666
 10
129.24366666666666
 20
219.583
 10
130.17499999999998
 20
219.60416666666666
 10
130.302
 20
219.6465
 10
130.47133333333332
 20
219.6465
 10
130.55599999999998
 20
219.68883333333332
 10
130.7465
 20
219.68883333333332
 10
130.83116666666666
 20
219.73116666666667
 10
130.97933333333333
 20
219.73116666666667
 10
131.04283333333333
 20
219.68883333333332
 10
131.36033333333333
 20
219.71
 10
131.46616666666665
 20
219.71
 10
131.61433333333332
 20
219.71
 10
131.65666666666667
 20
219.71
 10
132.22816666666665
 20
219.68883333333332
 10
132.46099999999998
 20
219.6465
 10
132.715
 20
219.6465
 10
133.477
 20
219.68883333333332
 10
133.56166666666667
 20
219.68883333333332
 10
134.13316666666665
 20
219.66766666666666
 10
134.19666666666666
 20
219.66766666666666
 10
135.10683333333333
 20
219.66766666666666
 10
137.414
 20
219.68883333333332
 10
137.83733333333333
 20
219.71
 10
138.07016666666667
 20
219.73116666666667
 10
138.19716666666667
 20
219.77349999999998
 10
138.303
 20
219.77349999999998
 10
138.66283333333334
 20
219.75233333333333
 10
138.91683333333333
 20
219.73116666666667
 10
139.04383333333334
 20
219.68883333333332
 10
139.14966666666666
 20
219.68883333333332
 10
139.319
 20
219.71
 10
139.446
 20
219.75233333333333
 10
139.53066666666666
 20
219.77349999999998
 10
139.86933333333332
 20
219.77349999999998
 10
139.954
 20
219.75233333333333
 10
140.01749999999998
 20
219.71
 10
140.081
 20
219.68883333333332
 10
140.39849999999998
 20
219.68883333333332
 10
140.462
 20
219.71
 10
140.56783333333334
 20
219.77349999999998
 10
140.69483333333332
 20
219.79466666666667
 10
141.07583333333332
 20
219.77349999999998
 10
141.2875
 20
219.77349999999998
 10
143.256
 20
219.79466666666667
 10
143.891
 20
219.837
 10
144.18733333333333
 20
219.81583333333333
 10
144.35666666666665
 20
219.81583333333333
 10
145.26683333333332
 20
219.837
 10
145.37266666666667
 20
219.87933333333334
 10
145.43616666666665
 20
219.9005
 10
145.66899999999998
 20
219.9005
 10
145.77483333333333
 20
219.87933333333334
 10
145.88066666666666
 20
219.837
 10
147.447
 20
219.837
 10
147.57399999999998
 20
219.87933333333334
 10
148.71699999999998
 20
219.9005
 10
151.23583333333332
 20
219.9005
 10
151.68033333333332
 20
219.94283333333334
 10
151.765
 20
219.94283333333334
 10
151.9555
 20
219.92166666666665
 10
152.42116666666666
 20
219.94283333333334
 10
152.67516666666666
 20
219.98516666666666
 10
152.9715
 20
219.98516666666666
 10
153.07733333333334
 20
219.94283333333334
 10
153.37366666666665
 20
219.964
 10
153.416
 20
219.964
 10
153.64883333333333
 20
219.94283333333334
 10
154.36849999999998
 20
219.964
 10
155.04583333333332
 20
220.00633333333332
 10
155.27866666666665
 20
220.00633333333332
 10
155.42683333333332
 20
219.964
 10
155.6385
 20
219.94283333333334
 10
155.829
 20
219.92166666666665
 10
155.93483333333333
 20
219.92166666666665
 10
155.99833333333333
 20
219.94283333333334
 10
156.06183333333334
 20
219.98516666666666
 10
156.12533333333332
 20
220.00633333333332
 10
156.464
 20
220.00633333333332
 10
156.718
 20
219.98516666666666
 10
156.82383333333334
 20
219.964
 10
156.9085
 20
219.94283333333334
 10
156.972
 20
219.92166666666665
 10
157.03549999999998
 20
219.87933333333334
 10
157.099
 20
219.85816666666665
 10
157.1625
 20
219.85816666666665
 10
157.24716666666666
 20
219.837
 10
157.31066666666666
 20
219.79466666666667
 10
157.353
 20
219.79466666666667
 10
157.50116666666665
 20
219.71
 10
157.56466666666665
 20
219.68883333333332
 10
157.62816666666666
 20
219.66766666666666
 10
157.69166666666666
 20
219.6465
 10
157.75516666666667
 20
219.62533333333332
 10
157.79749999999999
 20
219.62533333333332
 10
157.88216666666665
 20
219.60416666666666
 10
157.94566666666665
 20
219.583
 10
158.00916666666666
 20
219.56183333333334
 10
158.07266666666666
 20
219.54066666666665
 10
158.3055
 20
219.41366666666667
 10
158.34783333333334
 20
219.41366666666667
 10
158.41133333333332
 20
219.37133333333333
 10
158.47483333333332
 20
219.35016666666667
 10
158.58066666666667
 20
219.35016666666667
 10
158.66533333333334
 20
219.329
 10
158.72883333333334
 20
219.30783333333332
 10
158.83466666666666
 20
219.24433333333332
 10
158.89816666666667
 20
219.22316666666666
 10
159.0675
 20
219.22316666666666
 10
159.1945
 20
219.18083333333334
 10
159.3215
 20
219.15966666666665
 10
159.5755
 20
219.15966666666665
 10
159.7025
 20
219.11733333333333
 10
160.29516666666666
 20
219.11733333333333
 10
160.48566666666667
 20
219.15966666666665
 10
160.909
 20
219.15966666666665
 10
161.14183333333332
 20
219.18083333333334
 10
161.24766666666667
 20
219.202
 10
161.37466666666666
 20
219.22316666666666
 10
161.45933333333332
 20
219.24433333333332
 10
161.52283333333332
 20
219.2655
 10
161.6075
 20
219.28666666666666
 10
161.69216666666665
 20
219.30783333333332
 10
161.77683333333331
 20
219.329
 10
161.84033333333332
 20
219.35016666666667
 10
161.90383333333332
 20
219.37133333333333
 10
161.96733333333333
 20
219.39249999999998
 10
162.03083333333333
 20
219.43483333333333
 10
162.07316666666665
 20
219.43483333333333
 10
162.13666666666666
 20
219.456
 10
162.28483333333332
 20
219.54066666666665
 10
162.34833333333333
 20
219.56183333333334
 10
162.39066666666668
 20
219.56183333333334
 10
162.45416666666665
 20
219.583
 10
162.51766666666666
 20
219.60416666666666
 10
162.58116666666666
 20
219.6465
 10
162.6235
 20
219.6465
 10
162.7505
 20
219.71
 10
162.79283333333333
 20
219.75233333333333
 10
163.06799999999998
 20
219.87933333333334
 10
163.11033333333333
 20
219.92166666666665
 10
163.17383333333333
 20
219.94283333333334
 10
163.23733333333334
 20
219.98516666666666
 10
163.27966666666666
 20
220.0275
 10
163.34316666666666
 20
220.04866666666666
 10
163.40666666666667
 20
220.09099999999998
 10
163.49133333333333
 20
220.15449999999998
 10
163.576
 20
220.218
 10
163.66066666666666
 20
220.30266666666665
 10
163.74533333333332
 20
220.36616666666666
 10
163.82999999999998
 20
220.4085
 10
163.91466666666668
 20
220.47199999999998
 10
163.957
 20
220.51433333333333
 10
164.10516666666666
 20
220.68366666666665
 10
164.18983333333333
 20
220.726
 10
164.61316666666667
 20
221.14933333333332
 10
164.6555
 20
221.21283333333332
 10
164.719
 20
221.31866666666667
 10
164.846
 20
221.44566666666665
 10
164.88833333333332
 20
221.50916666666666
 10
164.95183333333333
 20
221.61499999999998
 10
165.01533333333333
 20
221.67849999999999
 10
165.1
 20
221.78433333333334
 10
165.14233333333334
 20
221.84783333333334
 10
165.18466666666666
 20
221.91133333333332
 10
165.2905
 20
222.123
 10
165.2905
 20
222.16533333333334
 10
165.35399999999998
 20
222.29233333333332
 10
165.39633333333333
 20
222.33466666666666
 10
165.43866666666665
 20
222.41933333333333
 10
165.45983333333334
 20
222.48283333333333
 10
165.481
 20
222.54633333333334
 10
165.481
 20
222.58866666666665
 10
165.52333333333334
 20
222.65216666666666
 10
165.5445
 20
222.71566666666666
 10
165.5445
 20
222.80033333333333
 10
165.56566666666666
 20
222.84266666666667
 10
165.608
 20
222.90616666666665
 10
165.6715
 20
222.96966666666665
 10
165.69266666666667
 20
223.012
 10
165.71383333333333
 20
223.0755
 10
165.73499999999999
 20
223.13899999999998
 10
165.75616666666667
 20
223.2025
 10
165.77733333333333
 20
223.266
 10
165.7985
 20
223.3295
 10
165.7985
 20
223.60466666666667
 10
165.81966666666665
 20
223.68933333333334
 10
165.84083333333334
 20
223.7528333333333
 10
165.90433333333334
 20
223.8375
 10
165.94666666666666
 20
223.87983333333332
 10
165.96783333333332
 20
223.92216666666667
 10
165.989
 20
224.00683333333333
 10
165.989
 20
224.155
 10
165.96783333333332
 20
224.36666666666667
 10
166.01016666666666
 20
224.43016666666665
 10
166.03133333333332
 20
224.5148333333333
 10
166.01016666666666
 20
224.68416666666667
 10
166.0525
 20
224.74766666666667
 10
166.0525
 20
225.02283333333332
 10
166.09483333333333
 20
225.1075
 10
166.11599999999999
 20
225.171
 10
166.11599999999999
 20
225.298
 10
166.0525
 20
225.42499999999998
 10
166.01016666666666
 20
225.46733333333333
 10
165.989
 20
225.50966666666665
 10
165.96783333333332
 20
225.6155
 10
165.94666666666666
 20
225.76366666666667
 10
165.94666666666666
 20
225.9965
 10
165.96783333333332
 20
226.16583333333332
 10
165.94666666666666
 20
226.27166666666665
 10
165.862
 20
226.35633333333334
 10
165.81966666666665
 20
226.41983333333332
 10
165.81966666666665
 20
226.6315
 10
165.73499999999999
 20
226.80083333333332
 10
165.6715
 20
226.86433333333332
 10
165.65033333333332
 20
226.90666666666667
 10
165.65033333333332
 20
227.0125
 10
165.62916666666666
 20
227.076
 10
165.608
 20
227.11833333333334
 10
165.56566666666666
 20
227.16066666666666
 10
165.5445
 20
227.24533333333332
 10
165.5445
 20
227.3935
 10
165.52333333333334
 20
227.43583333333333
 10
165.43866666666665
 20
227.5205
 10
165.4175
 20
227.56283333333332
 10
165.4175
 20
227.60516666666666
 10
165.37516666666667
 20
227.64749999999998
 10
165.35399999999998
 20
227.71099999999998
 10
165.31166666666667
 20
227.75333333333333
 10
165.26933333333332
 20
227.81683333333334
 10
165.14233333333334
 20
228.09199999999998
 10
165.1
 20
228.1555
 10
165.05766666666665
 20
228.19783333333334
 10
165.0365
 20
228.26133333333334
 10
164.93066666666667
 20
228.36716666666666
 10
164.7825
 20
228.49416666666667
 10
164.74016666666665
 20
228.55766666666665
 10
164.69783333333334
 20
228.62116666666665
 10
164.6555
 20
228.727
 10
164.61316666666667
 20
228.79049999999998
 10
164.54966666666667
 20
228.85399999999998
 10
164.465
 20
228.89633333333333
 10
164.35916666666665
 20
229.00216666666665
 10
164.25333333333333
 20
229.06566666666666
 10
164.1475
 20
229.15033333333332
 10
163.957
 20
229.34083333333334
 10
163.8935
 20
229.4255
 10
163.85116666666667
 20
229.46783333333332
 10
163.72416666666666
 20
229.59483333333333
 10
163.6395
 20
229.65833333333333
 10
163.49133333333333
 20
229.72183333333334
 10
163.42783333333333
 20
229.8065
 10
163.3855
 20
229.84883333333332
 10
163.322
 20
229.89116666666666
 10
163.23733333333334
 20
229.93349999999998
 10
163.195
 20
229.93349999999998
 10
163.15266666666668
 20
229.95466666666667
 10
163.11033333333333
 20
229.99699999999999
 10
163.04683333333332
 20
230.03933333333333
 10
163.0045
 20
230.0605
 10
162.96216666666666
 20
230.0605
 10
162.8775
 20
230.10283333333334
 10
162.83516666666665
 20
230.14516666666665
 10
162.53883333333332
 20
230.29333333333332
 10
162.4965
 20
230.29333333333332
 10
162.433
 20
230.33566666666667
 10
162.39066666666668
 20
230.33566666666667
 10
162.34833333333333
 20
230.35683333333333
 10
162.30599999999998
 20
230.39916666666667
 10
162.22133333333332
 20
230.4415
 10
162.1155
 20
230.46266666666665
 10
162.052
 20
230.46266666666665
 10
161.9885
 20
230.48383333333334
 10
161.94616666666667
 20
230.505
 10
161.90383333333332
 20
230.5473333333333
 10
161.81916666666666
 20
230.58966666666666
 10
161.58633333333333
 20
230.58966666666666
 10
161.52283333333332
 20
230.61083333333332
 10
161.43816666666666
 20
230.65316666666666
 10
161.31116666666665
 20
230.67433333333332
 10
161.07833333333332
 20
230.67433333333332
 10
160.99366666666666
 20
230.69549999999998
 10
160.86666666666667
 20
230.73783333333333
 10
160.76083333333332
 20
230.759
 10
160.18933333333334
 20
230.78016666666667
  0
LWPOLYLINE
  5
68
330
17
100
AcDbEntity
  8
0
100
AcDbPolyline
 90
89
 70
1
 10
80.09466666666667
 20
225.21333333333334
 10
80.518
 20
225.21333333333334
 10
80.75083333333333
 20
225.19216666666665
 10
80.81433333333334
 20
225.171
 10
80.87783333333333
 20
225.14983333333333
 10
80.94133333333333
 20
225.1075
 10
80.98366666666666
 20
225.1075
 10
81.04716666666667
 20
225.08633333333333
 10
81.11066666666666
 20
225.04399999999998
 10
81.15299999999999
 20
225.04399999999998
 10
81.19533333333334
 20
225.00166666666667
 10
81.30116666666666
 20
224.95933333333332
 10
81.63983333333333
 20
224.62066666666666
 10
81.68216666666666
 20
224.55716666666666
 10
81.74566666666666
 20
224.4725
 10
81.788
 20
224.409
 10
81.83033333333333
 20
224.3455
 10
81.8515
 20
224.28199999999998
 10
81.8515
 20
224.17616666666666
 10
81.87266666666666
 20
224.04916666666665
 10
81.91499999999999
 20
224.00683333333333
 10
81.95733333333334
 20
223.94333333333333
 10
81.9785
 20
223.87983333333332
 10
81.99966666666667
 20
223.62583333333333
 10
81.99966666666667
 20
223.54116666666667
 10
81.95733333333334
 20
223.43533333333332
 10
81.95733333333334
 20
223.266
 10
81.93616666666667
 20
223.2025
 10
81.87266666666666
 20
223.09666666666666
 10
81.87266666666666
 20
223.05433333333332
 10
81.8515
 20
222.9908333333333
 10
81.83033333333333
 20
222.92733333333334
 10
81.76683333333334
 20
222.80033333333333
 10
81.661
 20
222.67333333333332
 10
81.4705
 20
222.48283333333333
 10
81.32233333333333
 20
222.35583333333332
 10
81.25883333333333
 20
222.3135
 10
81.2165
 20
222.29233333333332
 10
81.17416666666666
 20
222.29233333333332
 10
81.0895
 20
222.25
 10
81.04716666666667
 20
222.20766666666665
 10
80.98366666666666
 20
222.1865
 10
80.85666666666667
 20
222.1865
 10
80.79316666666666
 20
222.16533333333334
 10
80.72966666666666
 20
222.123
 10
80.66616666666667
 20
222.10183333333333
 10
80.60266666666666
 20
222.08066666666667
 10
80.39099999999999
 20
222.08066666666667
 10
80.30633333333333
 20
222.10183333333333
 10
80.264
 20
222.14416666666665
 10
80.137
 20
222.20766666666665
 10
79.96766666666666
 20
222.20766666666665
 10
79.90416666666667
 20
222.22883333333334
 10
79.79833333333333
 20
222.27116666666666
 10
79.71366666666667
 20
222.27116666666666
 10
79.62899999999999
 20
222.29233333333332
 10
79.5655
 20
222.3135
 10
79.52316666666667
 20
222.33466666666666
 10
79.375
 20
222.46166666666667
 10
79.14216666666667
 20
222.6945
 10
79.09983333333334
 20
222.75799999999998
 10
79.07866666666666
 20
222.8215
 10
79.03633333333333
 20
222.86383333333333
 10
78.994
 20
222.92733333333334
 10
78.97283333333333
 20
222.96966666666665
 10
78.95166666666667
 20
223.03316666666666
 10
78.95166666666667
 20
223.09666666666666
 10
78.84583333333333
 20
223.28716666666665
 10
78.82466666666666
 20
223.3718333333333
 10
78.82466666666666
 20
223.7528333333333
 10
78.84583333333333
 20
223.81633333333332
 10
78.88816666666666
 20
223.90099999999998
 10
78.88816666666666
 20
224.00683333333333
 10
78.90933333333334
 20
224.11266666666666
 10
78.95166666666667
 20
224.19733333333332
 10
78.95166666666667
 20
224.28199999999998
 10
78.97283333333333
 20
224.3455
 10
78.994
 20
224.409
 10
79.03633333333333
 20
224.4725
 10
79.09983333333334
 20
224.55716666666666
 10
79.16333333333333
 20
224.64183333333332
 10
79.35383333333333
 20
224.83233333333334
 10
79.45966666666666
 20
224.917
 10
79.5655
 20
224.95933333333332
 10
79.60783333333333
 20
225.00166666666667
 10
79.77716666666666
 20
225.08633333333333
 10
79.81949999999999
 20
225.08633333333333
 10
79.96766666666666
 20
225.171
 10
80.03116666666666
 20
225.19216666666665
  0
LWPOLYLINE
  5
69
330
17
100
AcDbEntity
  8
0
100
AcDbPolyline
 90
95
 70
1
 10
97.917
 20
225.44616666666667
 10
98.19216666666667
 20
225.42499999999998
 10
98.298
 20
225.42499999999998
 10
98.72133333333333
 20
225.44616666666667
 10
99.80083333333333
 20
225.44616666666667
 10
100.28766666666667
 20
225.44616666666667
 10
100.35116666666666
 20
225.42499999999998
 10
100.43583333333333
 20
225.38266666666667
 10
100.47816666666667
 20
225.34033333333332
 10
100.49933333333333
 20
225.27683333333331
 10
100.49933333333333
 20
224.62066666666666
 10
100.54166666666666
 20
224.43016666666665
 10
100.54166666666666
 20
224.30316666666667
 10
100.49933333333333
 20
224.19733333333332
 10
100.5205
 20
223.647
 10
100.49933333333333
 20
223.24483333333333
 10
100.49933333333333
 20
222.9908333333333
 10
100.54166666666666
 20
222.90616666666665
 10
100.56283333333333
 20
222.84266666666667
 10
100.56283333333333
 20
222.6098333333333
 10
100.49933333333333
 20
222.48283333333333
 10
100.43583333333333
 20
222.41933333333333
 10
100.37233333333333
 20
222.39816666666667
 10
100.33
 20
222.35583333333332
 10
100.28766666666667
 20
222.33466666666666
 10
100.24533333333333
 20
222.33466666666666
 10
100.18183333333333
 20
222.33466666666666
 10
99.52566666666667
 20
222.3135
 10
99.35633333333332
 20
222.3135
 10
98.91183333333333
 20
222.3135
 10
98.76366666666667
 20
222.33466666666666
 10
98.65783333333333
 20
222.33466666666666
 10
98.53083333333333
 20
222.29233333333332
 10
98.34033333333333
 20
222.3135
 10
98.14983333333333
 20
222.27116666666666
 10
98.044
 20
222.29233333333332
 10
97.95933333333333
 20
222.33466666666666
 10
97.45133333333332
 20
222.3135
 10
97.11266666666667
 20
222.33466666666666
 10
97.04916666666666
 20
222.33466666666666
 10
96.901
 20
222.29233333333332
 10
96.64699999999999
 20
222.27116666666666
 10
96.54116666666667
 20
222.27116666666666
 10
96.22366666666666
 20
222.27116666666666
 10
96.012
 20
222.29233333333332
 10
95.86383333333333
 20
222.29233333333332
 10
95.41933333333333
 20
222.27116666666666
 10
94.996
 20
222.3135
 10
94.12816666666666
 20
222.29233333333332
 10
93.89533333333333
 20
222.29233333333332
 10
93.472
 20
222.29233333333332
 10
93.36616666666666
 20
222.29233333333332
 10
93.19683333333333
 20
222.29233333333332
 10
93.091
 20
222.29233333333332
 10
92.92166666666667
 20
222.3135
 10
92.79466666666666
 20
222.27116666666666
 10
92.3925
 20
222.27116666666666
 10
92.30783333333333
 20
222.35583333333332
 10
92.2655
 20
222.4405
 10
92.24433333333333
 20
222.52516666666665
 10
92.22316666666666
 20
222.67333333333332
 10
92.22316666666666
 20
222.885
 10
92.24433333333333
 20
223.13899999999998
 10
92.202
 20
223.266
 10
92.202
 20
223.30833333333334
 10
92.24433333333333
 20
223.60466666666667
 10
92.24433333333333
 20
223.68933333333334
 10
92.24433333333333
 20
224.11266666666666
 10
92.24433333333333
 20
224.17616666666666
 10
92.22316666666666
 20
224.36666666666667
 10
92.2655
 20
224.536
 10
92.2655
 20
224.62066666666666
 10
92.24433333333333
 20
224.95933333333332
 10
92.202
 20
225.04399999999998
 10
92.202
 20
225.19216666666665
 10
92.22316666666666
 20
225.2345
 10
92.28666666666666
 20
225.298
 10
92.329
 20
225.31916666666666
 10
92.3925
 20
225.34033333333332
 10
92.583
 20
225.34033333333332
 10
92.71
 20
225.38266666666667
 10
92.81583333333333
 20
225.38266666666667
 10
92.964
 20
225.34033333333332
 10
93.62016666666666
 20
225.34033333333332
 10
93.93766666666666
 20
225.38266666666667
 10
93.98
 20
225.38266666666667
 10
94.12816666666666
 20
225.34033333333332
 10
94.19166666666666
 20
225.34033333333332
 10
94.5515
 20
225.38266666666667
 10
95.84266666666666
 20
225.40383333333332
 10
95.88499999999999
 20
225.40383333333332
 10
96.43533333333333
 20
225.38266666666667
 10
97.19733333333333
 20
225.42499999999998
 10
97.30316666666667
 20
225.42499999999998
 10
97.81116666666667
 20
225.40383333333332
  0
LWPOLYLINE
  5
6A
330
17
100
AcDbEntity
  8
0
100
AcDbPolyline
 90
91
 70
1
 10
108.2675
 20
225.6155
 10
108.50033333333333
 20
225.6155
 10
108.585
 20
225.59433333333334
 10
108.6485
 20
225.57316666666665
 10
108.712
 20
225.552
 10
108.7755
 20
225.50966666666665
 10
108.839
 20
225.4885
 10
108.92366666666666
 20
225.4885
 10
109.00833333333333
 20
225.46733333333333
 10
109.07183333333333
 20
225.44616666666667
 10
109.13533333333334
 20
225.42499999999998
 10
109.22
 20
225.38266666666667
 10
109.32583333333334
 20
225.27683333333331
 10
109.36816666666667
 20
225.21333333333334
 10
109.4105
 20
225.171
 10
109.474
 20
225.12866666666665
 10
109.5375
 20
225.06516666666667
 10
109.57983333333333
 20
224.95933333333332
 10
109.62216666666666
 20
224.917
 10
109.64333333333333
 20
224.8535
 10
109.68566666666666
 20
224.81116666666665
 10
109.70683333333334
 20
224.74766666666667
 10
109.74916666666667
 20
224.70533333333333
 10
109.77033333333333
 20
224.64183333333332
 10
109.81266666666666
 20
224.5995
 10
109.855
 20
224.536
 10
109.89733333333334
 20
224.4725
 10
109.9185
 20
224.43016666666665
 10
109.93966666666667
 20
224.36666666666667
 10
109.93966666666667
 20
224.30316666666667
 10
109.89733333333334
 20
224.11266666666666
 10
109.9185
 20
223.92216666666667
 10
109.9185
 20
223.8375
 10
109.89733333333334
 20
223.774
 10
109.855
 20
223.68933333333334
 10
109.855
 20
223.60466666666667
 10
109.83383333333333
 20
223.54116666666667
 10
109.81266666666666
 20
223.47766666666666
 10
109.74916666666667
 20
223.3718333333333
 10
109.74916666666667
 20
223.3295
 10
109.70683333333334
 20
223.266
 10
109.64333333333333
 20
223.2025
 10
109.55866666666667
 20
223.13899999999998
 10
109.45283333333333
 20
223.012
 10
109.38933333333333
 20
222.92733333333334
 10
109.32583333333334
 20
222.77916666666667
 10
109.2835
 20
222.71566666666666
 10
109.19883333333333
 20
222.631
 10
109.1565
 20
222.6098333333333
 10
109.093
 20
222.58866666666665
 10
109.0295
 20
222.5675
 10
108.712
 20
222.54633333333334
 10
107.8865
 20
222.54633333333334
 10
107.78066666666666
 20
222.5675
 10
107.67483333333332
 20
222.58866666666665
 10
107.46316666666667
 20
222.80033333333333
 10
107.42083333333333
 20
222.80033333333333
 10
107.33616666666666
 20
222.84266666666667
 10
107.27266666666667
 20
222.90616666666665
 10
107.23033333333333
 20
222.9908333333333
 10
107.1245
 20
223.09666666666666
 10
107.06099999999999
 20
223.2025
 10
106.934
 20
223.3295
 10
106.934
 20
223.47766666666666
 10
106.91283333333332
 20
223.56233333333333
 10
106.807
 20
223.7528333333333
 10
106.807
 20
223.8375
 10
106.82816666666666
 20
223.9645
 10
106.807
 20
224.00683333333333
 10
106.76466666666667
 20
224.04916666666665
 10
106.7435
 20
224.0915
 10
106.7435
 20
224.155
 10
106.76466666666667
 20
224.30316666666667
 10
106.807
 20
224.409
 10
106.78583333333333
 20
224.4725
 10
106.807
 20
224.55716666666666
 10
106.87049999999999
 20
224.68416666666667
 10
106.91283333333332
 20
224.74766666666667
 10
107.01866666666666
 20
224.8535
 10
107.03983333333333
 20
224.917
 10
107.2515
 20
225.14983333333333
 10
107.39966666666666
 20
225.298
 10
107.46316666666667
 20
225.34033333333332
 10
107.52666666666666
 20
225.38266666666667
 10
107.65366666666667
 20
225.44616666666667
 10
107.696
 20
225.44616666666667
 10
107.80183333333333
 20
225.50966666666665
 10
107.86533333333333
 20
225.53083333333333
 10
107.92883333333333
 20
225.552
 10
108.0135
 20
225.57316666666665
 10
108.16166666666666
 20
225.57316666666665
  0
LWPOLYLINE
  5
6B
330
17
100
AcDbEntity
  8
0
100
AcDbPolyline
 90
131
 70
1
 10
145.81716666666665
 20
226.10233333333332
 10
145.923
 20
226.10233333333332
 10
146.13466666666667
 20
226.06
 10
146.53683333333333
 20
226.06
 10
146.60033333333334
 20
226.03883333333332
 10
146.66383333333332
 20
226.01766666666666
 10
146.81199999999998
 20
225.933
 10
146.85433333333333
 20
225.933
 10
146.91783333333333
 20
225.91183333333333
 10
147.066
 20
225.82716666666667
 10
147.1295
 20
225.80599999999998
 10
147.19299999999998
 20
225.80599999999998
 10
147.2565
 20
225.78483333333332
 10
147.32
 20
225.7425
 10
147.53166666666667
 20
225.7425
 10
147.93383333333333
 20
225.7425
 10
148.10316666666665
 20
225.7425
 10
148.2725
 20
225.76366666666667
 10
148.37833333333333
 20
225.80599999999998
 10
149.30966666666666
 20
225.82716666666667
 10
149.69066666666666
 20
225.82716666666667
 10
149.90233333333333
 20
225.80599999999998
 10
149.96583333333334
 20
225.78483333333332
 10
150.114
 20
225.70016666666666
 10
150.15633333333332
 20
225.70016666666666
 10
150.24099999999999
 20
225.65783333333331
 10
150.3045
 20
225.6155
 10
150.57966666666667
 20
225.34033333333332
 10
150.64316666666667
 20
225.25566666666666
 10
150.66433333333333
 20
225.21333333333334
 10
150.6855
 20
225.14983333333333
 10
150.70666666666665
 20
225.06516666666667
 10
150.72783333333334
 20
224.9805
 10
150.749
 20
224.83233333333334
 10
150.749
 20
224.409
 10
150.72783333333334
 20
224.3455
 10
150.70666666666665
 20
224.30316666666667
 10
150.66433333333333
 20
224.23966666666666
 10
150.62199999999999
 20
224.19733333333332
 10
150.5585
 20
224.07033333333334
 10
150.5585
 20
224.00683333333333
 10
150.53733333333332
 20
223.9645
 10
150.495
 20
223.92216666666667
 10
150.41033333333334
 20
223.87983333333332
 10
150.32566666666665
 20
223.85866666666666
 10
150.19866666666667
 20
223.85866666666666
 10
150.15633333333332
 20
223.8375
 10
150.114
 20
223.79516666666666
 10
149.987
 20
223.73166666666665
 10
149.9235
 20
223.7105
 10
149.88116666666667
 20
223.7105
 10
149.77533333333332
 20
223.647
 10
149.64833333333334
 20
223.62583333333333
 10
149.26733333333334
 20
223.62583333333333
 10
149.14033333333333
 20
223.647
 10
149.01333333333332
 20
223.68933333333334
 10
148.82283333333334
 20
223.7105
 10
148.463
 20
223.73166666666665
 10
147.67983333333333
 20
223.73166666666665
 10
147.447
 20
223.7105
 10
147.34116666666665
 20
223.66816666666665
 10
147.21416666666667
 20
223.66816666666665
 10
147.15066666666667
 20
223.68933333333334
 10
147.0025
 20
223.8375
 10
146.85433333333333
 20
223.81633333333332
 10
146.81199999999998
 20
223.7528333333333
 10
146.7485
 20
223.62583333333333
 10
146.7485
 20
223.51999999999998
 10
146.7485
 20
223.4565
 10
146.64266666666666
 20
223.3718333333333
 10
146.47333333333333
 20
223.393
 10
146.45216666666667
 20
223.43533333333332
 10
146.45216666666667
 20
223.49883333333332
 10
146.43099999999998
 20
223.54116666666667
 10
146.38866666666667
 20
223.56233333333333
 10
146.34633333333332
 20
223.5835
 10
146.28283333333334
 20
223.5835
 10
146.177
 20
223.51999999999998
 10
146.1135
 20
223.51999999999998
 10
146.07116666666667
 20
223.54116666666667
 10
145.9865
 20
223.54116666666667
 10
145.94416666666666
 20
223.4565
 10
145.94416666666666
 20
223.41416666666666
 10
146.00766666666667
 20
223.3718333333333
 10
146.00766666666667
 20
223.30833333333334
 10
145.96533333333332
 20
223.28716666666665
 10
145.69016666666667
 20
223.28716666666665
 10
145.62666666666667
 20
223.30833333333334
 10
145.542
 20
223.3295
 10
145.4785
 20
223.35066666666665
 10
145.415
 20
223.3718333333333
 10
145.37266666666667
 20
223.41416666666666
 10
145.2245
 20
223.47766666666666
 10
145.161
 20
223.51999999999998
 10
145.07633333333334
 20
223.60466666666667
 10
144.99166666666667
 20
223.7105
 10
144.90699999999998
 20
223.7528333333333
 10
144.86466666666666
 20
223.79516666666666
 10
144.82233333333332
 20
223.87983333333332
 10
144.7165
 20
223.98566666666667
 10
144.67416666666665
 20
224.04916666666665
 10
144.61066666666667
 20
224.17616666666666
 10
144.5895
 20
224.23966666666666
 10
144.56833333333333
 20
224.30316666666667
 10
144.54716666666667
 20
224.36666666666667
 10
144.52599999999998
 20
224.45133333333334
 10
144.50483333333332
 20
224.55716666666666
 10
144.50483333333332
 20
224.89583333333331
 10
144.52599999999998
 20
224.9805
 10
144.54716666666667
 20
225.04399999999998
 10
144.5895
 20
225.1075
 10
144.5895
 20
225.14983333333333
 10
144.653
 20
225.27683333333331
 10
144.75883333333334
 20
225.38266666666667
 10
144.8435
 20
225.42499999999998
 10
144.88583333333332
 20
225.46733333333333
 10
144.90699999999998
 20
225.50966666666665
 10
144.90699999999998
 20
225.552
 10
144.94933333333333
 20
225.63666666666666
 10
144.99166666666667
 20
225.679
 10
145.034
 20
225.70016666666666
 10
145.07633333333334
 20
225.70016666666666
 10
145.161
 20
225.72133333333332
 10
145.2245
 20
225.78483333333332
 10
145.3515
 20
225.933
 10
145.39383333333333
 20
225.95416666666665
 10
145.43616666666665
 20
225.95416666666665
 10
145.52083333333334
 20
225.9965
 10
145.56316666666666
 20
226.03883333333332
 10
145.62666666666667
 20
226.06
 10
145.71133333333333
 20
226.08116666666666
  0
LWPOLYLINE
  5
6C
330
17
100
AcDbEntity
  8
0
100
AcDbPolyline
 90
86
 70
1
 10
132.0165
 20
226.1235
 10
132.10116666666667
 20
226.1235
 10
132.1435
 20
226.10233333333332
 10
132.18583333333333
 20
226.06
 10
132.24933333333334
 20
226.03883333333332
 10
132.35516666666666
 20
226.03883333333332
 10
132.41866666666667
 20
226.01766666666666
 10
132.46099999999998
 20
225.97533333333334
 10
132.46099999999998
 20
225.8695
 10
132.43983333333333
 20
225.679
 10
132.43983333333333
 20
225.46733333333333
 10
132.43983333333333
 20
225.3615
 10
132.48216666666667
 20
225.21333333333334
 10
132.48216666666667
 20
225.14983333333333
 10
132.43983333333333
 20
225.02283333333332
 10
132.43983333333333
 20
224.917
 10
132.48216666666667
 20
224.81116666666665
 10
132.48216666666667
 20
224.62066666666666
 10
132.43983333333333
 20
224.17616666666666
 10
132.43983333333333
 20
224.00683333333333
 10
132.48216666666667
 20
223.49883333333332
 10
132.48216666666667
 20
223.35066666666665
 10
132.46099999999998
 20
223.18133333333333
 10
132.43983333333333
 20
223.09666666666666
 10
132.41866666666667
 20
223.03316666666666
 10
132.31283333333332
 20
222.92733333333334
 10
132.24933333333334
 20
222.90616666666665
 10
132.16466666666668
 20
222.90616666666665
 10
131.826
 20
222.92733333333334
 10
131.72016666666667
 20
222.96966666666665
 10
131.6355
 20
222.9908333333333
 10
131.5085
 20
222.9908333333333
 10
131.23333333333332
 20
222.96966666666665
 10
131.14866666666666
 20
222.92733333333334
 10
131.064
 20
222.90616666666665
 10
130.66183333333333
 20
222.92733333333334
 10
130.59833333333333
 20
222.92733333333334
 10
130.40783333333334
 20
222.885
 10
130.25966666666667
 20
222.90616666666665
 10
130.15383333333332
 20
222.90616666666665
 10
129.6035
 20
222.90616666666665
 10
129.3495
 20
222.90616666666665
 10
129.01083333333332
 20
222.885
 10
127.71966666666667
 20
222.90616666666665
 10
127.61383333333333
 20
222.86383333333333
 10
127.508
 20
222.84266666666667
 10
127.381
 20
222.84266666666667
 10
127.1905
 20
222.86383333333333
 10
127.10583333333334
 20
222.8215
 10
126.8095
 20
222.8215
 10
126.72483333333334
 20
222.77916666666667
 10
126.66133333333333
 20
222.75799999999998
 10
126.51316666666666
 20
222.75799999999998
 10
126.4285
 20
222.77916666666667
 10
126.34383333333334
 20
222.8215
 10
126.238
 20
222.92733333333334
 10
126.21683333333333
 20
222.9908333333333
 10
126.19566666666667
 20
223.22366666666667
 10
126.21683333333333
 20
223.4565
 10
126.21683333333333
 20
223.49883333333332
 10
126.19566666666667
 20
224.36666666666667
 10
126.15333333333334
 20
224.8535
 10
126.15333333333334
 20
224.93816666666666
 10
126.1745
 20
225.44616666666667
 10
126.13216666666666
 20
225.6155
 10
126.13216666666666
 20
225.80599999999998
 10
126.238
 20
225.91183333333333
 10
126.30149999999999
 20
225.933
 10
126.5555
 20
225.933
 10
126.70366666666666
 20
225.95416666666665
 10
126.83066666666666
 20
225.9965
 10
126.91533333333334
 20
225.9965
 10
127.29633333333334
 20
225.95416666666665
 10
127.44449999999999
 20
225.95416666666665
 10
127.63499999999999
 20
225.9965
 10
128.03716666666665
 20
225.9965
 10
128.2065
 20
225.95416666666665
 10
128.41816666666665
 20
225.95416666666665
 10
128.56633333333332
 20
225.9965
 10
129.83633333333333
 20
226.01766666666666
 10
129.921
 20
226.01766666666666
 10
130.17499999999998
 20
225.9965
 10
130.85233333333332
 20
226.03883333333332
 10
131.69899999999998
 20
226.03883333333332
 10
131.8895
 20
226.06
 10
131.953
 20
226.10233333333332
  0
LWPOLYLINE
  5
6D
330
17
100
AcDbEntity
  8
0
100
AcDbPolyline
 90
210
 70
1
 10
159.80833333333334
 20
228.55766666666665
 10
160.63383333333334
 20
228.55766666666665
 10
160.80316666666667
 20
228.5365
 10
160.93016666666665
 20
228.51533333333333
 10
160.99366666666666
 20
228.49416666666667
 10
161.07833333333332
 20
228.47299999999998
 10
161.18416666666667
 20
228.45183333333333
 10
161.24766666666667
 20
228.43066666666667
 10
161.31116666666665
 20
228.40949999999998
 10
161.37466666666666
 20
228.38833333333332
 10
161.4805
 20
228.32483333333332
 10
161.52283333333332
 20
228.32483333333332
 10
161.71333333333334
 20
228.219
 10
161.75566666666666
 20
228.219
 10
161.96733333333333
 20
228.11316666666667
 10
162.03083333333333
 20
228.07083333333333
 10
162.09433333333334
 20
228.02849999999998
 10
162.15783333333331
 20
227.98616666666666
 10
162.2425
 20
227.92266666666666
 10
162.34833333333333
 20
227.838
 10
162.53883333333332
 20
227.64749999999998
 10
162.64466666666667
 20
227.584
 10
162.79283333333333
 20
227.41466666666665
 10
162.8775
 20
227.32999999999998
 10
162.98333333333332
 20
227.24533333333332
 10
163.06799999999998
 20
227.1395
 10
163.1315
 20
227.05483333333333
 10
163.17383333333333
 20
226.99133333333333
 10
163.23733333333334
 20
226.90666666666667
 10
163.27966666666666
 20
226.84316666666666
 10
163.30083333333332
 20
226.77966666666666
 10
163.34316666666666
 20
226.73733333333334
 10
163.47016666666667
 20
226.48333333333332
 10
163.49133333333333
 20
226.41983333333332
 10
163.49133333333333
 20
226.3775
 10
163.53366666666668
 20
226.314
 10
163.53366666666668
 20
226.27166666666665
 10
163.576
 20
226.20816666666667
 10
163.576
 20
226.16583333333332
 10
163.61833333333334
 20
226.10233333333332
 10
163.6395
 20
226.03883333333332
 10
163.66066666666666
 20
225.97533333333334
 10
163.68183333333332
 20
225.89066666666665
 10
163.68183333333332
 20
225.80599999999998
 10
163.703
 20
225.72133333333332
 10
163.72416666666666
 20
225.65783333333331
 10
163.74533333333332
 20
225.6155
 10
163.78766666666667
 20
225.57316666666665
 10
163.82999999999998
 20
225.46733333333333
 10
163.87233333333333
 20
225.42499999999998
 10
163.91466666666668
 20
225.3615
 10
163.93583333333333
 20
225.31916666666666
 10
163.957
 20
225.25566666666666
 10
163.957
 20
225.06516666666667
 10
163.93583333333333
 20
224.9805
 10
163.80883333333333
 20
224.74766666666667
 10
163.78766666666667
 20
224.66299999999998
 10
163.7665
 20
224.5148333333333
 10
163.7665
 20
224.19733333333332
 10
163.74533333333332
 20
224.07033333333334
 10
163.703
 20
223.98566666666667
 10
163.703
 20
223.90099999999998
 10
163.61833333333334
 20
223.7528333333333
 10
163.61833333333334
 20
223.7105
 10
163.59716666666665
 20
223.647
 10
163.55483333333333
 20
223.60466666666667
 10
163.49133333333333
 20
223.47766666666666
 10
163.49133333333333
 20
223.43533333333332
 10
163.47016666666667
 20
223.393
 10
163.42783333333333
 20
223.35066666666665
 10
163.40666666666667
 20
223.28716666666665
 10
163.34316666666666
 20
223.22366666666667
 10
163.30083333333332
 20
223.16016666666667
 10
163.2585
 20
223.09666666666666
 10
163.2585
 20
223.05433333333332
 10
163.21616666666665
 20
222.96966666666665
 10
163.17383333333333
 20
222.92733333333334
 10
163.15266666666668
 20
222.885
 10
163.1315
 20
222.8215
 10
163.1315
 20
222.77916666666667
 10
163.06799999999998
 20
222.71566666666666
 10
163.0045
 20
222.67333333333332
 10
162.77166666666668
 20
222.4405
 10
162.3695
 20
222.01716666666667
 10
162.28483333333332
 20
221.95366666666666
 10
162.20016666666666
 20
221.91133333333332
 10
162.15783333333331
 20
221.91133333333332
 10
162.1155
 20
221.89016666666666
 10
162.052
 20
221.84783333333334
 10
161.96733333333333
 20
221.76316666666665
 10
161.88266666666667
 20
221.72083333333333
 10
161.81916666666666
 20
221.69966666666667
 10
161.75566666666666
 20
221.67849999999999
 10
161.71333333333334
 20
221.67849999999999
 10
161.6075
 20
221.61499999999998
 10
161.54399999999998
 20
221.59383333333332
 10
161.4805
 20
221.57266666666666
 10
161.43816666666666
 20
221.57266666666666
 10
161.37466666666666
 20
221.5515
 10
161.31116666666665
 20
221.53033333333332
 10
161.24766666666667
 20
221.488
 10
161.20533333333333
 20
221.488
 10
161.14183333333332
 20
221.46683333333334
 10
160.95133333333334
 20
221.361
 10
160.88783333333333
 20
221.33983333333333
 10
160.82433333333333
 20
221.31866666666667
 10
160.73966666666666
 20
221.31866666666667
 10
160.61266666666666
 20
221.33983333333333
 10
160.54916666666665
 20
221.31866666666667
 10
160.48566666666667
 20
221.27633333333333
 10
160.35866666666666
 20
221.27633333333333
 10
160.10466666666667
 20
221.27633333333333
 10
159.93533333333332
 20
221.27633333333333
 10
159.766
 20
221.31866666666667
 10
159.53316666666666
 20
221.31866666666667
 10
159.40616666666665
 20
221.33983333333333
 10
159.21566666666666
 20
221.44566666666665
 10
159.15216666666666
 20
221.46683333333334
 10
159.04633333333334
 20
221.46683333333334
 10
158.91933333333333
 20
221.53033333333332
 10
158.877
 20
221.57266666666666
 10
158.83466666666666
 20
221.57266666666666
 10
158.77116666666666
 20
221.59383333333332
 10
158.72883333333334
 20
221.61499999999998
 10
158.66533333333334
 20
221.65733333333333
 10
158.623
 20
221.69966666666667
 10
158.55949999999999
 20
221.72083333333333
 10
158.51716666666667
 20
221.76316666666665
 10
158.45366666666666
 20
221.8055
 10
158.22083333333333
 20
221.91133333333332
 10
158.15733333333333
 20
221.95366666666666
 10
158.07266666666666
 20
222.01716666666667
 10
158.00916666666666
 20
222.05949999999999
 10
157.94566666666665
 20
222.10183333333333
 10
157.861
 20
222.1865
 10
157.79749999999999
 20
222.20766666666665
 10
157.69166666666666
 20
222.3135
 10
157.6705
 20
222.37699999999998
 10
157.5435
 20
222.504
 10
157.52233333333334
 20
222.5675
 10
157.48
 20
222.631
 10
157.43766666666667
 20
222.6945
 10
157.37416666666667
 20
222.77916666666667
 10
157.1625
 20
222.9908333333333
 10
157.099
 20
223.11783333333332
 10
157.099
 20
223.16016666666667
 10
157.05666666666667
 20
223.22366666666667
 10
157.05666666666667
 20
223.266
 10
157.03549999999998
 20
223.3295
 10
156.99316666666667
 20
223.41416666666666
 10
156.88733333333332
 20
223.51999999999998
 10
156.845
 20
223.60466666666667
 10
156.82383333333334
 20
223.7105
 10
156.82383333333334
 20
223.774
 10
156.80266666666665
 20
223.8375
 10
156.76033333333334
 20
223.90099999999998
 10
156.73916666666665
 20
223.9645
 10
156.718
 20
224.028
 10
156.69683333333333
 20
224.0915
 10
156.69683333333333
 20
224.30316666666667
 10
156.67566666666667
 20
224.45133333333334
 10
156.63333333333333
 20
224.5995
 10
156.61216666666667
 20
224.79
 10
156.591
 20
225.00166666666667
 10
156.591
 20
225.34033333333332
 10
156.61216666666667
 20
225.552
 10
156.63333333333333
 20
225.70016666666666
 10
156.65449999999998
 20
225.78483333333332
 10
156.67566666666667
 20
225.8695
 10
156.69683333333333
 20
225.97533333333334
 10
156.718
 20
226.03883333333332
 10
156.7815
 20
226.14466666666667
 10
156.7815
 20
226.18699999999998
 10
156.86616666666666
 20
226.33516666666665
 10
156.86616666666666
 20
226.3775
 10
156.9085
 20
226.41983333333332
 10
156.95083333333332
 20
226.5045
 10
156.95083333333332
 20
226.54683333333332
 10
157.05666666666667
 20
226.7585
 10
157.099
 20
226.822
 10
157.14133333333334
 20
226.8855
 10
157.20483333333334
 20
226.97016666666667
 10
157.24716666666666
 20
227.03366666666665
 10
157.2895
 20
227.09716666666665
 10
157.41649999999998
 20
227.22416666666666
 10
157.43766666666667
 20
227.2665
 10
157.43766666666667
 20
227.30883333333333
 10
157.607
 20
227.47816666666665
 10
157.734
 20
227.56283333333332
 10
157.861
 20
227.68983333333333
 10
157.94566666666665
 20
227.75333333333333
 10
158.0515
 20
227.838
 10
158.15733333333333
 20
227.92266666666666
 10
158.242
 20
227.98616666666666
 10
158.32666666666665
 20
228.04966666666667
 10
158.39016666666666
 20
228.09199999999998
 10
158.45366666666666
 20
228.13433333333333
 10
158.64416666666665
 20
228.219
 10
158.6865
 20
228.26133333333334
 10
158.8135
 20
228.32483333333332
 10
158.85583333333332
 20
228.32483333333332
 10
158.91933333333333
 20
228.36716666666666
 10
158.98283333333333
 20
228.38833333333332
 10
159.04633333333334
 20
228.40949999999998
 10
159.10983333333334
 20
228.43066666666667
 10
159.1945
 20
228.45183333333333
 10
159.25799999999998
 20
228.47299999999998
 10
159.3215
 20
228.49416666666667
 10
159.385
 20
228.51533333333333
 10
159.66016666666667
 20
228.51533333333333
  0
LWPOLYLINE
  5
6E
330
17
100
AcDbEntity
  8
0
100
AcDbPolyline
 90
6
 70
1
 10
0.0
 20
240.13583333333332
 10
0.0
 20
239.7125
 10
0.042333333333333334
 20
239.75483333333332
 10
0.042333333333333334
 20
239.8395
 10
0.042333333333333334
 20
239.903
 10
0.021166666666666667
 20
239.9665
  0
LWPOLYLINE
  5
6F
330
17
100
AcDbEntity
  8
0
100
AcDbPolyline
 90
7
 70
1
 10
0.0
 20
244.55966666666666
 10
0.0
 20
243.92466666666667
 10
0.042333333333333334
 20
243.92466666666667
 10
0.127
 20
244.00933333333333
 10
0.127
 20
244.43266666666665
 10
0.10583333333333333
 20
244.49616666666665
 10
0.042333333333333334
 20
244.55966666666666
  0
LWPOLYLINE
  5
70
330
17
100
AcDbEntity
  8
0
100
AcDbPolyline
 90
5
 70
1
 10
0.0
 20
246.253
 10
0.0
 20
245.91433333333333
 10
0.042333333333333334
 20
245.9355
 10
0.042333333333333334
 20
246.0413333333333
 10
0.042333333333333334
 20
246.253
  0
LWPOLYLINE
  5
71
330
17
100
AcDbEntity
  8
0
100
AcDbPolyline
 90
12
 70
1
 10
0.0
 20
247.75583333333333
 10
0.0
 20
246.99383333333333
 10
0.0635
 20
247.03616666666667
 10
0.0635
 20
247.0785
 10
0.021166666666666667
 20
247.16316666666665
 10
0.0
 20
247.24783333333332
 10
0.042333333333333334
 20
247.33249999999998
 10
0.042333333333333334
 20
247.48066666666665
 10
0.08466666666666667
 20
247.523
 10
0.10583333333333333
 20
247.5653333333333
 10
0.10583333333333333
 20
247.65
 10
0.08466666666666667
 20
247.69233333333332
  0
LWPOLYLINE
  5
72
330
17
100
AcDbEntity
  8
0
100
AcDbPolyline
 90
966
 70
1
 10
158.98283333333333
 20
251.12133333333333
 10
158.85583333333332
 20
251.10016666666667
 10
158.6865
 20
251.05783333333332
 10
158.4325
 20
251.05783333333332
 10
158.369
 20
251.03666666666666
 10
158.22083333333333
 20
250.952
 10
158.15733333333333
 20
250.93083333333334
 10
158.09383333333332
 20
250.90966666666665
 10
158.00916666666666
 20
250.8885
 10
157.94566666666665
 20
250.86733333333333
 10
157.88216666666665
 20
250.84616666666665
 10
157.81866666666667
 20
250.825
 10
157.734
 20
250.80383333333333
 10
157.62816666666666
 20
250.80383333333333
 10
157.56466666666665
 20
250.78266666666667
 10
157.50116666666665
 20
250.74033333333333
 10
157.43766666666667
 20
250.71916666666667
 10
157.37416666666667
 20
250.69799999999998
 10
157.2895
 20
250.69799999999998
 10
157.226
 20
250.67683333333332
 10
157.14133333333334
 20
250.6345
 10
157.099
 20
250.59216666666666
 10
156.88733333333332
 20
250.48633333333333
 10
156.82383333333334
 20
250.46516666666665
 10
156.7815
 20
250.46516666666665
 10
156.718
 20
250.444
 10
156.67566666666667
 20
250.42283333333333
 10
156.61216666666667
 20
250.38049999999998
 10
156.56983333333332
 20
250.33816666666667
 10
156.5275
 20
250.31699999999998
 10
156.464
 20
250.31699999999998
 10
156.42166666666665
 20
250.29583333333332
 10
156.337
 20
250.21116666666666
 10
156.29466666666667
 20
250.19
 10
156.23116666666667
 20
250.16883333333334
 10
156.10416666666666
 20
250.16883333333334
 10
156.04066666666665
 20
250.14766666666665
 10
155.97716666666668
 20
250.10533333333333
 10
155.87133333333333
 20
250.08416666666665
 10
155.78666666666666
 20
250.063
 10
155.46916666666667
 20
250.063
 10
155.3845
 20
250.02066666666667
 10
155.27866666666665
 20
249.99949999999998
 10
155.13049999999998
 20
249.97833333333332
 10
154.98233333333332
 20
249.97833333333332
 10
154.85533333333333
 20
249.936
 10
154.72833333333332
 20
249.91483333333332
 10
154.66483333333332
 20
249.91483333333332
 10
154.41083333333333
 20
249.95716666666667
 10
154.07216666666667
 20
249.97833333333332
 10
152.273
 20
249.97833333333332
 10
152.16716666666667
 20
249.95716666666667
 10
152.04016666666666
 20
249.91483333333332
 10
151.65916666666666
 20
249.89366666666666
 10
151.27816666666666
 20
249.91483333333332
 10
151.10883333333334
 20
249.91483333333332
 10
150.77016666666665
 20
249.89366666666666
 10
150.64316666666667
 20
249.85133333333332
 10
150.38916666666665
 20
249.85133333333332
 10
150.26216666666667
 20
249.89366666666666
 10
149.96583333333334
 20
249.8725
 10
149.83883333333333
 20
249.8725
 10
149.6695
 20
249.89366666666666
 10
149.56366666666665
 20
249.85133333333332
 10
149.4155
 20
249.85133333333332
 10
148.5265
 20
249.8725
 10
148.44183333333334
 20
249.83016666666666
 10
148.37833333333333
 20
249.809
 10
148.16666666666666
 20
249.83016666666666
 10
147.828
 20
249.809
 10
147.65866666666668
 20
249.76666666666665
 10
147.5105
 20
249.809
 10
147.34116666666665
 20
249.809
 10
147.10833333333332
 20
249.78783333333334
 10
146.939
 20
249.83016666666666
 10
146.304
 20
249.83016666666666
 10
145.542
 20
249.809
 10
145.415
 20
249.78783333333334
 10
145.30916666666667
 20
249.7455
 10
145.20333333333332
 20
249.7455
 10
145.13983333333334
 20
249.7455
 10
144.5895
 20
249.72433333333333
 10
144.48366666666666
 20
249.72433333333333
 10
144.18733333333333
 20
249.72433333333333
 10
144.0815
 20
249.72433333333333
 10
143.40416666666667
 20
249.7455
 10
143.34066666666666
 20
249.72433333333333
 10
143.27716666666666
 20
249.682
 10
143.21366666666665
 20
249.66083333333333
 10
143.17133333333334
 20
249.66083333333333
 10
143.0655
 20
249.72433333333333
 10
142.79033333333334
 20
249.70316666666665
 10
142.72683333333333
 20
249.70316666666665
 10
142.64216666666667
 20
249.72433333333333
 10
142.5575
 20
249.70316666666665
 10
142.47283333333334
 20
249.66083333333333
 10
142.21883333333332
 20
249.63966666666667
 10
142.13416666666666
 20
249.66083333333333
 10
142.0495
 20
249.70316666666665
 10
141.77433333333332
 20
249.70316666666665
 10
141.6685
 20
249.66083333333333
 10
141.52033333333333
 20
249.63966666666667
 10
141.20283333333333
 20
249.63966666666667
 10
141.13933333333333
 20
249.63966666666667
 10
140.9065
 20
249.63966666666667
 10
140.48316666666668
 20
249.66083333333333
 10
140.44083333333333
 20
249.61849999999998
 10
140.37733333333333
 20
249.59733333333332
 10
140.31383333333332
 20
249.57616666666667
 10
140.18683333333334
 20
249.57616666666667
 10
139.93283333333332
 20
249.59733333333332
 10
139.84816666666666
 20
249.63966666666667
 10
139.72116666666668
 20
249.76666666666665
 10
139.65766666666667
 20
249.83016666666666
 10
139.573
 20
249.85133333333332
 10
139.34016666666668
 20
249.85133333333332
 10
139.27666666666667
 20
249.78783333333334
 10
139.25549999999998
 20
249.72433333333333
 10
139.14966666666666
 20
249.61849999999998
 10
139.10733333333332
 20
249.59733333333332
 10
139.04383333333334
 20
249.57616666666667
 10
138.91683333333333
 20
249.57616666666667
 10
138.684
 20
249.59733333333332
 10
138.57816666666668
 20
249.555
 10
138.34533333333334
 20
249.555
 10
137.9855
 20
249.57616666666667
 10
137.71033333333332
 20
249.53383333333332
 10
136.92716666666666
 20
249.53383333333332
 10
136.73666666666665
 20
249.4915
 10
136.37683333333334
 20
249.51266666666666
 10
136.22866666666667
 20
249.51266666666666
 10
135.9535
 20
249.4915
 10
135.86883333333333
 20
249.44916666666666
 10
135.6995
 20
249.44916666666666
 10
135.61483333333334
 20
249.47033333333331
 10
135.509
 20
249.51266666666666
 10
135.04333333333332
 20
249.51266666666666
 10
134.21783333333332
 20
249.4915
 10
134.15433333333334
 20
249.47033333333331
 10
134.06966666666665
 20
249.428
 10
133.83683333333332
 20
249.428
 10
133.68866666666668
 20
249.38566666666665
 10
133.49816666666666
 20
249.38566666666665
 10
133.20183333333333
 20
249.38566666666665
 10
133.096
 20
249.38566666666665
 10
132.63033333333334
 20
249.428
 10
132.50333333333333
 20
249.428
 10
132.334
 20
249.40683333333334
 10
132.1435
 20
249.3645
 10
131.74133333333333
 20
249.38566666666665
 10
131.42383333333333
 20
249.3645
 10
131.36033333333333
 20
249.3645
 10
131.191
 20
249.40683333333334
 10
131.04283333333333
 20
249.40683333333334
 10
130.95816666666667
 20
249.38566666666665
 10
130.8735
 20
249.34333333333333
 10
130.57716666666667
 20
249.34333333333333
 10
130.3655
 20
249.38566666666665
 10
130.13266666666667
 20
249.38566666666665
 10
129.79399999999998
 20
249.3645
 10
129.64583333333334
 20
249.32216666666665
 10
129.45533333333333
 20
249.301
 10
129.26483333333334
 20
249.27983333333333
 10
129.20133333333334
 20
249.27983333333333
 10
129.11666666666667
 20
249.301
 10
128.92616666666666
 20
249.25866666666667
 10
128.62983333333332
 20
249.23749999999998
 10
128.16416666666666
 20
249.23749999999998
 10
128.05833333333334
 20
249.27983333333333
 10
127.508
 20
249.25866666666667
 10
127.1905
 20
249.27983333333333
 10
127.10583333333334
 20
249.27983333333333
 10
126.70366666666666
 20
249.27983333333333
 10
126.57666666666667
 20
249.27983333333333
 10
125.43366666666667
 20
249.25866666666667
 10
125.11616666666666
 20
249.21633333333332
 10
124.54466666666666
 20
249.21633333333332
 10
124.31183333333333
 20
249.174
 10
123.7615
 20
249.174
 10
123.6345
 20
249.13166666666666
 10
123.23233333333333
 20
249.1105
 10
122.59733333333332
 20
249.13166666666666
 10
122.301
 20
249.13166666666666
 10
120.88283333333332
 20
249.1105
 10
120.37483333333333
 20
249.08933333333331
 10
120.24783333333333
 20
249.047
 10
119.9515
 20
249.047
 10
119.88799999999999
 20
249.06816666666666
 10
119.8245
 20
249.08933333333331
 10
119.761
 20
249.13166666666666
 10
119.71866666666666
 20
249.13166666666666
 10
119.65516666666666
 20
249.15283333333332
 10
119.61283333333333
 20
249.174
 10
119.5705
 20
249.21633333333332
 10
119.4435
 20
249.21633333333332
 10
119.38
 20
249.15283333333332
 10
119.31649999999999
 20
249.1105
 10
119.253
 20
249.08933333333331
 10
119.10483333333333
 20
249.06816666666666
 10
118.85083333333333
 20
249.047
 10
118.51216666666666
 20
249.047
 10
118.40633333333334
 20
249.00466666666665
 10
117.89833333333333
 20
249.02583333333334
 10
117.475
 20
249.02583333333334
 10
117.4115
 20
249.00466666666665
 10
117.348
 20
248.96233333333333
 10
117.11516666666667
 20
248.96233333333333
 10
116.75533333333333
 20
248.9835
 10
116.60716666666666
 20
248.96233333333333
 10
116.43783333333333
 20
248.92
 10
116.31083333333333
 20
248.89883333333333
 10
116.24733333333333
 20
248.89883333333333
 10
116.1415
 20
248.94116666666665
 10
115.97216666666667
 20
248.94116666666665
 10
115.40066666666667
 20
248.89883333333333
 10
115.14666666666666
 20
248.92
 10
115.04083333333332
 20
248.92
 10
114.935
 20
248.87766666666667
 10
114.82916666666667
 20
248.87766666666667
 10
114.65983333333332
 20
248.89883333333333
 10
114.27883333333332
 20
248.85649999999998
 10
114.08833333333332
 20
248.87766666666667
 10
114.02483333333333
 20
248.87766666666667
 10
113.85549999999999
 20
248.83533333333332
 10
113.62266666666666
 20
248.81416666666667
 10
113.05116666666666
 20
248.793
 10
111.80233333333334
 20
248.793
 10
111.61183333333334
 20
248.77183333333332
 10
111.46366666666667
 20
248.7295
 10
111.29433333333333
 20
248.70833333333331
 10
111.125
 20
248.70833333333331
 10
110.49
 20
248.75066666666666
 10
108.86016666666666
 20
248.75066666666666
 10
108.75433333333334
 20
248.70833333333331
 10
108.6485
 20
248.68716666666666
 10
108.5215
 20
248.68716666666666
 10
108.204
 20
248.70833333333331
 10
107.97116666666666
 20
248.666
 10
107.696
 20
248.68716666666666
 10
107.6325
 20
248.68716666666666
 10
107.14566666666667
 20
248.666
 10
106.9975
 20
248.62366666666665
 10
106.87049999999999
 20
248.666
 10
106.67999999999999
 20
248.666
 10
106.34133333333332
 20
248.62366666666665
 10
105.51583333333333
 20
248.64483333333334
 10
105.45233333333333
 20
248.64483333333334
 10
105.11366666666666
 20
248.62366666666665
 10
104.98666666666666
 20
248.58133333333333
 10
104.73266666666666
 20
248.58133333333333
 10
104.66916666666667
 20
248.62366666666665
 10
104.56333333333333
 20
248.62366666666665
 10
104.47866666666667
 20
248.58133333333333
 10
104.41516666666666
 20
248.56016666666665
 10
104.3305
 20
248.56016666666665
 10
104.22466666666666
 20
248.6025
 10
104.01299999999999
 20
248.6025
 10
103.1875
 20
248.58133333333333
 10
103.03933333333333
 20
248.539
 10
102.84883333333333
 20
248.539
 10
102.76416666666667
 20
248.51783333333333
 10
102.70066666666666
 20
248.47549999999998
 10
102.616
 20
248.45433333333332
 10
102.53133333333334
 20
248.45433333333332
 10
102.31966666666666
 20
248.47549999999998
 10
102.19266666666667
 20
248.51783333333333
 10
102.08683333333333
 20
248.539
 10
100.584
 20
248.539
 10
100.49933333333333
 20
248.49666666666667
 10
100.43583333333333
 20
248.47549999999998
 10
99.97016666666666
 20
248.47549999999998
 10
99.86433333333333
 20
248.51783333333333
 10
99.7585
 20
248.539
 10
99.35633333333332
 20
248.539
 10
99.27166666666666
 20
248.51783333333333
 10
99.16583333333332
 20
248.47549999999998
 10
99.06
 20
248.45433333333332
 10
98.97533333333332
 20
248.45433333333332
 10
98.84833333333333
 20
248.47549999999998
 10
98.65783333333333
 20
248.43316666666666
 10
97.49366666666667
 20
248.412
 10
97.26083333333332
 20
248.43316666666666
 10
97.19733333333333
 20
248.43316666666666
 10
96.98566666666666
 20
248.39083333333332
 10
96.75283333333333
 20
248.39083333333332
 10
96.49883333333334
 20
248.43316666666666
 10
96.11783333333334
 20
248.412
 10
95.67333333333333
 20
248.43316666666666
 10
95.5675
 20
248.39083333333332
 10
95.12299999999999
 20
248.36966666666666
 10
94.95366666666666
 20
248.39083333333332
 10
94.84783333333333
 20
248.39083333333332
 10
94.74199999999999
 20
248.3485
 10
94.1705
 20
248.3273333333333
 10
94.02233333333334
 20
248.3485
 10
93.726
 20
248.30616666666666
 10
93.6625
 20
248.30616666666666
 10
93.49316666666667
 20
248.30616666666666
 10
93.38733333333333
 20
248.30616666666666
 10
93.19683333333333
 20
248.30616666666666
 10
93.091
 20
248.30616666666666
 10
92.964
 20
248.3273333333333
 10
92.49833333333333
 20
248.285
 10
91.96916666666667
 20
248.30616666666666
 10
91.84216666666667
 20
248.26383333333334
 10
91.67283333333333
 20
248.26383333333334
 10
90.78383333333333
 20
248.285
 10
90.678
 20
248.26383333333334
 10
90.551
 20
248.2215
 10
90.40283333333333
 20
248.20033333333333
 10
90.14883333333333
 20
248.20033333333333
 10
89.70433333333332
 20
248.20033333333333
 10
89.64083333333333
 20
248.20033333333333
 10
89.36566666666667
 20
248.2215
 10
89.11166666666666
 20
248.17916666666665
 10
88.70949999999999
 20
248.20033333333333
 10
88.392
 20
248.20033333333333
 10
88.09566666666666
 20
248.17916666666665
 10
87.94749999999999
 20
248.158
 10
87.77816666666666
 20
248.13683333333333
 10
87.65116666666667
 20
248.09449999999998
 10
87.41833333333334
 20
248.07333333333332
 10
87.16433333333333
 20
248.07333333333332
 10
86.8045
 20
248.09449999999998
 10
85.7885
 20
248.05216666666666
 10
85.42866666666666
 20
248.05216666666666
 10
85.36516666666667
 20
248.05216666666666
 10
85.19583333333333
 20
248.05216666666666
 10
85.00533333333333
 20
248.07333333333332
 10
84.709
 20
248.05216666666666
 10
84.5185
 20
248.00983333333332
 10
84.201
 20
248.00983333333332
 10
84.05283333333333
 20
247.9675
 10
83.92583333333333
 20
247.9463333333333
 10
83.46016666666667
 20
247.9463333333333
 10
83.35433333333333
 20
247.98866666666666
 10
83.24849999999999
 20
247.98866666666666
 10
83.1215
 20
247.9463333333333
 10
83.03683333333333
 20
247.9675
 10
82.9945
 20
247.98866666666666
 10
82.95216666666667
 20
248.031
 10
82.804
 20
248.031
 10
82.71933333333332
 20
248.07333333333332
 10
82.50766666666667
 20
248.07333333333332
 10
82.44416666666666
 20
248.09449999999998
 10
82.2325
 20
248.20033333333333
 10
82.14783333333332
 20
248.285
 10
82.06316666666666
 20
248.3273333333333
 10
81.95733333333334
 20
248.3273333333333
 10
81.89383333333333
 20
248.3485
 10
81.80916666666667
 20
248.39083333333332
 10
81.76683333333334
 20
248.43316666666666
 10
81.68216666666666
 20
248.47549999999998
 10
81.63983333333333
 20
248.47549999999998
 10
81.53399999999999
 20
248.539
 10
81.49166666666666
 20
248.539
 10
81.38583333333334
 20
248.6025
 10
81.30116666666666
 20
248.62366666666665
 10
81.2165
 20
248.64483333333334
 10
81.15299999999999
 20
248.64483333333334
 10
81.06833333333333
 20
248.68716666666666
 10
80.98366666666666
 20
248.70833333333331
 10
80.92016666666666
 20
248.7295
 10
80.8355
 20
248.75066666666666
 10
80.75083333333333
 20
248.77183333333332
 10
80.645
 20
248.793
 10
80.4545
 20
248.793
 10
80.30633333333333
 20
248.83533333333332
 10
79.92533333333333
 20
248.83533333333332
 10
79.77716666666666
 20
248.793
 10
79.60783333333333
 20
248.793
 10
79.39616666666666
 20
248.81416666666667
 10
79.26916666666666
 20
248.77183333333332
 10
79.03633333333333
 20
248.77183333333332
 10
78.9305
 20
248.7295
 10
78.69766666666666
 20
248.7295
 10
78.63416666666666
 20
248.70833333333331
 10
78.5495
 20
248.666
 10
78.486
 20
248.64483333333334
 10
78.359
 20
248.64483333333334
 10
78.2955
 20
248.62366666666665
 10
78.25316666666666
 20
248.58133333333333
 10
78.21083333333333
 20
248.56016666666665
 10
78.14733333333334
 20
248.539
 10
77.99916666666667
 20
248.539
 10
77.9145
 20
248.51783333333333
 10
77.82983333333333
 20
248.47549999999998
 10
77.7875
 20
248.43316666666666
 10
77.724
 20
248.412
 10
77.68166666666666
 20
248.36966666666666
 10
77.597
 20
248.3273333333333
 10
77.5335
 20
248.30616666666666
 10
77.47
 20
248.30616666666666
 10
77.4065
 20
248.285
 10
77.32183333333333
 20
248.24266666666665
 10
77.25833333333333
 20
248.20033333333333
 10
77.19483333333334
 20
248.158
 10
77.04666666666667
 20
248.00983333333332
 10
76.98316666666666
 20
247.98866666666666
 10
76.87733333333333
 20
247.98866666666666
 10
76.75033333333333
 20
247.92516666666666
 10
76.708
 20
247.88283333333334
 10
76.62333333333333
 20
247.8405
 10
76.581
 20
247.8405
 10
76.53866666666667
 20
247.81933333333333
 10
76.47516666666667
 20
247.75583333333333
 10
76.327
 20
247.69233333333332
 10
76.24233333333333
 20
247.62883333333332
 10
76.2
 20
247.5865
 10
76.1365
 20
247.5653333333333
 10
76.073
 20
247.523
 10
76.03066666666666
 20
247.48066666666665
 10
75.73433333333332
 20
247.1843333333333
 10
75.692
 20
247.142
 10
75.45916666666666
 20
246.888
 10
75.3745
 20
246.84566666666666
 10
75.31099999999999
 20
246.78216666666665
 10
75.26866666666666
 20
246.71866666666665
 10
75.22633333333333
 20
246.634
 10
75.22633333333333
 20
246.59166666666667
 10
75.20516666666667
 20
246.54933333333332
 10
75.14166666666667
 20
246.46466666666666
 10
74.9935
 20
246.3165
 10
74.92999999999999
 20
246.16833333333332
 10
74.88766666666666
 20
246.10483333333332
 10
74.803
 20
246.02016666666665
 10
74.76066666666667
 20
245.95666666666665
 10
74.71833333333333
 20
245.87199999999999
 10
74.69716666666666
 20
245.80849999999998
 10
74.69716666666666
 20
245.745
 10
74.65483333333333
 20
245.6815
 10
74.65483333333333
 20
245.63916666666665
 10
74.63366666666667
 20
245.59683333333334
 10
74.59133333333332
 20
245.5545
 10
74.50666666666666
 20
245.38516666666666
 10
74.50666666666666
 20
245.34283333333332
 10
74.46433333333333
 20
245.2793333333333
 10
74.46433333333333
 20
245.237
 10
74.422
 20
245.1735
 10
74.40083333333334
 20
245.10999999999999
 10
74.37966666666667
 20
245.04649999999998
 10
74.35849999999999
 20
244.983
 10
74.33733333333333
 20
244.89833333333334
 10
74.31616666666666
 20
244.83483333333334
 10
74.295
 20
244.77133333333333
 10
74.295
 20
244.55966666666666
 10
74.27383333333333
 20
244.49616666666665
 10
74.18916666666667
 20
244.34799999999998
 10
74.18916666666667
 20
244.17866666666666
 10
74.16799999999999
 20
244.11516666666665
 10
74.12566666666666
 20
244.0305
 10
74.1045
 20
243.94583333333333
 10
74.08333333333333
 20
243.713
 10
74.08333333333333
 20
243.48016666666666
 10
74.041
 20
243.35316666666665
 10
74.01983333333334
 20
243.2685
 10
74.01983333333334
 20
243.16266666666667
 10
74.041
 20
242.99333333333334
 10
74.01983333333334
 20
242.82399999999998
 10
74.041
 20
242.73933333333332
 10
74.08333333333333
 20
242.65466666666666
 10
74.08333333333333
 20
242.52766666666665
 10
74.1045
 20
242.44299999999998
 10
74.14683333333333
 20
242.35833333333332
 10
74.16799999999999
 20
242.27366666666666
 10
74.18916666666667
 20
242.16783333333333
 10
74.18916666666667
 20
242.06199999999998
 10
74.21033333333334
 20
241.9985
 10
74.25266666666667
 20
241.89266666666666
 10
74.25266666666667
 20
241.808
 10
74.27383333333333
 20
241.70216666666667
 10
74.295
 20
241.6175
 10
74.35849999999999
 20
241.4905
 10
74.422
 20
241.427
 10
74.422
 20
241.25766666666667
 10
74.4855
 20
241.15183333333331
 10
74.50666666666666
 20
241.06716666666665
 10
74.50666666666666
 20
240.9825
 10
74.52783333333333
 20
240.89783333333332
 10
74.54899999999999
 20
240.83433333333332
 10
74.6125
 20
240.7285
 10
74.6125
 20
240.64383333333333
 10
74.63366666666667
 20
240.55916666666667
 10
74.676
 20
240.4745
 10
74.71833333333333
 20
240.411
 10
74.76066666666667
 20
240.36866666666666
 10
74.78183333333332
 20
240.30516666666665
 10
74.88766666666666
 20
240.19933333333333
 10
74.92999999999999
 20
240.13583333333332
 10
74.92999999999999
 20
240.0935
 10
74.95116666666667
 20
240.05116666666666
 10
74.9935
 20
239.98766666666666
 10
75.07816666666666
 20
239.903
 10
75.09933333333333
 20
239.8395
 10
75.22633333333333
 20
239.73366666666666
 10
75.2475
 20
239.69133333333332
 10
75.2475
 20
239.649
 10
75.26866666666666
 20
239.5855
 10
75.28983333333333
 20
239.54316666666665
 10
75.39566666666667
 20
239.43733333333333
 10
75.45916666666666
 20
239.39499999999998
 10
75.52266666666667
 20
239.37383333333332
 10
75.60733333333333
 20
239.28916666666666
 10
75.71316666666667
 20
239.16216666666665
 10
75.86133333333333
 20
239.03516666666667
 10
75.8825
 20
238.97166666666666
 10
75.92483333333332
 20
238.90816666666666
 10
76.09416666666667
 20
238.73883333333333
 10
76.11533333333333
 20
238.67533333333333
 10
76.17883333333333
 20
238.61183333333332
 10
76.24233333333333
 20
238.5695
 10
76.30583333333333
 20
238.54833333333332
 10
76.36933333333333
 20
238.506
 10
76.5175
 20
238.33666666666667
 10
76.60216666666666
 20
238.25199999999998
 10
76.66566666666667
 20
238.20966666666666
 10
76.72916666666667
 20
238.16733333333332
 10
76.7715
 20
238.14616666666666
 10
76.81383333333333
 20
238.14616666666666
 10
76.85616666666667
 20
238.125
 10
76.962
 20
238.01916666666665
 10
77.0255
 20
237.97683333333333
 10
77.089
 20
237.93449999999999
 10
77.17366666666666
 20
237.89216666666667
 10
77.23716666666667
 20
237.87099999999998
 10
77.30066666666666
 20
237.84983333333332
 10
77.343
 20
237.84983333333332
 10
77.5335
 20
237.744
 10
77.57583333333334
 20
237.744
 10
77.68166666666666
 20
237.6805
 10
77.76633333333334
 20
237.65933333333334
 10
77.851
 20
237.65933333333334
 10
77.9145
 20
237.63816666666665
 10
78.06266666666666
 20
237.55349999999999
 10
78.14733333333334
 20
237.53233333333333
 10
78.21083333333333
 20
237.51116666666667
 10
78.2955
 20
237.48999999999998
 10
78.38016666666667
 20
237.46883333333332
 10
78.44366666666666
 20
237.44766666666666
 10
78.52833333333334
 20
237.4265
 10
78.613
 20
237.40533333333332
 10
78.69766666666666
 20
237.38416666666666
 10
78.8035
 20
237.363
 10
78.9305
 20
237.363
 10
79.0575
 20
237.32066666666665
 10
79.248
 20
237.2995
 10
79.41733333333333
 20
237.2995
 10
79.54433333333333
 20
237.34183333333334
 10
79.90416666666667
 20
237.34183333333334
 10
80.09466666666667
 20
237.2995
 10
80.36983333333333
 20
237.2995
 10
80.81433333333334
 20
237.32066666666665
 10
80.87783333333333
 20
237.34183333333334
 10
80.96249999999999
 20
237.363
 10
81.026
 20
237.38416666666666
 10
81.2165
 20
237.48999999999998
 10
81.28
 20
237.51116666666667
 10
81.44933333333333
 20
237.51116666666667
 10
81.53399999999999
 20
237.53233333333333
 10
81.5975
 20
237.55349999999999
 10
81.68216666666666
 20
237.59583333333333
 10
81.74566666666666
 20
237.617
 10
81.83033333333333
 20
237.617
 10
81.89383333333333
 20
237.63816666666665
 10
81.95733333333334
 20
237.65933333333334
 10
82.02083333333333
 20
237.6805
 10
82.08433333333333
 20
237.7228333333333
 10
82.12666666666667
 20
237.7228333333333
 10
82.19016666666667
 20
237.76516666666666
 10
82.2325
 20
237.76516666666666
 10
82.38066666666667
 20
237.84983333333332
 10
82.423
 20
237.84983333333332
 10
82.63466666666666
 20
237.95566666666667
 10
82.69816666666667
 20
237.998
 10
82.7405
 20
238.04033333333334
 10
82.82516666666666
 20
238.1038333333333
 10
82.90983333333332
 20
238.125
 10
82.9945
 20
238.125
 10
83.07916666666667
 20
238.16733333333332
 10
83.1215
 20
238.20966666666666
 10
83.185
 20
238.23083333333332
 10
83.24849999999999
 20
238.25199999999998
 10
83.312
 20
238.27316666666667
 10
83.39666666666666
 20
238.29433333333333
 10
83.46016666666667
 20
238.3155
 10
83.54483333333333
 20
238.33666666666667
 10
83.65066666666667
 20
238.33666666666667
 10
83.7565
 20
238.379
 10
84.074
 20
238.40016666666665
 10
85.06883333333333
 20
238.40016666666665
 10
85.19583333333333
 20
238.4425
 10
85.87316666666666
 20
238.4425
 10
86.44466666666666
 20
238.46366666666665
 10
86.76216666666666
 20
238.506
 10
89.11166666666666
 20
238.506
 10
89.70433333333332
 20
238.52716666666666
 10
90.23349999999999
 20
238.5695
 10
90.61449999999999
 20
238.5695
 10
90.678
 20
238.5695
 10
91.20716666666667
 20
238.59066666666666
 10
92.43483333333333
 20
238.59066666666666
 10
92.68883333333333
 20
238.63299999999998
 10
92.7735
 20
238.63299999999998
 10
93.30266666666667
 20
238.61183333333332
 10
94.21283333333334
 20
238.63299999999998
 10
94.91133333333333
 20
238.65416666666667
 10
95.0595
 20
238.6965
 10
95.10183333333333
 20
238.6965
 10
95.33466666666666
 20
238.67533333333333
 10
96.139
 20
238.71766666666667
 10
96.37183333333333
 20
238.6965
 10
96.45649999999999
 20
238.6965
 10
97.11266666666667
 20
238.73883333333333
 10
98.25566666666667
 20
238.73883333333333
 10
99.10233333333333
 20
238.76
 10
99.20816666666667
 20
238.80233333333334
 10
99.61033333333333
 20
238.80233333333334
 10
99.67383333333333
 20
238.78116666666665
 10
99.7585
 20
238.76
 10
99.822
 20
238.71766666666667
 10
99.8855
 20
238.6965
 10
99.97016666666666
 20
238.6965
 10
100.03366666666666
 20
238.71766666666667
 10
100.18183333333333
 20
238.80233333333334
 10
100.24533333333333
 20
238.8235
 10
100.41466666666666
 20
238.80233333333334
 10
100.457
 20
238.80233333333334
 10
101.04966666666667
 20
238.8235
 10
101.346
 20
238.8658333333333
 10
102.57366666666667
 20
238.887
 10
102.82766666666666
 20
238.887
 10
103.29333333333334
 20
238.8658333333333
 10
103.44149999999999
 20
238.887
 10
103.5685
 20
238.92933333333332
 10
103.71666666666667
 20
238.92933333333332
 10
103.84366666666666
 20
238.887
 10
103.9495
 20
238.887
 10
104.14
 20
238.92933333333332
 10
104.39399999999999
 20
238.92933333333332
 10
104.4575
 20
238.92933333333332
 10
104.69033333333333
 20
238.92933333333332
 10
105.24066666666667
 20
238.97166666666666
 10
105.9815
 20
238.99283333333332
 10
107.39966666666666
 20
238.99283333333332
 10
107.52666666666666
 20
239.03516666666667
 10
108.18283333333333
 20
239.05633333333333
 10
108.9025
 20
239.0775
 10
109.0295
 20
239.05633333333333
 10
109.093
 20
239.05633333333333
 10
109.26233333333333
 20
239.09866666666667
 10
110.76516666666666
 20
239.09866666666667
 10
110.871
 20
239.141
 10
110.97683333333333
 20
239.16216666666665
 10
111.0615
 20
239.16216666666665
 10
111.67533333333333
 20
239.141
 10
113.07233333333333
 20
239.16216666666665
 10
113.81316666666666
 20
239.2045
 10
114.82916666666667
 20
239.22566666666665
 10
114.935
 20
239.2045
 10
114.99849999999999
 20
239.2045
 10
115.824
 20
239.22566666666665
 10
116.18383333333333
 20
239.2468333333333
 10
116.28966666666666
 20
239.28916666666666
 10
117.60199999999999
 20
239.28916666666666
 10
118.78733333333334
 20
239.3315
 10
119.29533333333333
 20
239.3315
 10
119.46466666666666
 20
239.28916666666666
 10
119.52816666666666
 20
239.28916666666666
 10
119.59166666666667
 20
239.28916666666666
 10
119.71866666666666
 20
239.268
 10
119.86683333333333
 20
239.268
 10
119.9515
 20
239.31033333333332
 10
120.05733333333333
 20
239.3315
 10
120.16316666666667
 20
239.35266666666666
 10
120.94633333333333
 20
239.35266666666666
 10
121.26383333333332
 20
239.37383333333332
 10
121.56016666666666
 20
239.41616666666667
 10
121.83533333333332
 20
239.41616666666667
 10
122.19516666666667
 20
239.39499999999998
 10
122.72433333333333
 20
239.41616666666667
 10
122.85133333333333
 20
239.4585
 10
124.2695
 20
239.4585
 10
124.6505
 20
239.47966666666667
 10
124.94683333333333
 20
239.522
 10
125.92049999999999
 20
239.54316666666665
 10
127.0
 20
239.54316666666665
 10
127.27516666666666
 20
239.5855
 10
128.4605
 20
239.5855
 10
128.94733333333332
 20
239.60666666666665
 10
129.24366666666666
 20
239.649
 10
130.3655
 20
239.649
 10
131.10633333333334
 20
239.67016666666666
 10
131.572
 20
239.7125
 10
132.37633333333332
 20
239.73366666666666
 10
132.54566666666668
 20
239.73366666666666
 10
132.82083333333333
 20
239.7125
 10
134.0485
 20
239.73366666666666
 10
134.21783333333332
 20
239.75483333333332
 10
134.32366666666667
 20
239.79716666666667
 10
134.4295
 20
239.79716666666667
 10
135.89
 20
239.77599999999998
 10
136.2075
 20
239.81833333333333
 10
136.398
 20
239.79716666666667
 10
136.50383333333332
 20
239.79716666666667
 10
137.77383333333333
 20
239.81833333333333
 10
138.32416666666666
 20
239.8395
 10
138.557
 20
239.88183333333333
 10
139.27666666666667
 20
239.88183333333333
 10
139.36133333333333
 20
239.86066666666667
 10
139.46716666666666
 20
239.81833333333333
 10
139.59416666666667
 20
239.81833333333333
 10
139.72116666666668
 20
239.77599999999998
 10
139.91166666666666
 20
239.77599999999998
 10
139.97516666666667
 20
239.79716666666667
 10
140.03866666666667
 20
239.8395
 10
140.10216666666668
 20
239.86066666666667
 10
140.16566666666665
 20
239.88183333333333
 10
140.39849999999998
 20
239.903
 10
140.77949999999998
 20
239.92416666666665
 10
141.2875
 20
239.94533333333334
 10
142.89616666666666
 20
239.94533333333334
 10
143.55233333333334
 20
239.9665
 10
143.764
 20
240.0088333333333
 10
145.0975
 20
240.0088333333333
 10
145.83833333333334
 20
240.03
 10
146.558
 20
240.07233333333332
 10
147.72216666666665
 20
240.07233333333332
 10
147.99733333333333
 20
240.11466666666666
 10
148.37833333333333
 20
240.13583333333332
 10
149.88116666666667
 20
240.13583333333332
 10
150.13516666666666
 20
240.17816666666667
 10
151.08766666666665
 20
240.17816666666667
 10
151.9555
 20
240.19933333333333
 10
152.10366666666667
 20
240.24166666666665
 10
152.2095
 20
240.24166666666665
 10
152.37883333333332
 20
240.19933333333333
 10
152.46349999999998
 20
240.19933333333333
 10
152.527
 20
240.2205
 10
152.5905
 20
240.26283333333333
 10
152.73866666666666
 20
240.26283333333333
 10
153.01383333333334
 20
240.24166666666665
 10
154.32616666666667
 20
240.26283333333333
 10
154.98233333333332
 20
240.30516666666665
 10
155.53266666666667
 20
240.284
 10
155.6385
 20
240.284
 10
155.956
 20
240.30516666666665
 10
156.06183333333334
 20
240.284
 10
156.1465
 20
240.26283333333333
 10
156.23116666666667
 20
240.24166666666665
 10
156.337
 20
240.2205
 10
156.42166666666665
 20
240.19933333333333
 10
156.48516666666666
 20
240.17816666666667
 10
156.56983333333332
 20
240.15699999999998
 10
156.65449999999998
 20
240.13583333333332
 10
156.73916666666665
 20
240.11466666666666
 10
156.80266666666665
 20
240.0935
 10
156.86616666666666
 20
240.05116666666666
 10
156.9085
 20
240.05116666666666
 10
156.972
 20
240.0088333333333
 10
157.01433333333333
 20
240.0088333333333
 10
157.07783333333333
 20
239.98766666666666
 10
157.14133333333334
 20
239.9665
 10
157.20483333333334
 20
239.92416666666665
 10
157.24716666666666
 20
239.92416666666665
 10
157.353
 20
239.86066666666667
 10
157.41649999999998
 20
239.8395
 10
157.48
 20
239.81833333333333
 10
157.5435
 20
239.79716666666667
 10
157.607
 20
239.77599999999998
 10
157.6705
 20
239.75483333333332
 10
157.734
 20
239.73366666666666
 10
157.81866666666667
 20
239.7125
 10
157.90333333333334
 20
239.69133333333332
 10
157.988
 20
239.67016666666666
 10
158.09383333333332
 20
239.649
 10
158.19966666666667
 20
239.6278333333333
 10
158.28433333333334
 20
239.60666666666665
 10
158.41133333333332
 20
239.5855
 10
158.55949999999999
 20
239.5855
 10
158.623
 20
239.56433333333334
 10
158.6865
 20
239.522
 10
158.77116666666666
 20
239.50083333333333
 10
158.877
 20
239.47966666666667
 10
159.08866666666665
 20
239.4585
 10
159.40616666666665
 20
239.4585
 10
159.87183333333334
 20
239.47966666666667
 10
160.06233333333333
 20
239.50083333333333
 10
160.274
 20
239.54316666666665
 10
160.48566666666667
 20
239.54316666666665
 10
160.5915
 20
239.56433333333334
 10
160.7185
 20
239.5855
 10
160.78199999999998
 20
239.60666666666665
 10
160.86666666666667
 20
239.649
 10
160.9725
 20
239.649
 10
161.07833333333332
 20
239.67016666666666
 10
161.14183333333332
 20
239.69133333333332
 10
161.20533333333333
 20
239.7125
 10
161.29
 20
239.73366666666666
 10
161.3535
 20
239.75483333333332
 10
161.417
 20
239.79716666666667
 10
161.4805
 20
239.81833333333333
 10
161.58633333333333
 20
239.81833333333333
 10
161.64983333333333
 20
239.8395
 10
161.75566666666666
 20
239.903
 10
161.798
 20
239.903
 10
161.8615
 20
239.94533333333334
 10
161.90383333333332
 20
239.94533333333334
 10
162.00966666666667
 20
240.0088333333333
 10
162.052
 20
240.0088333333333
 10
162.26366666666667
 20
240.11466666666666
 10
162.30599999999998
 20
240.15699999999998
 10
162.3695
 20
240.17816666666667
 10
162.433
 20
240.2205
 10
162.4965
 20
240.26283333333333
 10
162.53883333333332
 20
240.30516666666665
 10
162.60233333333332
 20
240.32633333333334
 10
162.64466666666667
 20
240.36866666666666
 10
162.70816666666667
 20
240.3898333333333
 10
162.77166666666668
 20
240.43216666666666
 10
162.814
 20
240.4745
 10
162.8775
 20
240.49566666666666
 10
162.941
 20
240.53799999999998
 10
163.0045
 20
240.58033333333333
 10
163.06799999999998
 20
240.62266666666665
 10
163.195
 20
240.7285
 10
163.34316666666666
 20
240.8555
 10
163.61833333333334
 20
241.13066666666666
 10
163.85116666666667
 20
241.32116666666667
 10
163.97816666666665
 20
241.44816666666665
 10
164.04166666666666
 20
241.53283333333331
 10
164.06283333333332
 20
241.59633333333332
 10
164.10516666666666
 20
241.65983333333332
 10
164.16866666666667
 20
241.7445
 10
164.25333333333333
 20
241.82916666666665
 10
164.338
 20
241.935
 10
164.4015
 20
242.01966666666667
 10
164.44383333333332
 20
242.08316666666667
 10
164.48616666666666
 20
242.14666666666665
 10
164.5285
 20
242.21016666666665
 10
164.57083333333333
 20
242.316
 10
164.61316666666667
 20
242.35833333333332
 10
164.6555
 20
242.46416666666667
 10
164.69783333333334
 20
242.5065
 10
164.88833333333332
 20
242.8875
 10
164.88833333333332
 20
242.92983333333333
 10
164.93066666666667
 20
242.99333333333334
 10
164.93066666666667
 20
243.03566666666666
 10
164.97299999999998
 20
243.09916666666666
 10
164.97299999999998
 20
243.14149999999998
 10
165.01533333333333
 20
243.20499999999998
 10
165.0365
 20
243.2685
 10
165.0365
 20
243.31083333333333
 10
165.07883333333334
 20
243.37433333333334
 10
165.1
 20
243.43783333333332
 10
165.12116666666665
 20
243.50133333333332
 10
165.12116666666665
 20
243.54366666666667
 10
165.1635
 20
243.60716666666667
 10
165.18466666666666
 20
243.67066666666665
 10
165.18466666666666
 20
243.713
 10
165.227
 20
243.7765
 10
165.24816666666666
 20
243.86116666666666
 10
165.24816666666666
 20
243.94583333333333
 10
165.26933333333332
 20
244.0305
 10
165.31166666666667
 20
244.11516666666665
 10
165.33283333333333
 20
244.17866666666666
 10
165.35399999999998
 20
244.28449999999998
 10
165.35399999999998
 20
244.49616666666665
 10
165.39633333333333
 20
244.68666666666667
 10
165.37516666666667
 20
244.83483333333334
 10
165.37516666666667
 20
244.89833333333334
 10
165.39633333333333
 20
245.1735
 10
165.4175
 20
245.21583333333334
 10
165.481
 20
245.2793333333333
 10
165.50216666666665
 20
245.32166666666666
 10
165.50216666666665
 20
245.40633333333332
 10
165.481
 20
245.46983333333333
 10
165.43866666666665
 20
245.53333333333333
 10
165.43866666666665
 20
245.59683333333334
 10
165.39633333333333
 20
245.6815
 10
165.37516666666667
 20
245.745
 10
165.35399999999998
 20
245.80849999999998
 10
165.33283333333333
 20
245.91433333333333
 10
165.33283333333333
 20
246.10483333333332
 10
165.31166666666667
 20
246.27416666666667
 10
165.2905
 20
246.38
 10
165.26933333333332
 20
246.46466666666666
 10
165.24816666666666
 20
246.52816666666666
 10
165.20583333333332
 20
246.61283333333333
 10
165.18466666666666
 20
246.67633333333333
 10
165.18466666666666
 20
246.8033333333333
 10
165.1635
 20
246.90916666666666
 10
165.14233333333334
 20
246.99383333333333
 10
165.12116666666665
 20
247.0785
 10
165.1
 20
247.142
 10
165.07883333333334
 20
247.2055
 10
165.05766666666665
 20
247.269
 10
165.01533333333333
 20
247.33249999999998
 10
165.01533333333333
 20
247.37483333333333
 10
164.93066666666667
 20
247.54416666666665
 10
164.88833333333332
 20
247.5865
 10
164.846
 20
247.65
 10
164.80366666666666
 20
247.73466666666667
 10
164.80366666666666
 20
247.777
 10
164.74016666666665
 20
247.88283333333334
 10
164.719
 20
247.9463333333333
 10
164.719
 20
248.031
 10
164.67666666666665
 20
248.09449999999998
 10
164.67666666666665
 20
248.13683333333333
 10
164.63433333333333
 20
248.2215
 10
164.59199999999998
 20
248.285
 10
164.5285
 20
248.36966666666666
 10
164.465
 20
248.43316666666666
 10
164.44383333333332
 20
248.49666666666667
 10
164.4015
 20
248.56016666666665
 10
164.29566666666665
 20
248.666
 10
164.25333333333333
 20
248.7295
 10
164.21099999999998
 20
248.793
 10
164.16866666666667
 20
248.89883333333333
 10
164.10516666666666
 20
248.9835
 10
163.957
 20
249.1105
 10
163.7665
 20
249.34333333333333
 10
163.47016666666667
 20
249.66083333333333
 10
163.40666666666667
 20
249.72433333333333
 10
163.34316666666666
 20
249.76666666666665
 10
163.27966666666666
 20
249.809
 10
163.23733333333334
 20
249.809
 10
163.15266666666668
 20
249.85133333333332
 10
162.941
 20
250.063
 10
162.8775
 20
250.10533333333333
 10
162.814
 20
250.14766666666665
 10
162.66583333333332
 20
250.21116666666666
 10
162.60233333333332
 20
250.2535
 10
162.53883333333332
 20
250.31699999999998
 10
162.47533333333334
 20
250.33816666666667
 10
162.41183333333333
 20
250.40166666666667
 10
162.34833333333333
 20
250.444
 10
162.30599999999998
 20
250.46516666666665
 10
162.22133333333332
 20
250.48633333333333
 10
162.15783333333331
 20
250.48633333333333
 10
162.00966666666667
 20
250.571
 10
161.96733333333333
 20
250.571
 10
161.90383333333332
 20
250.59216666666666
 10
161.798
 20
250.65566666666666
 10
161.75566666666666
 20
250.65566666666666
 10
161.64983333333333
 20
250.71916666666667
 10
161.58633333333333
 20
250.74033333333333
 10
161.52283333333332
 20
250.76149999999998
 10
161.45933333333332
 20
250.78266666666667
 10
161.39583333333334
 20
250.80383333333333
 10
161.33233333333334
 20
250.825
 10
161.26883333333333
 20
250.84616666666665
 10
161.20533333333333
 20
250.84616666666665
 10
161.14183333333332
 20
250.86733333333333
 10
161.07833333333332
 20
250.90966666666665
 10
161.01483333333334
 20
250.93083333333334
 10
160.95133333333334
 20
250.952
 10
160.8455
 20
250.97316666666666
 10
160.76083333333332
 20
250.99433333333332
 10
160.69733333333332
 20
251.0155
 10
160.57033333333334
 20
251.03666666666666
 10
160.42216666666667
 20
251.03666666666666
 10
160.3375
 20
251.07899999999998
 10
160.274
 20
251.10016666666667
 10
159.893
 20
251.07899999999998
 10
159.63899999999998
 20
251.07899999999998
 10
159.42733333333334
 20
251.12133333333333
  0
LWPOLYLINE
  5
73
330
17
100
AcDbEntity
  8
0
100
AcDbPolyline
 90
84
 70
1
 10
79.58666666666666
 20
244.68666666666667
 10
80.00999999999999
 20
244.68666666666667
 10
80.11583333333333
 20
244.66549999999998
 10
80.17933333333333
 20
244.64433333333332
 10
80.24283333333334
 20
244.62316666666666
 10
80.30633333333333
 20
244.602
 10
80.36983333333333
 20
244.58083333333332
 10
80.43333333333334
 20
244.55966666666666
 10
80.56033333333333
 20
244.49616666666665
 10
80.645
 20
244.43266666666665
 10
80.72966666666666
 20
244.36916666666667
 10
80.79316666666666
 20
244.32683333333333
 10
80.96249999999999
 20
244.1575
 10
81.026
 20
244.07283333333334
 10
81.06833333333333
 20
244.00933333333333
 10
81.11066666666666
 20
243.94583333333333
 10
81.15299999999999
 20
243.88233333333332
 10
81.17416666666666
 20
243.84
 10
81.17416666666666
 20
243.79766666666666
 10
81.23766666666667
 20
243.69183333333334
 10
81.25883333333333
 20
243.62833333333333
 10
81.28
 20
243.56483333333333
 10
81.30116666666666
 20
243.50133333333332
 10
81.32233333333333
 20
243.43783333333332
 10
81.34349999999999
 20
243.35316666666665
 10
81.36466666666666
 20
243.16266666666667
 10
81.36466666666666
 20
243.0145
 10
81.34349999999999
 20
242.78166666666667
 10
81.32233333333333
 20
242.697
 10
81.30116666666666
 20
242.59116666666665
 10
81.2165
 20
242.44299999999998
 10
81.2165
 20
242.33716666666666
 10
81.19533333333334
 20
242.27366666666666
 10
81.17416666666666
 20
242.23133333333334
 10
80.85666666666667
 20
241.91383333333332
 10
80.79316666666666
 20
241.8715
 10
80.72966666666666
 20
241.85033333333334
 10
80.68733333333333
 20
241.808
 10
80.62383333333334
 20
241.76566666666665
 10
80.36983333333333
 20
241.63866666666667
 10
80.28516666666667
 20
241.63866666666667
 10
80.20049999999999
 20
241.59633333333332
 10
79.98883333333333
 20
241.59633333333332
 10
79.883
 20
241.554
 10
79.81949999999999
 20
241.554
 10
79.58666666666666
 20
241.57516666666666
 10
79.48083333333334
 20
241.59633333333332
 10
79.41733333333333
 20
241.6175
 10
79.33266666666667
 20
241.65983333333332
 10
79.29033333333334
 20
241.70216666666667
 10
79.0575
 20
241.808
 10
78.994
 20
241.85033333333334
 10
78.9305
 20
241.89266666666666
 10
78.78233333333333
 20
242.04083333333332
 10
78.71883333333334
 20
242.06199999999998
 10
78.63416666666666
 20
242.08316666666667
 10
78.613
 20
242.1255
 10
78.613
 20
242.16783333333333
 10
78.57066666666667
 20
242.21016666666665
 10
78.52833333333334
 20
242.29483333333332
 10
78.52833333333334
 20
242.3795
 10
78.50716666666666
 20
242.42183333333332
 10
78.46483333333333
 20
242.48533333333333
 10
78.38016666666667
 20
242.57
 10
78.359
 20
242.76049999999998
 10
78.33783333333334
 20
242.92983333333333
 10
78.31666666666666
 20
243.20499999999998
 10
78.31666666666666
 20
243.48016666666666
 10
78.38016666666667
 20
243.58599999999998
 10
78.38016666666667
 20
243.67066666666665
 10
78.40133333333333
 20
243.73416666666665
 10
78.44366666666666
 20
243.81883333333332
 10
78.486
 20
243.88233333333332
 10
78.52833333333334
 20
243.92466666666667
 10
78.5495
 20
243.98816666666667
 10
78.613
 20
244.07283333333334
 10
78.90933333333334
 20
244.36916666666667
 10
79.0575
 20
244.49616666666665
 10
79.1845
 20
244.55966666666666
 10
79.248
 20
244.58083333333332
 10
79.29033333333334
 20
244.58083333333332
 10
79.35383333333333
 20
244.62316666666666
 10
79.41733333333333
 20
244.64433333333332
 10
79.502
 20
244.66549999999998
  0
LWPOLYLINE
  5
74
330
17
100
AcDbEntity
  8
0
100
AcDbPolyline
 90
103
 70
1
 10
111.29433333333333
 20
245.57566666666665
 10
111.59066666666666
 20
245.57566666666665
 10
111.65416666666667
 20
245.5545
 10
111.6965
 20
245.53333333333333
 10
111.8235
 20
245.40633333333332
 10
111.84466666666667
 20
245.34283333333332
 10
111.86583333333333
 20
245.25816666666665
 10
111.84466666666667
 20
245.1735
 10
111.84466666666667
 20
245.13116666666667
 10
111.887
 20
245.02533333333332
 10
111.887
 20
244.94066666666666
 10
111.84466666666667
 20
244.81366666666665
 10
111.84466666666667
 20
244.55966666666666
 10
111.887
 20
244.4115
 10
111.887
 20
244.1575
 10
111.84466666666667
 20
244.0305
 10
111.86583333333333
 20
243.94583333333333
 10
111.90816666666666
 20
243.86116666666666
 10
111.92933333333333
 20
243.73416666666665
 10
111.92933333333333
 20
243.52249999999998
 10
111.887
 20
243.43783333333332
 10
111.887
 20
242.951
 10
111.887
 20
242.8875
 10
111.90816666666666
 20
242.78166666666667
 10
111.90816666666666
 20
242.59116666666665
 10
111.84466666666667
 20
242.52766666666665
 10
111.80233333333334
 20
242.5065
 10
111.73883333333333
 20
242.48533333333333
 10
111.61183333333334
 20
242.48533333333333
 10
111.48483333333333
 20
242.44299999999998
 10
110.70166666666667
 20
242.44299999999998
 10
110.21483333333333
 20
242.42183333333332
 10
110.02433333333333
 20
242.3795
 10
109.855
 20
242.35833333333332
 10
109.7915
 20
242.35833333333332
 10
109.70683333333334
 20
242.3795
 10
109.13533333333334
 20
242.35833333333332
 10
108.73316666666666
 20
242.316
 10
108.585
 20
242.316
 10
108.37333333333333
 20
242.33716666666666
 10
107.99233333333333
 20
242.33716666666666
 10
107.92883333333333
 20
242.33716666666666
 10
107.59016666666666
 20
242.316
 10
107.27266666666667
 20
242.29483333333332
 10
107.188
 20
242.2525
 10
107.10333333333332
 20
242.2525
 10
106.84933333333333
 20
242.29483333333332
 10
106.46833333333333
 20
242.316
 10
105.62166666666667
 20
242.316
 10
105.43116666666667
 20
242.29483333333332
 10
105.32533333333333
 20
242.2525
 10
105.2195
 20
242.23133333333334
 10
104.66916666666667
 20
242.21016666666665
 10
103.9495
 20
242.23133333333334
 10
103.78016666666666
 20
242.23133333333334
 10
103.52616666666667
 20
242.21016666666665
 10
103.42033333333333
 20
242.23133333333334
 10
103.35683333333333
 20
242.23133333333334
 10
103.22983333333333
 20
242.21016666666665
 10
102.997
 20
242.189
 10
101.76933333333334
 20
242.189
 10
101.727
 20
242.21016666666665
 10
101.64233333333333
 20
242.29483333333332
 10
101.62116666666667
 20
242.35833333333332
 10
101.62116666666667
 20
242.52766666666665
 10
101.57883333333334
 20
242.6335
 10
101.55766666666666
 20
242.73933333333332
 10
101.57883333333334
 20
242.951
 10
101.57883333333334
 20
243.05683333333332
 10
101.5365
 20
243.18383333333333
 10
101.5365
 20
243.28966666666665
 10
101.55766666666666
 20
243.459
 10
101.51533333333333
 20
243.56483333333333
 10
101.51533333333333
 20
243.62833333333333
 10
101.55766666666666
 20
243.7765
 10
101.55766666666666
 20
244.28449999999998
 10
101.51533333333333
 20
244.5385
 10
101.49416666666666
 20
244.89833333333334
 10
101.49416666666666
 20
245.13116666666667
 10
101.5365
 20
245.21583333333334
 10
101.57883333333334
 20
245.25816666666665
 10
101.64233333333333
 20
245.2793333333333
 10
102.91233333333334
 20
245.2793333333333
 10
103.82249999999999
 20
245.32166666666666
 10
104.01299999999999
 20
245.3005
 10
104.09766666666667
 20
245.3005
 10
105.00783333333332
 20
245.32166666666666
 10
105.64283333333333
 20
245.34283333333332
 10
106.12966666666667
 20
245.364
 10
106.27783333333333
 20
245.40633333333332
 10
107.7595
 20
245.40633333333332
 10
108.0135
 20
245.44866666666667
 10
108.28866666666666
 20
245.42749999999998
 10
108.47916666666666
 20
245.42749999999998
 10
108.966
 20
245.46983333333333
 10
109.00833333333333
 20
245.46983333333333
 10
109.1565
 20
245.44866666666667
 10
109.32583333333334
 20
245.49099999999999
 10
109.51633333333334
 20
245.51216666666667
 10
110.53233333333333
 20
245.51216666666667
 10
110.82866666666666
 20
245.5545
 10
110.9345
 20
245.5545
 10
111.18849999999999
 20
245.53333333333333
  0
LWPOLYLINE
  5
75
330
17
100
AcDbEntity
  8
0
100
AcDbPolyline
 90
94
 70
1
 10
116.459
 20
245.6815
 10
116.967
 20
245.6815
 10
117.05166666666666
 20
245.6603333333333
 10
117.11516666666667
 20
245.63916666666665
 10
117.32683333333333
 20
245.53333333333333
 10
117.39033333333333
 20
245.49099999999999
 10
117.475
 20
245.42749999999998
 10
117.58083333333333
 20
245.34283333333332
 10
117.6655
 20
245.2793333333333
 10
117.729
 20
245.21583333333334
 10
117.77133333333333
 20
245.15233333333333
 10
117.81366666666666
 20
245.06766666666667
 10
117.96183333333333
 20
244.9195
 10
118.0465
 20
244.81366666666665
 10
118.13116666666666
 20
244.70783333333333
 10
118.13116666666666
 20
244.45383333333334
 10
118.15233333333333
 20
244.36916666666667
 10
118.19466666666666
 20
244.30566666666667
 10
118.21583333333334
 20
244.24216666666666
 10
118.21583333333334
 20
244.19983333333332
 10
118.19466666666666
 20
244.13633333333334
 10
118.15233333333333
 20
244.094
 10
118.15233333333333
 20
244.00933333333333
 10
118.19466666666666
 20
243.94583333333333
 10
118.19466666666666
 20
243.86116666666666
 10
118.15233333333333
 20
243.7765
 10
118.06766666666667
 20
243.69183333333334
 10
118.00416666666666
 20
243.56483333333333
 10
118.00416666666666
 20
243.50133333333332
 10
117.96183333333333
 20
243.41666666666666
 10
117.89833333333333
 20
243.35316666666665
 10
117.856
 20
243.28966666666665
 10
117.856
 20
243.24733333333333
 10
117.83483333333334
 20
243.20499999999998
 10
117.79249999999999
 20
243.16266666666667
 10
117.77133333333333
 20
243.09916666666666
 10
117.729
 20
243.05683333333332
 10
117.70783333333333
 20
242.99333333333334
 10
117.6655
 20
242.951
 10
117.60199999999999
 20
242.90866666666665
 10
117.5385
 20
242.8875
 10
117.45383333333334
 20
242.80283333333333
 10
117.36916666666666
 20
242.76049999999998
 10
117.32683333333333
 20
242.76049999999998
 10
117.221
 20
242.697
 10
117.13633333333333
 20
242.67583333333332
 10
117.05166666666666
 20
242.65466666666666
 10
116.92466666666667
 20
242.6335
 10
116.6495
 20
242.61233333333334
 10
116.54366666666667
 20
242.61233333333334
 10
116.35316666666667
 20
242.6335
 10
116.24733333333333
 20
242.67583333333332
 10
116.1415
 20
242.67583333333332
 10
116.03566666666666
 20
242.697
 10
115.99333333333333
 20
242.71816666666666
 10
115.90866666666666
 20
242.80283333333333
 10
115.86633333333333
 20
242.82399999999998
 10
115.80283333333333
 20
242.84516666666667
 10
115.7605
 20
242.84516666666667
 10
115.71816666666666
 20
242.86633333333333
 10
115.67583333333333
 20
242.90866666666665
 10
115.61233333333332
 20
242.92983333333333
 10
115.52766666666666
 20
242.99333333333334
 10
115.40066666666667
 20
243.12033333333332
 10
115.35833333333333
 20
243.18383333333333
 10
115.33716666666666
 20
243.24733333333333
 10
115.29483333333333
 20
243.31083333333333
 10
115.189
 20
243.41666666666666
 10
115.10433333333333
 20
243.58599999999998
 10
115.08316666666666
 20
243.6495
 10
115.062
 20
243.75533333333334
 10
115.062
 20
244.26333333333332
 10
115.08316666666666
 20
244.43266666666665
 10
115.10433333333333
 20
244.49616666666665
 10
115.14666666666666
 20
244.55966666666666
 10
115.14666666666666
 20
244.62316666666666
 10
115.16783333333333
 20
244.70783333333333
 10
115.189
 20
244.77133333333333
 10
115.23133333333332
 20
244.856
 10
115.27366666666666
 20
244.9195
 10
115.35833333333333
 20
245.00416666666666
 10
115.40066666666667
 20
245.08883333333333
 10
115.46416666666666
 20
245.1735
 10
115.61233333333332
 20
245.32166666666666
 10
115.697
 20
245.38516666666666
 10
115.7605
 20
245.42749999999998
 10
115.84516666666666
 20
245.49099999999999
 10
115.8875
 20
245.51216666666667
 10
115.951
 20
245.53333333333333
 10
115.99333333333333
 20
245.53333333333333
 10
116.09916666666666
 20
245.59683333333334
 10
116.16266666666667
 20
245.618
 10
116.22616666666666
 20
245.63916666666665
 10
116.35316666666667
 20
245.6603333333333
  0
LWPOLYLINE
  5
76
330
17
100
AcDbEntity
  8
0
100
AcDbPolyline
 90
57
 70
1
 10
143.29833333333332
 20
246.46466666666666
 10
143.40416666666667
 20
246.46466666666666
 10
143.48883333333333
 20
246.4435
 10
143.5735
 20
246.40116666666665
 10
143.637
 20
246.33766666666665
 10
143.65816666666666
 20
246.29533333333333
 10
143.67933333333332
 20
245.618
 10
143.67933333333332
 20
245.44866666666667
 10
143.65816666666666
 20
245.237
 10
143.67933333333332
 20
244.51733333333334
 10
143.72166666666666
 20
244.39033333333333
 10
143.74283333333332
 20
244.26333333333332
 10
143.74283333333332
 20
244.19983333333332
 10
143.7005
 20
244.094
 10
143.7005
 20
243.94583333333333
 10
143.74283333333332
 20
243.73416666666665
 10
143.74283333333332
 20
243.52249999999998
 10
143.72166666666666
 20
243.48016666666666
 10
143.65816666666666
 20
243.41666666666666
 10
143.59466666666665
 20
243.3955
 10
143.15016666666665
 20
243.37433333333334
 10
142.34583333333333
 20
243.37433333333334
 10
142.15533333333332
 20
243.332
 10
142.0495
 20
243.332
 10
141.81666666666666
 20
243.35316666666665
 10
140.75833333333333
 20
243.332
 10
140.67366666666666
 20
243.28966666666665
 10
140.61016666666666
 20
243.2685
 10
140.5255
 20
243.28966666666665
 10
140.48316666666668
 20
243.28966666666665
 10
140.12333333333333
 20
243.2685
 10
139.34016666666668
 20
243.28966666666665
 10
138.15483333333333
 20
243.2685
 10
138.02783333333332
 20
243.22616666666667
 10
137.71033333333332
 20
243.22616666666667
 10
137.62566666666666
 20
243.24733333333333
 10
137.58333333333334
 20
243.2685
 10
137.51983333333334
 20
243.332
 10
137.49866666666665
 20
243.37433333333334
 10
137.4775
 20
243.60716666666667
 10
137.45633333333333
 20
244.05166666666665
 10
137.43516666666667
 20
244.72899999999998
 10
137.414
 20
245.80849999999998
 10
137.414
 20
246.126
 10
137.45633333333333
 20
246.21066666666667
 10
137.49866666666665
 20
246.253
 10
137.541
 20
246.27416666666667
 10
137.62566666666666
 20
246.29533333333333
 10
138.59933333333333
 20
246.3165
 10
138.811
 20
246.29533333333333
 10
138.95916666666668
 20
246.29533333333333
 10
139.78466666666665
 20
246.3165
 10
140.31383333333332
 20
246.35883333333334
 10
140.9065
 20
246.38
 10
142.40933333333334
 20
246.38
 10
143.04433333333333
 20
246.40116666666665
 10
143.1925
 20
246.4223333333333
  0
LWPOLYLINE
  5
77
330
17
100
AcDbEntity
  8
0
100
AcDbPolyline
 90
85
 70
1
 10
159.40616666666665
 20
246.95149999999998
 10
159.66016666666667
 20
246.95149999999998
 10
159.74483333333333
 20
246.93033333333332
 10
159.85066666666665
 20
246.888
 10
159.97766666666666
 20
246.888
 10
160.04116666666667
 20
246.86683333333332
 10
160.10466666666667
 20
246.8245
 10
160.147
 20
246.8245
 10
160.23166666666665
 20
246.78216666666665
 10
160.274
 20
246.73983333333334
 10
160.3375
 20
246.71866666666665
 10
160.44333333333333
 20
246.634
 10
160.50683333333333
 20
246.57049999999998
 10
160.78199999999998
 20
246.27416666666667
 10
160.8455
 20
246.18949999999998
 10
160.88783333333333
 20
246.126
 10
160.909
 20
246.08366666666666
 10
160.909
 20
246.0413333333333
 10
160.95133333333334
 20
245.97783333333334
 10
160.95133333333334
 20
245.9355
 10
160.99366666666666
 20
245.87199999999999
 10
161.01483333333334
 20
245.78733333333332
 10
161.036
 20
245.70266666666666
 10
161.05716666666666
 20
245.5545
 10
161.05716666666666
 20
245.15233333333333
 10
161.036
 20
245.02533333333332
 10
161.01483333333334
 20
244.94066666666666
 10
160.9725
 20
244.856
 10
160.9725
 20
244.75016666666667
 10
160.95133333333334
 20
244.68666666666667
 10
160.909
 20
244.602
 10
160.86666666666667
 20
244.5385
 10
160.82433333333333
 20
244.475
 10
160.76083333333332
 20
244.39033333333333
 10
160.4645
 20
244.094
 10
160.2105
 20
243.96699999999998
 10
160.16816666666665
 20
243.96699999999998
 10
160.10466666666667
 20
243.92466666666667
 10
160.06233333333333
 20
243.92466666666667
 10
159.99883333333332
 20
243.88233333333332
 10
159.91416666666666
 20
243.86116666666666
 10
159.74483333333333
 20
243.84
 10
159.59666666666666
 20
243.81883333333332
 10
159.4485
 20
243.81883333333332
 10
159.30033333333333
 20
243.84
 10
159.17333333333332
 20
243.86116666666666
 10
159.08866666666665
 20
243.88233333333332
 10
159.02516666666665
 20
243.90349999999998
 10
158.96166666666667
 20
243.94583333333333
 10
158.91933333333333
 20
243.94583333333333
 10
158.85583333333332
 20
243.96699999999998
 10
158.79233333333332
 20
243.98816666666667
 10
158.75
 20
244.00933333333333
 10
158.6865
 20
244.05166666666665
 10
158.45366666666666
 20
244.28449999999998
 10
158.45366666666666
 20
244.34799999999998
 10
158.41133333333332
 20
244.43266666666665
 10
158.3055
 20
244.5385
 10
158.242
 20
244.62316666666666
 10
158.19966666666667
 20
244.68666666666667
 10
158.13616666666667
 20
244.81366666666665
 10
158.115
 20
244.89833333333334
 10
158.09383333333332
 20
244.96183333333332
 10
158.07266666666666
 20
245.02533333333332
 10
158.0515
 20
245.10999999999999
 10
158.03033333333332
 20
245.3005
 10
158.03033333333332
 20
245.53333333333333
 10
158.0515
 20
245.6603333333333
 10
158.07266666666666
 20
245.745
 10
158.09383333333332
 20
245.80849999999998
 10
158.115
 20
245.87199999999999
 10
158.13616666666667
 20
245.9355
 10
158.17849999999999
 20
245.999
 10
158.17849999999999
 20
246.0413333333333
 10
158.22083333333333
 20
246.126
 10
158.26316666666665
 20
246.18949999999998
 10
158.32666666666665
 20
246.27416666666667
 10
158.72883333333334
 20
246.6975
 10
158.77116666666666
 20
246.73983333333334
 10
158.83466666666666
 20
246.78216666666665
 10
158.96166666666667
 20
246.84566666666666
 10
159.02516666666665
 20
246.86683333333332
 10
159.08866666666665
 20
246.888
 10
159.1945
 20
246.90916666666666
 10
159.30033333333333
 20
246.93033333333332
  0
LWPOLYLINE
  5
78
330
17
100
AcDbEntity
  8
0
100
AcDbPolyline
 90
160
 70
1
 10
0.0
 20
296.84133333333335
 10
0.0
 20
247.8405
 10
0.08466666666666667
 20
247.92516666666666
 10
0.127
 20
248.00983333333332
 10
0.14816666666666667
 20
248.11566666666667
 10
0.14816666666666667
 20
248.17916666666665
 10
0.127
 20
248.24266666666665
 10
0.0635
 20
248.3485
 10
0.0635
 20
248.412
 10
0.08466666666666667
 20
248.56016666666665
 10
0.10583333333333333
 20
248.666
 10
0.14816666666666667
 20
248.77183333333332
 10
0.16933333333333334
 20
248.87766666666667
 10
0.16933333333333334
 20
249.08933333333331
 10
0.127
 20
249.23749999999998
 10
0.10583333333333333
 20
249.51266666666666
 10
0.127
 20
249.555
 10
0.16933333333333334
 20
249.63966666666667
 10
0.1905
 20
249.682
 10
0.1905
 20
249.97833333333332
 10
0.16933333333333334
 20
250.2535
 10
0.127
 20
250.33816666666667
 10
0.127
 20
250.38049999999998
 10
0.14816666666666667
 20
250.52866666666665
 10
0.127
 20
250.571
 10
0.08466666666666667
 20
250.61333333333332
 10
0.0635
 20
250.65566666666666
 10
0.0635
 20
250.97316666666666
 10
0.10583333333333333
 20
251.07899999999998
 10
0.10583333333333333
 20
251.50233333333333
 10
0.14816666666666667
 20
251.60816666666665
 10
0.16933333333333334
 20
251.75633333333332
 10
0.16933333333333334
 20
251.86216666666667
 10
0.127
 20
252.51833333333332
 10
0.127
 20
252.66649999999998
 10
0.14816666666666667
 20
254.91016666666667
 10
0.10583333333333333
 20
255.35466666666665
 10
0.10583333333333333
 20
255.54516666666666
 10
0.10583333333333333
 20
255.79916666666665
 10
0.10583333333333333
 20
255.8415
 10
0.14816666666666667
 20
255.9685
 10
0.14816666666666667
 20
256.05316666666664
 10
0.10583333333333333
 20
256.22249999999997
 10
0.10583333333333333
 20
256.286
 10
0.14816666666666667
 20
256.54
 10
0.14816666666666667
 20
256.94216666666665
 10
0.127
 20
257.0056666666667
 10
0.10583333333333333
 20
257.06916666666666
 10
0.08466666666666667
 20
257.13266666666664
 10
0.021166666666666667
 20
257.2385
 10
0.021166666666666667
 20
257.2808333333333
 10
0.0635
 20
257.34433333333334
 10
0.08466666666666667
 20
257.4078333333333
 10
0.08466666666666667
 20
257.6195
 10
0.127
 20
257.70416666666665
 10
0.10583333333333333
 20
259.63033333333334
 10
0.127
 20
260.096
 10
0.127
 20
260.2865
 10
0.08466666666666667
 20
260.56166666666667
 10
0.08466666666666667
 20
260.62516666666664
 10
0.127
 20
260.731
 10
0.127
 20
260.8156666666667
 10
0.0635
 20
260.9215
 10
0.0635
 20
261.0061666666667
 10
0.127
 20
261.11199999999997
 10
0.14816666666666667
 20
261.366
 10
0.14816666666666667
 20
262.02216666666664
 10
0.10583333333333333
 20
262.55133333333333
 10
0.10583333333333333
 20
262.59366666666665
 10
0.127
 20
263.144
 10
0.10583333333333333
 20
263.22866666666664
 10
0.0635
 20
263.2921666666667
 10
0.0635
 20
263.35566666666665
 10
0.08466666666666667
 20
263.4191666666667
 10
0.127
 20
263.48266666666666
 10
0.127
 20
263.652
 10
0.08466666666666667
 20
263.7366666666667
 10
0.08466666666666667
 20
263.8213333333333
 10
0.127
 20
263.9483333333333
 10
0.127
 20
264.96433333333334
 10
0.127
 20
266.2555
 10
0.127
 20
267.03866666666664
 10
0.10583333333333333
 20
267.5043333333333
 10
0.0635
 20
267.61016666666666
 10
0.0635
 20
267.6525
 10
0.10583333333333333
 20
267.73716666666667
 10
0.10583333333333333
 20
269.00716666666665
 10
0.08466666666666667
 20
269.09183333333334
 10
0.0635
 20
269.13416666666666
 10
0.021166666666666667
 20
269.1765
 10
0.021166666666666667
 20
269.21883333333335
 10
0.08466666666666667
 20
269.32466666666664
 10
0.10583333333333333
 20
269.40933333333334
 10
0.10583333333333333
 20
269.85383333333334
 10
0.08466666666666667
 20
269.9173333333333
 10
0.042333333333333334
 20
269.95966666666664
 10
0.042333333333333334
 20
270.02316666666667
 10
0.10583333333333333
 20
270.129
 10
0.08466666666666667
 20
271.50483333333335
 10
0.08466666666666667
 20
271.69533333333334
 10
0.08466666666666667
 20
272.56316666666663
 10
0.08466666666666667
 20
272.6055
 10
0.08466666666666667
 20
272.90183333333334
 10
0.08466666666666667
 20
273.09233333333333
 10
0.08466666666666667
 20
277.4526666666667
 10
0.10583333333333333
 20
277.5373333333333
 10
0.10583333333333333
 20
277.57966666666664
 10
0.08466666666666667
 20
277.6431666666667
 10
0.10583333333333333
 20
277.83366666666666
 10
0.0635
 20
278.1723333333333
 10
0.0635
 20
278.27816666666666
 10
0.10583333333333333
 20
278.384
 10
0.08466666666666667
 20
278.8285
 10
0.08466666666666667
 20
279.0613333333333
 10
0.10583333333333333
 20
279.6963333333333
 10
0.08466666666666667
 20
280.543
 10
0.042333333333333334
 20
280.62766666666664
 10
0.042333333333333334
 20
280.71233333333333
 10
0.08466666666666667
 20
280.79699999999997
 10
0.10583333333333333
 20
280.9875
 10
0.10583333333333333
 20
281.1356666666667
 10
0.10583333333333333
 20
281.7495
 10
0.08466666666666667
 20
281.9823333333333
 10
0.08466666666666667
 20
282.067
 10
0.10583333333333333
 20
282.27866666666665
 10
0.10583333333333333
 20
286.0675
 10
0.08466666666666667
 20
286.512
 10
0.08466666666666667
 20
286.5543333333333
 10
0.10583333333333333
 20
287.1893333333333
 10
0.0635
 20
287.7608333333333
 10
0.0635
 20
287.8243333333333
 10
0.10583333333333333
 20
288.163
 10
0.127
 20
289.20016666666663
 10
0.127
 20
289.26366666666667
 10
0.10583333333333333
 20
289.41183333333333
 10
0.127
 20
289.56
 10
0.08466666666666667
 20
289.81399999999996
 10
0.08466666666666667
 20
289.85633333333334
 10
0.08466666666666667
 20
290.5548333333333
 10
0.08466666666666667
 20
290.703
 10
0.08466666666666667
 20
291.6343333333333
 10
0.08466666666666667
 20
291.6766666666667
 10
0.08466666666666667
 20
293.26416666666665
 10
0.08466666666666667
 20
293.30649999999997
 10
0.10583333333333333
 20
293.66633333333334
 10
0.08466666666666667
 20
293.77216666666664
 10
0.0635
 20
293.83566666666667
 10
0.0635
 20
293.89916666666664
 10
0.08466666666666667
 20
293.9626666666667
 10
0.10583333333333333
 20
294.08966666666663
 10
0.10583333333333333
 20
294.3648333333333
 10
0.127
 20
294.513
 10
0.16933333333333334
 20
294.6188333333333
 10
0.1905
 20
294.78816666666665
 10
0.21166666666666667
 20
295.021
 10
0.23283333333333334
 20
295.2538333333333
 10
0.254
 20
296.18516666666665
 10
0.254
 20
296.58733333333333
 10
0.21166666666666667
 20
296.7355
 10
0.21166666666666667
 20
296.84133333333335
  0
ENDSEC
  0
SECTION
  2
OBJECTS
  0
DICTIONARY
  5
A
330
0
100
AcDbDictionary
281
1
  3
ACAD_COLOR
350
B
  3
ACAD_GROUP
350
C
  3
ACAD_LAYOUT
350
D
  3
ACAD_MATERIAL
350
E
  3
ACAD_MLEADERSTYLE
350
F
  3
ACAD_MLINESTYLE
350
10
  3
ACAD_PLOTSETTINGS
350
11
  3
ACAD_PLOTSTYLENAME
350
12
  3
ACAD_SCALELIST
350
14
  3
ACAD_TABLESTYLE
350
15
  3
ACAD_VISUALSTYLE
350
16
  3
EZDXF_META
350
2D
  0
DICTIONARY
  5
B
330
A
100
AcDbDictionary
281
1
  0
DICTIONARY
  5
C
330
A
100
AcDbDictionary
281
1
  0
DICTIONARY
  5
D
330
A
100
AcDbDictionary
281
1
  3
Model
350
1A
  3
Layout1
350
1E
  0
DICTIONARY
  5
E
330
A
100
AcDbDictionary
281
1
  3
ByBlock
350
1F
  3
ByLayer
350
20
  3
Global
350
21
  0
DICTIONARY
  5
F
330
A
100
AcDbDictionary
281
1
  3
Standard
350
2C
  0
DICTIONARY
  5
10
330
A
100
AcDbDictionary
281
1
  3
Standard
350
22
  0
DICTIONARY
  5
11
330
A
100
AcDbDictionary
281
1
  0
ACDBDICTIONARYWDFLT
  5
12
330
A
100
AcDbDictionary
281
1
  3
Normal
350
13
100
AcDbDictionaryWithDefault
340
13
  0
ACDBPLACEHOLDER
  5
13
330
12
  0
DICTIONARY
  5
14
330
A
100
AcDbDictionary
281
1
  0
DICTIONARY
  5
15
330
A
100
AcDbDictionary
281
1
  0
DICTIONARY
  5
16
330
A
100
AcDbDictionary
281
1
  0
LAYOUT
  5
1A
330
D
100
AcDbPlotSettings
  1

  4
A3
  6

 40
7.5
 41
20.0
 42
7.5
 43
20.0
 44
420.0
 45
297.0
 46
0.0
 47
0.0
 48
0.0
 49
0.0
140
0.0
141
0.0
142
1.0
143
1.0
 70
1024
 72
1
 73
0
 74
5
  7

 75
16
 76
0
 77
2
 78
300
147
1.0
148
0.0
149
0.0
100
AcDbLayout
  1
Model
 70
1
 71
0
 10
0.0
 20
0.0
 11
420.0
 21
297.0
 12
0.0
 22
0.0
 32
0.0
 14
1e+20
 24
1e+20
 34
1e+20
 15
-1e+20
 25
-1e+20
 35
-1e+20
146
0.0
 13
0.0
 23
0.0
 33
0.0
 16
1.0
 26
0.0
 36
0.0
 17
0.0
 27
1.0
 37
0.0
 76
1
330
17
  0
LAYOUT
  5
1E
330
D
100
AcDbPlotSettings
  1

  4
A3
  6

 40
7.5
 41
20.0
 42
7.5
 43
20.0
 44
420.0
 45
297.0
 46
0.0
 47
0.0
 48
0.0
 49
0.0
140
0.0
141
0.0
142
1.0
143
1.0
 70
0
 72
1
 73
0
 74
5
  7

 75
16
 76
0
 77
2
 78
300
147
1.0
148
0.0
149
0.0
100
AcDbLayout
  1
Layout1
 70
1
 71
1
 10
0.0
 20
0.0
 11
420.0
 21
297.0
 12
0.0
 22
0.0
 32
0.0
 14
1e+20
 24
1e+20
 34
1e+20
 15
-1e+20
 25
-1e+20
 35
-1e+20
146
0.0
 13
0.0
 23
0.0
 33
0.0
 16
1.0
 26
0.0
 36
0.0
 17
0.0
 27
1.0
 37
0.0
 76
1
330
1B
  0
MATERIAL
  5
1F
102
{ACAD_REACTORS
330
E
102
}
330
E
100
AcDbMaterial
  1
ByBlock
  2

 70
0
 40
1.0
 71
1
 41
1.0
 91
-1023410177
 42
1.0
 72
1
  3

 73
1
 74
1
 75
1
 44
0.5
 73
0
 45
1.0
 46
1.0
 77
1
  4

 78
1
 79
1
170
1
 48
1.0
171
1
  6

172
1
173
1
174
1
140
1.0
141
1.0
175
1
  7

176
1
177
1
178
1
143
1.0
179
1
  8

270
1
271
1
272
1
145
1.0
146
1.0
273
1
  9

274
1
275
1
276
1
 42
1.0
 72
1
  3

 73
1
 74
1
 75
1
 94
63
  0
MATERIAL
  5
20
102
{ACAD_REACTORS
330
E
102
}
330
E
100
AcDbMaterial
  1
ByLayer
  2

 70
0
 40
1.0
 71
1
 41
1.0
 91
-1023410177
 42
1.0
 72
1
  3

 73
1
 74
1
 75
1
 44
0.5
 73
0
 45
1.0
 46
1.0
 77
1
  4

 78
1
 79
1
170
1
 48
1.0
171
1
  6

172
1
173
1
174
1
140
1.0
141
1.0
175
1
  7

176
1
177
1
178
1
143
1.0
179
1
  8

270
1
271
1
272
1
145
1.0
146
1.0
273
1
  9

274
1
275
1
276
1
 42
1.0
 72
1
  3

 73
1
 74
1
 75
1
 94
63
  0
MATERIAL
  5
21
102
{ACAD_REACTORS
330
E
102
}
330
E
100
AcDbMaterial
  1
Global
  2

 70
0
 40
1.0
 71
1
 41
1.0
 91
-1023410177
 42
1.0
 72
1
  3

 73
1
 74
1
 75
1
 44
0.5
 73
0
 45
1.0
 46
1.0
 77
1
  4

 78
1
 79
1
170
1
 48
1.0
171
1
  6

172
1
173
1
174
1
140
1.0
141
1.0
175
1
  7

176
1
177
1
178
1
143
1.0
179
1
  8

270
1
271
1
272
1
145
1.0
146
1.0
273
1
  9

274
1
275
1
276
1
 42
1.0
 72
1
  3

 73
1
 74
1
 75
1
 94
63
  0
MLINESTYLE
  5
22
102
{ACAD_REACTORS
330
10
102
}
330
10
100
AcDbMlineStyle
  2
Standard
 70
0
  3

 62
256
 51
90.0
 52
90.0
 71
2
 49
0.5
 62
256
  6
BYLAYER
 49
-0.5
 62
256
  6
BYLAYER
  0
MLEADERSTYLE
  5
2C
102
{ACAD_REACTORS
330
F
102
}
330
F
100
AcDbMLeaderStyle
179
2
170
2
171
1
172
0
 90
2
 40
0.0
 41
0.0
173
1
 91
-1056964608
 92
-2
290
1
 42
2.0
291
1
 43
8.0
  3
Standard
 44
4.0
300

342
29
174
1
175
1
176
0
178
1
 93
-1056964608
 45
4.0
292
0
297
0
 46
4.0
 94
-1056964608
 47
1.0
 49
1.0
140
1.0
294
1
141
0.0
177
0
142
1.0
295
0
296
0
143
3.75
271
0
272
9
273
9
  0
DICTIONARY
  5
2D
330
A
100
AcDbDictionary
280
1
281
1
  3
CREATED_BY_EZDXF
350
2E
  3
WRITTEN_BY_EZDXF
350
7B
  0
DICTIONARYVAR
  5
2E
330
2D
100
DictionaryVariables
280
0
  1
1.4.4 @ 2026-10-08T13:33:22.502972+00:00
  0
DICTIONARYVAR
  5
7B
330
2D
100
DictionaryVariables
280
0
  1
1.4.4 @ 2026-10-08T13:33:22.635506+00:00
  0
ENDSEC
  0
EOF
